# This file uses centimeters as units for non-parametric coordinates.

mtllib shed.mtl
g default
v 7.495361 0.006763 7.010252
v 7.495361 0.006763 7.010252
v 7.495361 0.006763 7.010252
v 8.011006 0.006763 6.494382
v 8.011006 0.006763 6.494382
v 8.011006 0.006763 6.494382
v 8.010986 0.006763 7.010252
v 8.010986 0.006763 7.010252
v 8.010986 0.006763 7.010252
v 7.495381 0.006763 6.494382
v 7.495381 0.006763 6.494382
v 7.495381 0.006763 6.494382
v 7.495361 15.926324 7.010247
v 7.495361 15.926324 7.010247
v 7.495361 15.926324 7.010247
v 7.495381 15.926324 6.494378
v 7.495381 15.926324 6.494378
v 7.495381 15.926324 6.494378
v 8.010986 15.723383 7.010248
v 8.010986 15.723383 7.010248
v 8.010986 15.723383 7.010248
v 8.011006 15.723383 6.494379
v 8.011006 15.723383 6.494379
v 8.011006 15.723383 6.494379
vt 0.973513 0.433097
vt 0.400088 0.433097
vt 0.365959 0.433097
vt 0.005588 0.433097
vt 0.986012 0.433397
vt 0.005588 0.433397
vt 0.973513 0.463231
vt 0.005588 0.463231
vt 0.973513 0.463519
vt 0.986012 0.463519
vt 0.400088 0.463519
vt 0.365959 0.463519
vt 0.046789 0.463519
vt 0.015031 0.463519
vt 0.005588 0.463519
vt 0.005588 0.463519
vt 0.973513 0.463807
vt 0.005588 0.463807
vt 0.986012 0.493641
vt 0.005588 0.493641
vt 0.986012 0.493941
vt 0.046789 0.493941
vt 0.015031 0.493941
vt 0.005588 0.493941
vn 0.366223 0.930527 0.000000
vn 0.366223 0.930527 0.000000
vn 0.366223 0.930527 0.000000
vn 0.366222 0.930527 0.000000
vn 0.366222 0.930527 0.000000
vn 0.366222 0.930527 0.000000
vn -0.000000 0.000000 1.000000
vn -0.000000 0.000000 1.000000
vn -0.000000 0.000000 1.000000
vn -0.000000 0.000000 1.000000
vn -0.000000 0.000000 1.000000
vn -0.000000 0.000000 1.000000
vn 0.000000 -1.000000 0.000000
vn 0.000000 -1.000000 0.000000
vn 0.000000 -1.000000 0.000000
vn 0.000000 -1.000000 0.000000
vn 0.000000 -1.000000 0.000000
vn 0.000000 -1.000000 0.000000
vn -1.000000 -0.000000 -0.000000
vn -1.000000 -0.000000 -0.000000
vn -1.000000 -0.000000 -0.000000
vn -1.000000 -0.000000 -0.000000
vn -1.000000 -0.000000 -0.000000
vn -1.000000 -0.000000 -0.000000
vn 1.000000 0.000000 0.000000
vn 1.000000 0.000000 0.000000
vn 1.000000 0.000000 0.000000
vn 1.000000 0.000000 0.000000
vn 1.000000 0.000000 0.000000
vn 1.000000 0.000000 0.000000
vn 0.000000 0.000000 -1.000000
vn 0.000000 0.000000 -1.000000
vn 0.000000 0.000000 -1.000000
vn 0.000000 -0.000000 -1.000000
vn 0.000000 -0.000000 -1.000000
vn 0.000000 -0.000000 -1.000000
s off
g pasted__GFBXASC045penyanggaFBXASC032depanFBXASC032kiri Shed
usemtl pasted__GFBXASC045penyanggaFBXASC032belakangFBXASC032kiriSG
f 23/3/1 17/2/2 14/11/3
f 23/3/4 14/11/5 20/12/6
f 3/20/7 9/8/8 21/7/9
f 3/20/10 21/7/11 15/19/12
f 2/13/13 11/22/14 5/23/15
f 2/13/16 5/23/17 8/14/18
f 13/10/19 16/21/20 10/24/21
f 13/10/22 10/24/23 1/15/24
f 22/1/25 19/9/26 7/16/27
f 22/1/28 7/16/29 4/4/30
f 12/6/31 18/5/32 24/17/33
f 12/6/34 24/17/35 6/18/36
g default
v 0.152608 2.858603 -0.689535
v 0.152608 2.858603 -0.689535
v 0.152608 2.858603 -0.689535
v 3.816603 2.920027 -0.918772
v 3.816603 2.920027 -0.918772
v 3.816603 2.920027 -0.918772
v 0.152608 2.920027 -0.918772
v 0.152608 2.920027 -0.918772
v 0.152608 2.920027 -0.918772
v 3.816603 2.858603 -0.689535
v 3.816603 2.858603 -0.689535
v 3.816603 2.858603 -0.689535
v 0.152608 1.788831 -0.976179
v 0.152608 1.788831 -0.976179
v 0.152608 1.788831 -0.976179
v 3.816603 1.788831 -0.976181
v 3.816603 1.788831 -0.976181
v 3.816603 1.788831 -0.976181
v 3.816603 1.850254 -1.205416
v 3.816603 1.850254 -1.205416
v 3.816603 1.850254 -1.205416
v 0.152608 1.850255 -1.205416
v 0.152608 1.850255 -1.205416
v 0.152608 1.850255 -1.205416
v 0.152608 3.780348 -0.689535
v 0.152608 3.780348 -0.689535
v 0.152608 3.780348 -0.689535
v 3.816603 3.841772 -0.918772
v 3.816603 3.841772 -0.918772
v 3.816603 3.841772 -0.918772
v 0.152608 3.841772 -0.918772
v 0.152608 3.841772 -0.918772
v 0.152608 3.841772 -0.918772
v 3.816603 3.780348 -0.689535
v 3.816603 3.780348 -0.689535
v 3.816603 3.780348 -0.689535
v 0.152608 2.710576 -0.976179
v 0.152608 2.710576 -0.976179
v 0.152608 2.710576 -0.976179
v 3.816603 2.710575 -0.976181
v 3.816603 2.710575 -0.976181
v 3.816603 2.710575 -0.976181
v 3.816603 2.771999 -1.205416
v 3.816603 2.771999 -1.205416
v 3.816603 2.771999 -1.205416
v 0.152608 2.771999 -1.205416
v 0.152608 2.771999 -1.205416
v 0.152608 2.771999 -1.205416
v 3.816603 3.693744 -1.205416
v 3.816603 3.693744 -1.205416
v 3.816603 3.693744 -1.205416
v 3.816603 4.702093 -0.689535
v 3.816603 4.702093 -0.689535
v 3.816603 4.702093 -0.689535
v 3.816603 3.632320 -0.976179
v 3.816603 3.632320 -0.976179
v 3.816603 3.632320 -0.976179
v 3.816603 4.763516 -0.918774
v 3.816603 4.763516 -0.918774
v 3.816603 4.763516 -0.918774
v 0.152608 3.632321 -0.976179
v 0.152608 3.632321 -0.976179
v 0.152608 3.632321 -0.976179
v 0.152608 4.702093 -0.689535
v 0.152608 4.702093 -0.689535
v 0.152608 4.702093 -0.689535
v 0.152608 3.693745 -1.205416
v 0.152608 3.693745 -1.205416
v 0.152608 3.693745 -1.205416
v 0.152608 4.763516 -0.918772
v 0.152608 4.763516 -0.918772
v 0.152608 4.763516 -0.918772
v 3.816603 5.685262 -0.918772
v 3.816603 5.685262 -0.918772
v 3.816603 5.685262 -0.918772
v 0.152608 4.615489 -1.205416
v 0.152608 4.615489 -1.205416
v 0.152608 4.615489 -1.205416
v 0.152608 5.685262 -0.918770
v 0.152608 5.685262 -0.918770
v 0.152608 5.685262 -0.918770
v 3.816603 4.615489 -1.205416
v 3.816603 4.615489 -1.205416
v 3.816603 4.615489 -1.205416
v 3.816603 4.554065 -0.976179
v 3.816603 4.554065 -0.976179
v 3.816603 4.554065 -0.976179
v 0.152608 4.554065 -0.976179
v 0.152608 4.554065 -0.976179
v 0.152608 4.554065 -0.976179
v 0.152608 5.623838 -0.689535
v 0.152608 5.623838 -0.689535
v 0.152608 5.623838 -0.689535
v 3.816603 5.623838 -0.689537
v 3.816603 5.623838 -0.689537
v 3.816603 5.623838 -0.689537
v 3.816603 1.076537 -0.918772
v 3.816603 1.076537 -0.918772
v 3.816603 1.076537 -0.918772
v 0.152608 0.006765 -1.205416
v 0.152608 0.006765 -1.205416
v 0.152608 0.006765 -1.205416
v 0.152608 1.076537 -0.918772
v 0.152608 1.076537 -0.918772
v 0.152608 1.076537 -0.918772
v 3.816603 0.006765 -1.205418
v 3.816603 0.006765 -1.205418
v 3.816603 0.006765 -1.205418
v 3.816603 -0.054659 -0.976179
v 3.816603 -0.054659 -0.976179
v 3.816603 -0.054659 -0.976179
v 0.152608 -0.054659 -0.976179
v 0.152608 -0.054659 -0.976179
v 0.152608 -0.054659 -0.976179
v 0.152608 1.015113 -0.689533
v 0.152608 1.015113 -0.689533
v 0.152608 1.015113 -0.689533
v 3.816603 1.015113 -0.689535
v 3.816603 1.015113 -0.689535
v 3.816603 1.015113 -0.689535
v 3.816603 1.998282 -0.918772
v 3.816603 1.998282 -0.918772
v 3.816603 1.998282 -0.918772
v 0.152608 0.928510 -1.205416
v 0.152608 0.928510 -1.205416
v 0.152608 0.928510 -1.205416
v 0.152608 1.998282 -0.918772
v 0.152608 1.998282 -0.918772
v 0.152608 1.998282 -0.918772
v 3.816603 0.928510 -1.205418
v 3.816603 0.928510 -1.205418
v 3.816603 0.928510 -1.205418
v 3.816603 0.867086 -0.976181
v 3.816603 0.867086 -0.976181
v 3.816603 0.867086 -0.976181
v 0.152608 0.867086 -0.976179
v 0.152608 0.867086 -0.976179
v 0.152608 0.867086 -0.976179
v 0.152608 1.936859 -0.689535
v 0.152608 1.936859 -0.689535
v 0.152608 1.936859 -0.689535
v 3.816603 1.936858 -0.689535
v 3.816603 1.936858 -0.689535
v 3.816603 1.936858 -0.689535
v 3.816603 11.989449 -1.205416
v 3.816603 11.989449 -1.205416
v 3.816603 11.989449 -1.205416
v 3.816603 12.997796 -0.689537
v 3.816603 12.997796 -0.689537
v 3.816603 12.997796 -0.689537
v 3.816603 11.928024 -0.976179
v 3.816603 11.928024 -0.976179
v 3.816603 11.928024 -0.976179
v 3.816603 13.059220 -0.918772
v 3.816603 13.059220 -0.918772
v 3.816603 13.059220 -0.918772
v 0.152608 11.928024 -0.976179
v 0.152608 11.928024 -0.976179
v 0.152608 11.928024 -0.976179
v 0.152608 12.997796 -0.689535
v 0.152608 12.997796 -0.689535
v 0.152608 12.997796 -0.689535
v 0.152608 11.989449 -1.205416
v 0.152608 11.989449 -1.205416
v 0.152608 11.989449 -1.205416
v 0.152608 13.059220 -0.918770
v 0.152608 13.059220 -0.918770
v 0.152608 13.059220 -0.918770
v 3.816603 7.380724 -1.205418
v 3.816603 7.380724 -1.205418
v 3.816603 7.380724 -1.205418
v 3.816603 8.389072 -0.689535
v 3.816603 8.389072 -0.689535
v 3.816603 8.389072 -0.689535
v 3.816603 7.319300 -0.976181
v 3.816603 7.319300 -0.976181
v 3.816603 7.319300 -0.976181
v 3.816603 8.450497 -0.918772
v 3.816603 8.450497 -0.918772
v 3.816603 8.450497 -0.918772
v 0.152608 7.319301 -0.976179
v 0.152608 7.319301 -0.976179
v 0.152608 7.319301 -0.976179
v 0.152608 8.389072 -0.689535
v 0.152608 8.389072 -0.689535
v 0.152608 8.389072 -0.689535
v 0.152608 7.380724 -1.205416
v 0.152608 7.380724 -1.205416
v 0.152608 7.380724 -1.205416
v 0.152608 8.450497 -0.918772
v 0.152608 8.450497 -0.918772
v 0.152608 8.450497 -0.918772
v 0.152608 10.232563 -0.689535
v 0.152608 10.232563 -0.689535
v 0.152608 10.232563 -0.689535
v 0.152608 9.224206 -1.205416
v 0.152608 9.224206 -1.205416
v 0.152608 9.224206 -1.205416
v 0.152608 9.162782 -0.976179
v 0.152608 9.162782 -0.976179
v 0.152608 9.162782 -0.976179
v 0.152608 10.293986 -0.918772
v 0.152608 10.293986 -0.918772
v 0.152608 10.293986 -0.918772
v 3.816603 10.232562 -0.689535
v 3.816603 10.232562 -0.689535
v 3.816603 10.232562 -0.689535
v 3.816603 9.162782 -0.976181
v 3.816603 9.162782 -0.976181
v 3.816603 9.162782 -0.976181
v 3.816603 10.293985 -0.918772
v 3.816603 10.293985 -0.918772
v 3.816603 10.293985 -0.918772
v 3.816603 9.224205 -1.205416
v 3.816603 9.224205 -1.205416
v 3.816603 9.224205 -1.205416
v 0.152608 13.919541 -0.689533
v 0.152608 13.919541 -0.689533
v 0.152608 13.919541 -0.689533
v 3.816603 13.980965 -0.918772
v 3.816603 13.980965 -0.918772
v 3.816603 13.980965 -0.918772
v 0.152608 13.980966 -0.918772
v 0.152608 13.980966 -0.918772
v 0.152608 13.980966 -0.918772
v 3.816603 13.919540 -0.689535
v 3.816603 13.919540 -0.689535
v 3.816603 13.919540 -0.689535
v 0.152608 12.849770 -0.976179
v 0.152608 12.849770 -0.976179
v 0.152608 12.849770 -0.976179
v 3.816603 12.849769 -0.976179
v 3.816603 12.849769 -0.976179
v 3.816603 12.849769 -0.976179
v 3.816603 12.911193 -1.205418
v 3.816603 12.911193 -1.205418
v 3.816603 12.911193 -1.205418
v 0.152608 12.911194 -1.205416
v 0.152608 12.911194 -1.205416
v 0.152608 12.911194 -1.205416
v 0.152608 11.154307 -0.689535
v 0.152608 11.154307 -0.689535
v 0.152608 11.154307 -0.689535
v 0.152608 10.145958 -1.205416
v 0.152608 10.145958 -1.205416
v 0.152608 10.145958 -1.205416
v 0.152608 10.084535 -0.976179
v 0.152608 10.084535 -0.976179
v 0.152608 10.084535 -0.976179
v 0.152608 11.215731 -0.918772
v 0.152608 11.215731 -0.918772
v 0.152608 11.215731 -0.918772
v 3.816603 11.154306 -0.689535
v 3.816603 11.154306 -0.689535
v 3.816603 11.154306 -0.689535
v 3.816603 10.084534 -0.976179
v 3.816603 10.084534 -0.976179
v 3.816603 10.084534 -0.976179
v 3.816603 11.215730 -0.918774
v 3.816603 11.215730 -0.918774
v 3.816603 11.215730 -0.918774
v 3.816603 10.145958 -1.205416
v 3.816603 10.145958 -1.205416
v 3.816603 10.145958 -1.205416
v 0.152608 7.467327 -0.689533
v 0.152608 7.467327 -0.689533
v 0.152608 7.467327 -0.689533
v 0.152608 6.458979 -1.205416
v 0.152608 6.458979 -1.205416
v 0.152608 6.458979 -1.205416
v 0.152608 6.397555 -0.976179
v 0.152608 6.397555 -0.976179
v 0.152608 6.397555 -0.976179
v 0.152608 7.528751 -0.918772
v 0.152608 7.528751 -0.918772
v 0.152608 7.528751 -0.918772
v 3.816603 7.467327 -0.689535
v 3.816603 7.467327 -0.689535
v 3.816603 7.467327 -0.689535
v 3.816603 6.397555 -0.976179
v 3.816603 6.397555 -0.976179
v 3.816603 6.397555 -0.976179
v 3.816603 7.528751 -0.918772
v 3.816603 7.528751 -0.918772
v 3.816603 7.528751 -0.918772
v 3.816603 6.458979 -1.205418
v 3.816603 6.458979 -1.205418
v 3.816603 6.458979 -1.205418
v 3.816603 9.372233 -0.918772
v 3.816603 9.372233 -0.918772
v 3.816603 9.372233 -0.918772
v 0.152608 8.302468 -1.205416
v 0.152608 8.302468 -1.205416
v 0.152608 8.302468 -1.205416
v 0.152608 9.372233 -0.918772
v 0.152608 9.372233 -0.918772
v 0.152608 9.372233 -0.918772
v 3.816603 8.302468 -1.205416
v 3.816603 8.302468 -1.205416
v 3.816603 8.302468 -1.205416
v 3.816603 8.241045 -0.976181
v 3.816603 8.241045 -0.976181
v 3.816603 8.241045 -0.976181
v 0.152608 8.241045 -0.976179
v 0.152608 8.241045 -0.976179
v 0.152608 8.241045 -0.976179
v 0.152608 9.310818 -0.689535
v 0.152608 9.310818 -0.689535
v 0.152608 9.310818 -0.689535
v 3.816603 9.310817 -0.689535
v 3.816603 9.310817 -0.689535
v 3.816603 9.310817 -0.689535
v 0.152608 12.076052 -0.689535
v 0.152608 12.076052 -0.689535
v 0.152608 12.076052 -0.689535
v 3.816603 12.137475 -0.918772
v 3.816603 12.137475 -0.918772
v 3.816603 12.137475 -0.918772
v 0.152608 12.137476 -0.918770
v 0.152608 12.137476 -0.918770
v 0.152608 12.137476 -0.918770
v 3.816603 12.076052 -0.689537
v 3.816603 12.076052 -0.689537
v 3.816603 12.076052 -0.689537
v 0.152608 11.006279 -0.976179
v 0.152608 11.006279 -0.976179
v 0.152608 11.006279 -0.976179
v 3.816603 11.006278 -0.976179
v 3.816603 11.006278 -0.976179
v 3.816603 11.006278 -0.976179
v 3.816603 11.067703 -1.205416
v 3.816603 11.067703 -1.205416
v 3.816603 11.067703 -1.205416
v 0.152608 11.067704 -1.205416
v 0.152608 11.067704 -1.205416
v 0.152608 11.067704 -1.205416
v 0.152608 5.475814 -0.976179
v 0.152608 5.475814 -0.976179
v 0.152608 5.475814 -0.976179
v 3.816603 6.545583 -0.689537
v 3.816603 6.545583 -0.689537
v 3.816603 6.545583 -0.689537
v 0.152608 6.545583 -0.689535
v 0.152608 6.545583 -0.689535
v 0.152608 6.545583 -0.689535
v 3.816603 5.475814 -0.976179
v 3.816603 5.475814 -0.976179
v 3.816603 5.475814 -0.976179
v 0.152608 5.537238 -1.205416
v 0.152608 5.537238 -1.205416
v 0.152608 5.537238 -1.205416
v 3.816603 5.537238 -1.205416
v 3.816603 5.537238 -1.205416
v 3.816603 5.537238 -1.205416
v 3.816603 6.607007 -0.918772
v 3.816603 6.607007 -0.918772
v 3.816603 6.607007 -0.918772
v 0.152608 6.607007 -0.918772
v 0.152608 6.607007 -0.918772
v 0.152608 6.607007 -0.918772
v 0.152608 13.771514 -0.976179
v 0.152608 13.771514 -0.976179
v 0.152608 13.771514 -0.976179
v 3.816603 14.841286 -0.689535
v 3.816603 14.841286 -0.689535
v 3.816603 14.841286 -0.689535
v 0.152608 14.841286 -0.689535
v 0.152608 14.841286 -0.689535
v 0.152608 14.841286 -0.689535
v 3.816603 13.771513 -0.976181
v 3.816603 13.771513 -0.976181
v 3.816603 13.771513 -0.976181
v 0.152608 13.832938 -1.205416
v 0.152608 13.832938 -1.205416
v 0.152608 13.832938 -1.205416
v 3.816603 13.832937 -1.205418
v 3.816603 13.832937 -1.205418
v 3.816603 13.832937 -1.205418
v 3.816603 14.902711 -0.918772
v 3.816603 14.902711 -0.918772
v 3.816603 14.902711 -0.918772
v 0.152608 14.902711 -0.918772
v 0.152608 14.902711 -0.918772
v 0.152608 14.902711 -0.918772
v 2.625441 17.667946 -0.918772
v 2.625441 17.667946 -0.918772
v 2.625441 17.667946 -0.918772
v 3.816603 16.598173 -1.205416
v 3.816603 16.598173 -1.205416
v 3.816603 16.598173 -1.205416
v 1.247673 16.598173 -1.205416
v 1.247673 16.598173 -1.205416
v 1.247673 16.598173 -1.205416
v 3.816603 17.667946 -0.918774
v 3.816603 17.667946 -0.918774
v 3.816603 17.667946 -0.918774
v 3.816603 16.536749 -0.976179
v 3.816603 16.536749 -0.976179
v 3.816603 16.536749 -0.976179
v 1.168566 16.536751 -0.976179
v 1.168566 16.536751 -0.976179
v 1.168566 16.536751 -0.976179
v 3.816603 17.606524 -0.689535
v 3.816603 17.606524 -0.689535
v 3.816603 17.606524 -0.689535
v 2.546331 17.606522 -0.689535
v 2.546331 17.606522 -0.689535
v 2.546331 17.606522 -0.689535
v 3.816603 18.380239 -0.976179
v 3.816603 18.380239 -0.976179
v 3.816603 18.380239 -0.976179
v 3.621920 18.441664 -1.205416
v 3.621920 18.441664 -1.205416
v 3.621920 18.441664 -1.205416
v 3.816603 18.441664 -1.205416
v 3.816603 18.441664 -1.205416
v 3.816603 18.441664 -1.205416
v 3.542810 18.380239 -0.976179
v 3.542810 18.380239 -0.976179
v 3.542810 18.380239 -0.976179
v 3.816603 18.592829 -0.919218
v 3.816603 18.592829 -0.919218
v 3.816603 18.592829 -0.919218
v 3.816607 18.592829 -1.164911
v 3.816607 18.592829 -1.164911
v 3.816607 18.592829 -1.164911
v 0.152608 15.736689 -0.696594
v 0.152608 15.736689 -0.696594
v 0.152608 15.736689 -0.696594
v 0.152608 14.754683 -1.205416
v 0.152608 14.754683 -1.205416
v 0.152608 14.754683 -1.205416
v 0.152608 14.693260 -0.976179
v 0.152608 14.693260 -0.976179
v 0.152608 14.693260 -0.976179
v 0.152608 15.736689 -0.942291
v 0.152608 15.736689 -0.942291
v 0.152608 15.736689 -0.942291
v 3.816603 14.693259 -0.976181
v 3.816603 14.693259 -0.976181
v 3.816603 14.693259 -0.976181
v 0.186538 15.763032 -0.689535
v 0.186538 15.763032 -0.689535
v 0.186538 15.763032 -0.689535
v 3.816603 15.763031 -0.689535
v 3.816603 15.763031 -0.689535
v 3.816603 15.763031 -0.689535
v 3.816603 15.824454 -0.918772
v 3.816603 15.824454 -0.918772
v 3.816603 15.824454 -0.918772
v 0.265645 15.824455 -0.918772
v 0.265645 15.824455 -0.918772
v 0.265645 15.824455 -0.918772
v 3.816603 14.754682 -1.205416
v 3.816603 14.754682 -1.205416
v 3.816603 14.754682 -1.205416
v 3.812567 18.589689 -0.918772
v 3.812567 18.589689 -0.918772
v 3.812567 18.589689 -0.918772
v 3.816603 17.519918 -1.205416
v 3.816603 17.519918 -1.205416
v 3.816603 17.519918 -1.205416
v 2.434765 17.519918 -1.205416
v 2.434765 17.519918 -1.205416
v 2.434765 17.519918 -1.205416
v 3.816607 18.589691 -0.918772
v 3.816607 18.589691 -0.918772
v 3.816607 18.589691 -0.918772
v 3.816603 18.528267 -0.689535
v 3.816603 18.528267 -0.689535
v 3.816603 18.528267 -0.689535
v 3.816603 17.458509 -0.976179
v 3.816603 17.458509 -0.976179
v 3.816603 17.458509 -0.976179
v 3.816603 15.676427 -1.205416
v 3.816603 15.676427 -1.205416
v 3.816603 15.676427 -1.205416
v 3.816603 16.684776 -0.689535
v 3.816603 16.684776 -0.689535
v 3.816603 16.684776 -0.689535
v 3.816603 15.615004 -0.976181
v 3.816603 15.615004 -0.976181
v 3.816603 15.615004 -0.976181
v 3.816603 16.746201 -0.918772
v 3.816603 16.746201 -0.918772
v 3.816603 16.746201 -0.918772
v 0.152608 15.736689 -1.189270
v 0.152608 15.736689 -1.189270
v 0.152608 15.736689 -1.189270
v 0.152608 15.676428 -1.205416
v 0.152608 15.676428 -1.205416
v 0.152608 15.676428 -1.205416
v 1.438318 16.746201 -0.918772
v 1.438318 16.746201 -0.918772
v 1.438318 16.746201 -0.918772
v 0.152608 15.615005 -0.976179
v 0.152608 15.615005 -0.976179
v 0.152608 15.615005 -0.976179
v 2.355656 17.458481 -0.976179
v 2.355656 17.458481 -0.976179
v 2.355656 17.458481 -0.976179
v 3.733458 18.528267 -0.689535
v 3.733458 18.528267 -0.689535
v 3.733458 18.528267 -0.689535
v 0.152608 15.736689 -0.943575
v 0.152608 15.736689 -0.943575
v 0.152608 15.736689 -0.943575
v 1.359211 16.684776 -0.689535
v 1.359211 16.684776 -0.689535
v 1.359211 16.684776 -0.689535
v 3.816603 2.920027 -0.918772
v 3.816603 2.920027 -0.918772
v 3.816603 2.920027 -0.918772
v 7.495119 2.858603 -0.689537
v 7.495119 2.858603 -0.689537
v 7.495119 2.858603 -0.689537
v 7.495119 2.920026 -0.918774
v 7.495119 2.920026 -0.918774
v 7.495119 2.920026 -0.918774
v 3.816603 2.858603 -0.689535
v 3.816603 2.858603 -0.689535
v 3.816603 2.858603 -0.689535
v 3.816603 1.788831 -0.976181
v 3.816603 1.788831 -0.976181
v 3.816603 1.788831 -0.976181
v 7.495119 1.788831 -0.976181
v 7.495119 1.788831 -0.976181
v 7.495119 1.788831 -0.976181
v 7.495119 1.850254 -1.205416
v 7.495119 1.850254 -1.205416
v 7.495119 1.850254 -1.205416
v 3.816603 1.850254 -1.205416
v 3.816603 1.850254 -1.205416
v 3.816603 1.850254 -1.205416
v 3.816603 3.841772 -0.918772
v 3.816603 3.841772 -0.918772
v 3.816603 3.841772 -0.918772
v 7.495119 3.780347 -0.689537
v 7.495119 3.780347 -0.689537
v 7.495119 3.780347 -0.689537
v 7.495119 3.841772 -0.918774
v 7.495119 3.841772 -0.918774
v 7.495119 3.841772 -0.918774
v 3.816603 3.780348 -0.689535
v 3.816603 3.780348 -0.689535
v 3.816603 3.780348 -0.689535
v 3.816603 2.710575 -0.976181
v 3.816603 2.710575 -0.976181
v 3.816603 2.710575 -0.976181
v 7.495119 2.710575 -0.976181
v 7.495119 2.710575 -0.976181
v 7.495119 2.710575 -0.976181
v 7.495119 2.771999 -1.205416
v 7.495119 2.771999 -1.205416
v 7.495119 2.771999 -1.205416
v 3.816603 2.771999 -1.205416
v 3.816603 2.771999 -1.205416
v 3.816603 2.771999 -1.205416
v 7.495119 3.693744 -1.205418
v 7.495119 3.693744 -1.205418
v 7.495119 3.693744 -1.205418
v 7.495119 4.702093 -0.689537
v 7.495119 4.702093 -0.689537
v 7.495119 4.702093 -0.689537
v 7.495119 3.632320 -0.976179
v 7.495119 3.632320 -0.976179
v 7.495119 3.632320 -0.976179
v 7.495119 4.763516 -0.918774
v 7.495119 4.763516 -0.918774
v 7.495119 4.763516 -0.918774
v 3.816603 3.632320 -0.976179
v 3.816603 3.632320 -0.976179
v 3.816603 3.632320 -0.976179
v 3.816603 4.702093 -0.689535
v 3.816603 4.702093 -0.689535
v 3.816603 4.702093 -0.689535
v 3.816603 3.693744 -1.205416
v 3.816603 3.693744 -1.205416
v 3.816603 3.693744 -1.205416
v 3.816603 4.763516 -0.918774
v 3.816603 4.763516 -0.918774
v 3.816603 4.763516 -0.918774
v 7.495119 5.685262 -0.918772
v 7.495119 5.685262 -0.918772
v 7.495119 5.685262 -0.918772
v 3.816603 4.615489 -1.205416
v 3.816603 4.615489 -1.205416
v 3.816603 4.615489 -1.205416
v 3.816603 5.685262 -0.918772
v 3.816603 5.685262 -0.918772
v 3.816603 5.685262 -0.918772
v 7.495119 4.615489 -1.205418
v 7.495119 4.615489 -1.205418
v 7.495119 4.615489 -1.205418
v 7.495119 4.554065 -0.976179
v 7.495119 4.554065 -0.976179
v 7.495119 4.554065 -0.976179
v 3.816603 4.554065 -0.976179
v 3.816603 4.554065 -0.976179
v 3.816603 4.554065 -0.976179
v 3.816603 5.623838 -0.689537
v 3.816603 5.623838 -0.689537
v 3.816603 5.623838 -0.689537
v 7.495119 5.623837 -0.689537
v 7.495119 5.623837 -0.689537
v 7.495119 5.623837 -0.689537
v 7.495119 1.076537 -0.918772
v 7.495119 1.076537 -0.918772
v 7.495119 1.076537 -0.918772
v 3.816603 0.006765 -1.205418
v 3.816603 0.006765 -1.205418
v 3.816603 0.006765 -1.205418
v 3.816603 1.076537 -0.918772
v 3.816603 1.076537 -0.918772
v 3.816603 1.076537 -0.918772
v 7.495119 0.006765 -1.205418
v 7.495119 0.006765 -1.205418
v 7.495119 0.006765 -1.205418
v 7.495119 -0.054659 -0.976181
v 7.495119 -0.054659 -0.976181
v 7.495119 -0.054659 -0.976181
v 3.816603 -0.054659 -0.976179
v 3.816603 -0.054659 -0.976179
v 3.816603 -0.054659 -0.976179
v 3.816603 1.015113 -0.689535
v 3.816603 1.015113 -0.689535
v 3.816603 1.015113 -0.689535
v 7.495119 1.015113 -0.689535
v 7.495119 1.015113 -0.689535
v 7.495119 1.015113 -0.689535
v 7.495119 1.998282 -0.918774
v 7.495119 1.998282 -0.918774
v 7.495119 1.998282 -0.918774
v 3.816603 0.928510 -1.205418
v 3.816603 0.928510 -1.205418
v 3.816603 0.928510 -1.205418
v 3.816603 1.998282 -0.918772
v 3.816603 1.998282 -0.918772
v 3.816603 1.998282 -0.918772
v 7.495119 0.928509 -1.205418
v 7.495119 0.928509 -1.205418
v 7.495119 0.928509 -1.205418
v 7.495119 0.867086 -0.976181
v 7.495119 0.867086 -0.976181
v 7.495119 0.867086 -0.976181
v 3.816603 0.867086 -0.976181
v 3.816603 0.867086 -0.976181
v 3.816603 0.867086 -0.976181
v 3.816603 1.936858 -0.689535
v 3.816603 1.936858 -0.689535
v 3.816603 1.936858 -0.689535
v 7.495119 1.936858 -0.689535
v 7.495119 1.936858 -0.689535
v 7.495119 1.936858 -0.689535
v 7.495119 11.989448 -1.205418
v 7.495119 11.989448 -1.205418
v 7.495119 11.989448 -1.205418
v 7.495119 12.997796 -0.689537
v 7.495119 12.997796 -0.689537
v 7.495119 12.997796 -0.689537
v 7.495119 11.928023 -0.976181
v 7.495119 11.928023 -0.976181
v 7.495119 11.928023 -0.976181
v 7.495119 13.059220 -0.918772
v 7.495119 13.059220 -0.918772
v 7.495119 13.059220 -0.918772
v 3.816603 11.928024 -0.976179
v 3.816603 11.928024 -0.976179
v 3.816603 11.928024 -0.976179
v 3.816603 12.997796 -0.689537
v 3.816603 12.997796 -0.689537
v 3.816603 12.997796 -0.689537
v 3.816603 11.989449 -1.205416
v 3.816603 11.989449 -1.205416
v 3.816603 11.989449 -1.205416
v 3.816603 13.059220 -0.918772
v 3.816603 13.059220 -0.918772
v 3.816603 13.059220 -0.918772
v 7.495119 7.380724 -1.205418
v 7.495119 7.380724 -1.205418
v 7.495119 7.380724 -1.205418
v 7.495119 8.389072 -0.689535
v 7.495119 8.389072 -0.689535
v 7.495119 8.389072 -0.689535
v 7.495119 7.319300 -0.976181
v 7.495119 7.319300 -0.976181
v 7.495119 7.319300 -0.976181
v 7.495119 8.450496 -0.918774
v 7.495119 8.450496 -0.918774
v 7.495119 8.450496 -0.918774
v 3.816603 7.319300 -0.976181
v 3.816603 7.319300 -0.976181
v 3.816603 7.319300 -0.976181
v 3.816603 8.389072 -0.689535
v 3.816603 8.389072 -0.689535
v 3.816603 8.389072 -0.689535
v 3.816603 7.380724 -1.205418
v 3.816603 7.380724 -1.205418
v 3.816603 7.380724 -1.205418
v 3.816603 8.450496 -0.918772
v 3.816603 8.450496 -0.918772
v 3.816603 8.450496 -0.918772
v 3.816603 10.232562 -0.689535
v 3.816603 10.232562 -0.689535
v 3.816603 10.232562 -0.689535
v 3.816603 9.224206 -1.205416
v 3.816603 9.224206 -1.205416
v 3.816603 9.224206 -1.205416
v 3.816603 9.162782 -0.976181
v 3.816603 9.162782 -0.976181
v 3.816603 9.162782 -0.976181
v 3.816603 10.293986 -0.918772
v 3.816603 10.293986 -0.918772
v 3.816603 10.293986 -0.918772
v 7.495119 10.232562 -0.689537
v 7.495119 10.232562 -0.689537
v 7.495119 10.232562 -0.689537
v 7.495119 9.162782 -0.976181
v 7.495119 9.162782 -0.976181
v 7.495119 9.162782 -0.976181
v 7.495119 10.293985 -0.918774
v 7.495119 10.293985 -0.918774
v 7.495119 10.293985 -0.918774
v 7.495119 9.224205 -1.205416
v 7.495119 9.224205 -1.205416
v 7.495119 9.224205 -1.205416
v 3.816603 13.980966 -0.918772
v 3.816603 13.980966 -0.918772
v 3.816603 13.980966 -0.918772
v 7.495119 13.919540 -0.689535
v 7.495119 13.919540 -0.689535
v 7.495119 13.919540 -0.689535
v 7.495119 13.980965 -0.918772
v 7.495119 13.980965 -0.918772
v 7.495119 13.980965 -0.918772
v 3.816603 13.919541 -0.689535
v 3.816603 13.919541 -0.689535
v 3.816603 13.919541 -0.689535
v 3.816603 12.849769 -0.976179
v 3.816603 12.849769 -0.976179
v 3.816603 12.849769 -0.976179
v 7.495119 12.849769 -0.976181
v 7.495119 12.849769 -0.976181
v 7.495119 12.849769 -0.976181
v 7.495119 12.911193 -1.205418
v 7.495119 12.911193 -1.205418
v 7.495119 12.911193 -1.205418
v 3.816603 12.911193 -1.205418
v 3.816603 12.911193 -1.205418
v 3.816603 12.911193 -1.205418
v 3.816603 11.154307 -0.689535
v 3.816603 11.154307 -0.689535
v 3.816603 11.154307 -0.689535
v 3.816603 10.145958 -1.205416
v 3.816603 10.145958 -1.205416
v 3.816603 10.145958 -1.205416
v 3.816603 10.084535 -0.976179
v 3.816603 10.084535 -0.976179
v 3.816603 10.084535 -0.976179
v 3.816603 11.215730 -0.918774
v 3.816603 11.215730 -0.918774
v 3.816603 11.215730 -0.918774
v 7.495119 11.154306 -0.689537
v 7.495119 11.154306 -0.689537
v 7.495119 11.154306 -0.689537
v 7.495119 10.084534 -0.976179
v 7.495119 10.084534 -0.976179
v 7.495119 10.084534 -0.976179
v 7.495119 11.215730 -0.918774
v 7.495119 11.215730 -0.918774
v 7.495119 11.215730 -0.918774
v 7.495119 10.145957 -1.205418
v 7.495119 10.145957 -1.205418
v 7.495119 10.145957 -1.205418
v 3.816603 7.467327 -0.689535
v 3.816603 7.467327 -0.689535
v 3.816603 7.467327 -0.689535
v 3.816603 6.458979 -1.205418
v 3.816603 6.458979 -1.205418
v 3.816603 6.458979 -1.205418
v 3.816603 6.397555 -0.976179
v 3.816603 6.397555 -0.976179
v 3.816603 6.397555 -0.976179
v 3.816603 7.528751 -0.918772
v 3.816603 7.528751 -0.918772
v 3.816603 7.528751 -0.918772
v 7.495119 7.467327 -0.689535
v 7.495119 7.467327 -0.689535
v 7.495119 7.467327 -0.689535
v 7.495119 6.397555 -0.976181
v 7.495119 6.397555 -0.976181
v 7.495119 6.397555 -0.976181
v 7.495119 7.528751 -0.918772
v 7.495119 7.528751 -0.918772
v 7.495119 7.528751 -0.918772
v 7.495119 6.458979 -1.205418
v 7.495119 6.458979 -1.205418
v 7.495119 6.458979 -1.205418
v 7.495119 9.372233 -0.918774
v 7.495119 9.372233 -0.918774
v 7.495119 9.372233 -0.918774
v 3.816603 8.302468 -1.205416
v 3.816603 8.302468 -1.205416
v 3.816603 8.302468 -1.205416
v 3.816603 9.372233 -0.918772
v 3.816603 9.372233 -0.918772
v 3.816603 9.372233 -0.918772
v 7.495119 8.302468 -1.205416
v 7.495119 8.302468 -1.205416
v 7.495119 8.302468 -1.205416
v 7.495119 8.241045 -0.976181
v 7.495119 8.241045 -0.976181
v 7.495119 8.241045 -0.976181
v 3.816603 8.241045 -0.976181
v 3.816603 8.241045 -0.976181
v 3.816603 8.241045 -0.976181
v 3.816603 9.310818 -0.689535
v 3.816603 9.310818 -0.689535
v 3.816603 9.310818 -0.689535
v 7.495119 9.310817 -0.689535
v 7.495119 9.310817 -0.689535
v 7.495119 9.310817 -0.689535
v 3.816603 12.137476 -0.918772
v 3.816603 12.137476 -0.918772
v 3.816603 12.137476 -0.918772
v 7.495119 12.076052 -0.689537
v 7.495119 12.076052 -0.689537
v 7.495119 12.076052 -0.689537
v 7.495119 12.137475 -0.918772
v 7.495119 12.137475 -0.918772
v 7.495119 12.137475 -0.918772
v 3.816603 12.076052 -0.689537
v 3.816603 12.076052 -0.689537
v 3.816603 12.076052 -0.689537
v 3.816603 11.006279 -0.976179
v 3.816603 11.006279 -0.976179
v 3.816603 11.006279 -0.976179
v 7.495119 11.006278 -0.976179
v 7.495119 11.006278 -0.976179
v 7.495119 11.006278 -0.976179
v 7.495119 11.067703 -1.205418
v 7.495119 11.067703 -1.205418
v 7.495119 11.067703 -1.205418
v 3.816603 11.067704 -1.205416
v 3.816603 11.067704 -1.205416
v 3.816603 11.067704 -1.205416
v 3.816603 5.475814 -0.976179
v 3.816603 5.475814 -0.976179
v 3.816603 5.475814 -0.976179
v 7.495119 6.545583 -0.689537
v 7.495119 6.545583 -0.689537
v 7.495119 6.545583 -0.689537
v 3.816603 6.545583 -0.689537
v 3.816603 6.545583 -0.689537
v 3.816603 6.545583 -0.689537
v 7.495119 5.475814 -0.976181
v 7.495119 5.475814 -0.976181
v 7.495119 5.475814 -0.976181
v 3.816603 5.537238 -1.205416
v 3.816603 5.537238 -1.205416
v 3.816603 5.537238 -1.205416
v 7.495119 5.537238 -1.205418
v 7.495119 5.537238 -1.205418
v 7.495119 5.537238 -1.205418
v 7.495119 6.607007 -0.918772
v 7.495119 6.607007 -0.918772
v 7.495119 6.607007 -0.918772
v 3.816603 6.607007 -0.918772
v 3.816603 6.607007 -0.918772
v 3.816603 6.607007 -0.918772
v 3.816603 13.771514 -0.976179
v 3.816603 13.771514 -0.976179
v 3.816603 13.771514 -0.976179
v 7.495119 14.841286 -0.689535
v 7.495119 14.841286 -0.689535
v 7.495119 14.841286 -0.689535
v 3.816603 14.841286 -0.689535
v 3.816603 14.841286 -0.689535
v 3.816603 14.841286 -0.689535
v 7.495119 13.771513 -0.976181
v 7.495119 13.771513 -0.976181
v 7.495119 13.771513 -0.976181
v 3.816603 13.832937 -1.205418
v 3.816603 13.832937 -1.205418
v 3.816603 13.832937 -1.205418
v 7.495119 13.832937 -1.205418
v 7.495119 13.832937 -1.205418
v 7.495119 13.832937 -1.205418
v 7.495119 14.902711 -0.918774
v 7.495119 14.902711 -0.918774
v 7.495119 14.902711 -0.918774
v 3.816603 14.902711 -0.918772
v 3.816603 14.902711 -0.918772
v 3.816603 14.902711 -0.918772
v 5.004747 17.667946 -0.918774
v 5.004747 17.667946 -0.918774
v 5.004747 17.667946 -0.918774
v 3.816603 16.598173 -1.205416
v 3.816603 16.598173 -1.205416
v 3.816603 16.598173 -1.205416
v 3.816603 17.667946 -0.918774
v 3.816603 17.667946 -0.918774
v 3.816603 17.667946 -0.918774
v 6.363825 16.598173 -1.205416
v 6.363825 16.598173 -1.205416
v 6.363825 16.598173 -1.205416
v 3.816603 17.606522 -0.689535
v 3.816603 17.606522 -0.689535
v 3.816603 17.606522 -0.689535
v 3.816603 16.536749 -0.976179
v 3.816603 16.536749 -0.976179
v 3.816603 16.536749 -0.976179
v 5.082777 17.606522 -0.689535
v 5.082777 17.606522 -0.689535
v 5.082777 17.606522 -0.689535
v 4.021780 18.441664 -1.205416
v 4.021780 18.441664 -1.205416
v 4.021780 18.441664 -1.205416
v 3.816603 18.380239 -0.976179
v 3.816603 18.380239 -0.976179
v 3.816603 18.380239 -0.976179
v 3.816603 18.441664 -1.205416
v 3.816603 18.441664 -1.205416
v 3.816603 18.441664 -1.205416
v 4.099817 18.380239 -0.976179
v 4.099817 18.380239 -0.976179
v 4.099817 18.380239 -0.976179
v 3.816603 18.603163 -0.916447
v 3.816603 18.603163 -0.916447
v 3.816603 18.603163 -0.916447
v 3.816607 18.603163 -1.162144
v 3.816607 18.603163 -1.162144
v 3.816607 18.603163 -1.162144
v 3.816603 15.763032 -0.689535
v 3.816603 15.763032 -0.689535
v 3.816603 15.763032 -0.689535
v 3.816603 14.754683 -1.205416
v 3.816603 14.754683 -1.205416
v 3.816603 14.754683 -1.205416
v 3.816603 14.693259 -0.976181
v 3.816603 14.693259 -0.976181
v 3.816603 14.693259 -0.976181
v 3.816603 15.824454 -0.918772
v 3.816603 15.824454 -0.918772
v 3.816603 15.824454 -0.918772
v 7.424822 15.763031 -0.689535
v 7.424822 15.763031 -0.689535
v 7.424822 15.763031 -0.689535
v 7.495119 14.693259 -0.976181
v 7.495119 14.693259 -0.976181
v 7.495119 14.693259 -0.976181
v 7.495119 15.707698 -0.704363
v 7.495119 15.707698 -0.704363
v 7.495119 15.707698 -0.704363
v 7.346788 15.824454 -0.918774
v 7.346788 15.824454 -0.918774
v 7.346788 15.824454 -0.918774
v 7.495119 14.754682 -1.205416
v 7.495119 14.754682 -1.205416
v 7.495119 14.754682 -1.205416
v 7.495119 15.707698 -0.950058
v 7.495119 15.707698 -0.950058
v 7.495119 15.707698 -0.950058
v 3.816603 18.528267 -0.689535
v 3.816603 18.528267 -0.689535
v 3.816603 18.528267 -0.689535
v 3.816603 17.519918 -1.205416
v 3.816603 17.519918 -1.205416
v 3.816603 17.519918 -1.205416
v 3.816603 17.458509 -0.976179
v 3.816603 17.458509 -0.976179
v 3.816603 17.458509 -0.976179
v 3.816603 18.589689 -0.918772
v 3.816603 18.589689 -0.918772
v 3.816603 18.589689 -0.918772
v 3.816603 16.684776 -0.689535
v 3.816603 16.684776 -0.689535
v 3.816603 16.684776 -0.689535
v 6.175768 16.746201 -0.918774
v 6.175768 16.746201 -0.918774
v 6.175768 16.746201 -0.918774
v 3.816603 16.746201 -0.918772
v 3.816603 16.746201 -0.918772
v 3.816603 16.746201 -0.918772
v 6.253801 16.684776 -0.689535
v 6.253801 16.684776 -0.689535
v 6.253801 16.684776 -0.689535
v 3.816603 15.676427 -1.205416
v 3.816603 15.676427 -1.205416
v 3.816603 15.676427 -1.205416
v 7.495119 15.676427 -1.205416
v 7.495119 15.676427 -1.205416
v 7.495119 15.676427 -1.205416
v 7.495119 15.707698 -1.197039
v 7.495119 15.707698 -1.197039
v 7.495119 15.707698 -1.197039
v 3.816603 15.615005 -0.976181
v 3.816603 15.615005 -0.976181
v 3.816603 15.615005 -0.976181
v 7.495119 15.615004 -0.976181
v 7.495119 15.615004 -0.976181
v 7.495119 15.615004 -0.976181
v 6.441862 16.536749 -0.976179
v 6.441862 16.536749 -0.976179
v 6.441862 16.536749 -0.976179
v 5.192804 17.519918 -1.205416
v 5.192804 17.519918 -1.205416
v 5.192804 17.519918 -1.205416
v 5.270838 17.458509 -0.976179
v 5.270838 17.458509 -0.976179
v 5.270838 17.458509 -0.976179
v 3.833723 18.589689 -0.918772
v 3.833723 18.589689 -0.918772
v 3.833723 18.589689 -0.918772
v 3.911757 18.528267 -0.689535
v 3.911757 18.528267 -0.689535
v 3.911757 18.528267 -0.689535
v 7.495119 15.707698 -0.951344
v 7.495119 15.707698 -0.951344
v 7.495119 15.707698 -0.951344
vt 0.842674 0.240784
vt 0.853455 0.240784
vt 0.886870 0.240784
vt 0.897651 0.240784
vt 0.533300 0.240784
vt 0.544081 0.240784
vt 0.577496 0.240784
vt 0.588277 0.240784
vt 0.621693 0.240784
vt 0.632473 0.240784
vt 0.665889 0.240784
vt 0.676669 0.240784
vt 0.710085 0.240784
vt 0.720866 0.240784
vt 0.754282 0.240784
vt 0.765062 0.240784
vt 0.798478 0.240784
vt 0.809258 0.240784
vt 0.931067 0.240784
vt 0.941847 0.240784
vt 0.941992 0.240784
vt 0.499884 0.240784
vt 0.489104 0.240784
vt 0.455688 0.240784
vt 0.444908 0.240784
vt 0.411492 0.240784
vt 0.400711 0.240784
vt 0.367295 0.240784
vt 0.356515 0.240784
vt 0.323099 0.240784
vt 0.312319 0.240784
vt 0.278903 0.240784
vt 0.269990 0.240784
vt 0.268122 0.240784
vt 0.258209 0.240784
vt 0.258147 0.240784
vt 0.246367 0.240784
vt 0.246305 0.240784
vt 0.234707 0.240784
vt 0.234524 0.240784
vt 0.234463 0.240784
vt 0.223926 0.240784
vt 0.222682 0.240784
vt 0.222620 0.240784
vt 0.210840 0.240784
vt 0.210778 0.240784
vt 0.198997 0.240784
vt 0.198936 0.240784
vt 0.190510 0.240784
vt 0.187155 0.240784
vt 0.187093 0.240784
vt 0.179730 0.240784
vt 0.175313 0.240784
vt 0.175251 0.240784
vt 0.163470 0.240784
vt 0.163409 0.240784
vt 0.151628 0.240784
vt 0.151566 0.240784
vt 0.146314 0.240784
vt 0.139785 0.240784
vt 0.139724 0.240784
vt 0.135534 0.240784
vt 0.127943 0.240784
vt 0.127881 0.240784
vt 0.116101 0.240784
vt 0.116039 0.240784
vt 0.104258 0.240784
vt 0.104197 0.240784
vt 0.102118 0.240784
vt 0.092416 0.240784
vt 0.092354 0.240784
vt 0.091337 0.240784
vt 0.080574 0.240784
vt 0.080512 0.240784
vt 0.068731 0.240784
vt 0.068670 0.240784
vt 0.056889 0.240784
vt 0.056827 0.240784
vt 0.047141 0.240784
vt 0.045047 0.240784
vt 0.044985 0.240784
vt 0.033204 0.240784
vt 0.269990 0.241022
vt 0.941847 0.245684
vt 0.258209 0.245684
vt 0.931067 0.256919
vt 0.258147 0.310980
vt 0.897651 0.315642
vt 0.246367 0.315642
vt 0.886870 0.326877
vt 0.246305 0.380939
vt 0.853455 0.385601
vt 0.234524 0.385601
vt 0.842674 0.396836
vt 0.509098 0.442358
vt 0.554853 0.442358
vt 0.584358 0.442358
vt 0.600608 0.442358
vt 0.646364 0.442358
vt 0.692119 0.442358
vt 0.710788 0.442358
vt 0.737874 0.442358
vt 0.783630 0.442358
vt 0.463342 0.442358
vt 0.457929 0.442358
vt 0.417587 0.442358
vt 0.371831 0.442358
vt 0.331499 0.442358
vt 0.326076 0.442358
vt 0.280321 0.442358
vt 0.234565 0.442358
vt 0.188810 0.442358
vt 0.143055 0.442358
vt 0.097299 0.442358
vt 0.828077 0.442566
vt 0.327886 0.442566
vt 0.557902 0.449112
vt 0.592783 0.449112
vt 0.603657 0.449112
vt 0.649413 0.449112
vt 0.695168 0.449112
vt 0.719213 0.449112
vt 0.740923 0.449112
vt 0.786679 0.449112
vt 0.512147 0.449112
vt 0.466391 0.449112
vt 0.466354 0.449112
vt 0.420636 0.449112
vt 0.374880 0.449112
vt 0.339924 0.449112
vt 0.329125 0.449112
vt 0.283370 0.449112
vt 0.237614 0.449112
vt 0.191859 0.449112
vt 0.146104 0.449112
vt 0.100348 0.449112
vt 0.719643 0.449125
vt 0.828077 0.449805
vt 0.327886 0.449805
vt 0.828077 0.449843
vt 0.327886 0.449843
vt 0.501749 0.450804
vt 0.547505 0.450804
vt 0.564054 0.450804
vt 0.593260 0.450804
vt 0.639015 0.450804
vt 0.684771 0.450804
vt 0.690484 0.450804
vt 0.730526 0.450804
vt 0.776282 0.450804
vt 0.822037 0.450804
vt 0.455994 0.450804
vt 0.437625 0.450804
vt 0.410239 0.450804
vt 0.364483 0.450804
vt 0.318728 0.450804
vt 0.272973 0.450804
vt 0.227217 0.450804
vt 0.181462 0.450804
vt 0.135707 0.450804
vt 0.089951 0.450804
vt 0.044196 0.450804
vt 0.234463 0.450897
vt 0.809258 0.455559
vt 0.222682 0.455559
vt 0.719643 0.456365
vt 0.828077 0.457082
vt 0.327886 0.457082
vt 0.870841 0.457558
vt 0.916597 0.457558
vt 0.962352 0.457558
vt 0.234463 0.457558
vt 0.504798 0.457558
vt 0.504798 0.457558
vt 0.533300 0.457558
vt 0.533300 0.457558
vt 0.544081 0.457558
vt 0.544081 0.457558
vt 0.550554 0.457558
vt 0.550554 0.457558
vt 0.572479 0.457558
vt 0.577496 0.457558
vt 0.577496 0.457558
vt 0.588277 0.457558
vt 0.588277 0.457558
vt 0.596309 0.457558
vt 0.596309 0.457558
vt 0.621693 0.457558
vt 0.621693 0.457558
vt 0.632473 0.457558
vt 0.632473 0.457558
vt 0.642065 0.457558
vt 0.642065 0.457558
vt 0.665889 0.457558
vt 0.665889 0.457558
vt 0.676669 0.457558
vt 0.676669 0.457558
vt 0.687820 0.457558
vt 0.687820 0.457558
vt 0.698909 0.457558
vt 0.710085 0.457558
vt 0.710085 0.457558
vt 0.720866 0.457558
vt 0.720866 0.457558
vt 0.733575 0.457558
vt 0.733575 0.457558
vt 0.754282 0.457558
vt 0.754282 0.457558
vt 0.765062 0.457558
vt 0.765062 0.457558
vt 0.779331 0.457558
vt 0.779331 0.457558
vt 0.798478 0.457558
vt 0.798478 0.457558
vt 0.801575 0.457558
vt 0.804731 0.457558
vt 0.804748 0.457558
vt 0.807904 0.457558
vt 0.825086 0.457558
vt 0.825086 0.457558
vt 0.499884 0.457558
vt 0.499884 0.457558
vt 0.489104 0.457558
vt 0.489104 0.457558
vt 0.459043 0.457558
vt 0.459043 0.457558
vt 0.455688 0.457558
vt 0.455688 0.457558
vt 0.446050 0.457558
vt 0.444908 0.457558
vt 0.444908 0.457558
vt 0.413288 0.457558
vt 0.413288 0.457558
vt 0.411492 0.457558
vt 0.411492 0.457558
vt 0.400711 0.457558
vt 0.400711 0.457558
vt 0.367532 0.457558
vt 0.367532 0.457558
vt 0.367295 0.457558
vt 0.367295 0.457558
vt 0.356515 0.457558
vt 0.356515 0.457558
vt 0.323099 0.457558
vt 0.323099 0.457558
vt 0.321777 0.457558
vt 0.321777 0.457558
vt 0.312319 0.457558
vt 0.312319 0.457558
vt 0.278903 0.457558
vt 0.278903 0.457558
vt 0.276022 0.457558
vt 0.276022 0.457558
vt 0.268122 0.457558
vt 0.268122 0.457558
vt 0.234524 0.457558
vt 0.230266 0.457558
vt 0.230266 0.457558
vt 0.223926 0.457558
vt 0.223926 0.457558
vt 0.222682 0.457558
vt 0.222620 0.457558
vt 0.222620 0.457558
vt 0.210840 0.457558
vt 0.210840 0.457558
vt 0.210778 0.457558
vt 0.210778 0.457558
vt 0.198997 0.457558
vt 0.198997 0.457558
vt 0.198936 0.457558
vt 0.198936 0.457558
vt 0.190510 0.457558
vt 0.190510 0.457558
vt 0.187155 0.457558
vt 0.187155 0.457558
vt 0.187093 0.457558
vt 0.187093 0.457558
vt 0.184511 0.457558
vt 0.184511 0.457558
vt 0.179730 0.457558
vt 0.179730 0.457558
vt 0.175313 0.457558
vt 0.175313 0.457558
vt 0.175251 0.457558
vt 0.175251 0.457558
vt 0.246305 0.457558
vt 0.234707 0.457558
vt 0.234707 0.457558
vt 0.163470 0.457558
vt 0.163470 0.457558
vt 0.163409 0.457558
vt 0.163409 0.457558
vt 0.151628 0.457558
vt 0.151628 0.457558
vt 0.151566 0.457558
vt 0.151566 0.457558
vt 0.146314 0.457558
vt 0.146314 0.457558
vt 0.139785 0.457558
vt 0.139785 0.457558
vt 0.139724 0.457558
vt 0.139724 0.457558
vt 0.138756 0.457558
vt 0.138756 0.457558
vt 0.135534 0.457558
vt 0.135534 0.457558
vt 0.127943 0.457558
vt 0.127943 0.457558
vt 0.127882 0.457558
vt 0.127882 0.457558
vt 0.116101 0.457558
vt 0.116101 0.457558
vt 0.116039 0.457558
vt 0.116039 0.457558
vt 0.104258 0.457558
vt 0.104258 0.457558
vt 0.104197 0.457558
vt 0.104197 0.457558
vt 0.102118 0.457558
vt 0.102118 0.457558
vt 0.093000 0.457558
vt 0.093000 0.457558
vt 0.092416 0.457558
vt 0.092416 0.457558
vt 0.092354 0.457558
vt 0.092354 0.457558
vt 0.091337 0.457558
vt 0.091337 0.457558
vt 0.080574 0.457558
vt 0.080574 0.457558
vt 0.080512 0.457558
vt 0.080512 0.457558
vt 0.068731 0.457558
vt 0.068731 0.457558
vt 0.068670 0.457558
vt 0.068670 0.457558
vt 0.056889 0.457558
vt 0.056889 0.457558
vt 0.056827 0.457558
vt 0.056827 0.457558
vt 0.047245 0.457558
vt 0.047245 0.457558
vt 0.047141 0.457558
vt 0.047141 0.457558
vt 0.045047 0.457558
vt 0.045047 0.457558
vt 0.044985 0.457558
vt 0.044985 0.457558
vt 0.033204 0.457558
vt 0.033204 0.457558
vt 0.969856 0.458752
vt 0.809258 0.464219
vt 0.547505 0.464313
vt 0.593260 0.464313
vt 0.639015 0.464313
vt 0.684771 0.464313
vt 0.730526 0.464313
vt 0.776282 0.464313
vt 0.822037 0.464313
vt 0.867792 0.464313
vt 0.913548 0.464313
vt 0.959303 0.464313
vt 0.501749 0.464313
vt 0.455994 0.464313
vt 0.410239 0.464313
vt 0.364483 0.464313
vt 0.318728 0.464313
vt 0.272973 0.464313
vt 0.227217 0.464313
vt 0.181462 0.464313
vt 0.135707 0.464313
vt 0.089951 0.464313
vt 0.044196 0.464313
vt 0.969856 0.465991
vt 0.512147 0.466004
vt 0.557902 0.466004
vt 0.603657 0.466004
vt 0.649413 0.466004
vt 0.695168 0.466004
vt 0.740923 0.466004
vt 0.786679 0.466004
vt 0.832434 0.466004
vt 0.878189 0.466004
vt 0.923945 0.466004
vt 0.969700 0.466004
vt 0.466391 0.466004
vt 0.420636 0.466004
vt 0.374880 0.466004
vt 0.329125 0.466004
vt 0.283370 0.466004
vt 0.237614 0.466004
vt 0.191859 0.466004
vt 0.146104 0.466004
vt 0.100348 0.466004
vt 0.509098 0.472759
vt 0.554853 0.472759
vt 0.600608 0.472759
vt 0.646364 0.472759
vt 0.692119 0.472759
vt 0.737874 0.472759
vt 0.783630 0.472759
vt 0.829385 0.472759
vt 0.875140 0.472759
vt 0.920896 0.472759
vt 0.966651 0.472759
vt 0.463342 0.472759
vt 0.417587 0.472759
vt 0.371831 0.472759
vt 0.326076 0.472759
vt 0.280321 0.472759
vt 0.234565 0.472759
vt 0.188810 0.472759
vt 0.143055 0.472759
vt 0.097299 0.472759
vt 0.246367 0.518281
vt 0.842674 0.522943
vt 0.258147 0.522943
vt 0.853455 0.534178
vt 0.258209 0.588239
vt 0.886870 0.592901
vt 0.269990 0.592901
vt 0.897651 0.604136
vt 0.270051 0.658197
vt 0.931067 0.662859
vt 0.281832 0.662859
vt 0.941847 0.674094
vt 0.533300 0.674332
vt 0.544081 0.674332
vt 0.577496 0.674332
vt 0.588277 0.674332
vt 0.621693 0.674332
vt 0.632473 0.674332
vt 0.665889 0.674332
vt 0.676669 0.674332
vt 0.710085 0.674332
vt 0.720866 0.674332
vt 0.754282 0.674332
vt 0.765062 0.674332
vt 0.798478 0.674332
vt 0.809258 0.674332
vt 0.842674 0.674332
vt 0.853455 0.674332
vt 0.886870 0.674332
vt 0.897651 0.674332
vt 0.931067 0.674332
vt 0.938835 0.674332
vt 0.941847 0.674332
vt 0.499884 0.674332
vt 0.489104 0.674332
vt 0.455688 0.674332
vt 0.444908 0.674332
vt 0.411492 0.674332
vt 0.400711 0.674332
vt 0.367295 0.674332
vt 0.356515 0.674332
vt 0.323099 0.674332
vt 0.312319 0.674332
vt 0.281832 0.674332
vt 0.278903 0.674332
vt 0.270051 0.674332
vt 0.269990 0.674332
vt 0.268122 0.674332
vt 0.258209 0.674332
vt 0.258147 0.674332
vt 0.246367 0.674332
vt 0.246305 0.674332
vt 0.234707 0.674332
vt 0.234524 0.674332
vt 0.234463 0.674332
vt 0.223926 0.674332
vt 0.222682 0.674332
vt 0.222620 0.674332
vt 0.210840 0.674332
vt 0.210778 0.674332
vt 0.198997 0.674332
vt 0.198936 0.674332
vt 0.190510 0.674332
vt 0.187155 0.674332
vt 0.187093 0.674332
vt 0.179730 0.674332
vt 0.175313 0.674332
vt 0.175251 0.674332
vt 0.163470 0.674332
vt 0.163409 0.674332
vt 0.151628 0.674332
vt 0.151566 0.674332
vt 0.146314 0.674332
vt 0.139785 0.674332
vt 0.139724 0.674332
vt 0.135534 0.674332
vt 0.127943 0.674332
vt 0.127882 0.674332
vt 0.116101 0.674332
vt 0.116039 0.674332
vt 0.104259 0.674332
vt 0.104197 0.674332
vt 0.102118 0.674332
vt 0.092416 0.674332
vt 0.092355 0.674332
vt 0.091337 0.674332
vt 0.080574 0.674332
vt 0.080512 0.674332
vt 0.068731 0.674332
vt 0.068670 0.674332
vt 0.056889 0.674332
vt 0.056827 0.674332
vt 0.047141 0.674332
vt 0.045047 0.674332
vt 0.044985 0.674332
vt 0.033204 0.674332
vt 0.432381 0.661933
vt 0.377404 0.661933
vt 0.377404 0.445159
vt 0.432381 0.445159
vt 0.167203 0.661933
vt 0.112226 0.661933
vt 0.112226 0.445159
vt 0.167203 0.445159
vt 0.212748 0.436713
vt 0.159645 0.445159
vt 0.156596 0.438404
vt 0.209699 0.429959
vt 0.571443 0.445159
vt 0.624546 0.453605
vt 0.621497 0.460359
vt 0.568394 0.451913
vt 0.068134 0.445159
vt 0.121237 0.453605
vt 0.118188 0.460359
vt 0.065085 0.451913
vt 0.065874 0.445159
vt 0.054093 0.445159
vt 0.054093 0.228385
vt 0.065874 0.228385
vt 0.255596 0.661933
vt 0.200619 0.661933
vt 0.200619 0.445159
vt 0.255596 0.445159
vt 0.156423 0.445159
vt 0.156423 0.228385
vt 0.211399 0.228385
vt 0.211399 0.445159
vt 0.136990 0.661933
vt 0.136990 0.445159
vt 0.148771 0.445159
vt 0.148771 0.661933
vt 0.598386 0.445159
vt 0.598385 0.228385
vt 0.653362 0.228385
vt 0.653362 0.445159
vt 0.219825 0.445159
vt 0.208044 0.445159
vt 0.208044 0.228385
vt 0.219825 0.228385
vt 0.346965 0.429959
vt 0.350014 0.436713
vt 0.296911 0.445159
vt 0.293862 0.438404
vt 0.874344 0.445159
vt 0.874344 0.584184
vt 0.820974 0.661933
vt 0.819367 0.661933
vt 0.819367 0.445159
vt 0.172455 0.445159
vt 0.160675 0.445159
vt 0.160675 0.228385
vt 0.172455 0.228385
vt 0.113244 0.445159
vt 0.101463 0.445159
vt 0.101463 0.228385
vt 0.113244 0.228385
vt 0.730974 0.445159
vt 0.730974 0.228385
vt 0.785951 0.228385
vt 0.785951 0.445159
vt 0.377404 0.445159
vt 0.377404 0.228385
vt 0.432381 0.228385
vt 0.432381 0.445159
vt 0.113305 0.661933
vt 0.113305 0.445159
vt 0.125086 0.445159
vt 0.125086 0.661933
vt 0.404270 0.446434
vt 0.404270 0.453673
vt 0.374054 0.451913
vt 0.382380 0.445159
vt 0.184359 0.661933
vt 0.184359 0.445159
vt 0.196140 0.445159
vt 0.196140 0.661933
vt 0.301210 0.429959
vt 0.304259 0.436713
vt 0.251155 0.445159
vt 0.248106 0.438404
vt 0.244815 0.445159
vt 0.244815 0.228385
vt 0.299792 0.228385
vt 0.299792 0.445159
vt 0.163944 0.429959
vt 0.166993 0.436713
vt 0.113889 0.445159
vt 0.110840 0.438404
vt 0.863563 0.445159
vt 0.863563 0.290453
vt 0.918540 0.370544
vt 0.918540 0.445159
vt 0.785951 0.661933
vt 0.730974 0.661933
vt 0.730974 0.445159
vt 0.785951 0.445159
vt 0.219886 0.661933
vt 0.219886 0.445159
vt 0.231667 0.445159
vt 0.231667 0.661933
vt 0.065936 0.661933
vt 0.065936 0.445159
vt 0.077717 0.445159
vt 0.077717 0.661933
vt 0.208044 0.661933
vt 0.208044 0.445159
vt 0.219825 0.445159
vt 0.219825 0.661933
vt 0.575742 0.429959
vt 0.578791 0.436713
vt 0.525688 0.445159
vt 0.522638 0.438404
vt 0.343988 0.661933
vt 0.289011 0.661933
vt 0.289011 0.445159
vt 0.343988 0.445159
vt 0.125086 0.445159
vt 0.113305 0.445159
vt 0.113305 0.228385
vt 0.125086 0.228385
vt 0.159645 0.445159
vt 0.212748 0.453605
vt 0.209699 0.460359
vt 0.156596 0.451913
vt 0.196140 0.445159
vt 0.184359 0.445159
vt 0.184359 0.228385
vt 0.196140 0.228385
vt 0.200619 0.445159
vt 0.200619 0.228385
vt 0.255596 0.228385
vt 0.255596 0.445159
vt 0.388185 0.661933
vt 0.333208 0.661933
vt 0.333208 0.445159
vt 0.388185 0.445159
vt 0.662954 0.445159
vt 0.716057 0.453605
vt 0.713008 0.460359
vt 0.659904 0.451913
vt 0.118188 0.429959
vt 0.121237 0.436713
vt 0.068134 0.445159
vt 0.065085 0.438404
vt 0.299792 0.661933
vt 0.244815 0.661933
vt 0.244815 0.445159
vt 0.299792 0.445159
vt 0.054094 0.661933
vt 0.054093 0.445159
vt 0.065874 0.445159
vt 0.065874 0.661933
vt 0.421600 0.445159
vt 0.421600 0.228385
vt 0.476577 0.228385
vt 0.476577 0.445159
vt 0.296911 0.445159
vt 0.350014 0.453605
vt 0.346965 0.460359
vt 0.293862 0.451913
vt 0.113889 0.445159
vt 0.166993 0.453605
vt 0.163944 0.460359
vt 0.110840 0.451913
vt 0.617198 0.445159
vt 0.670302 0.453605
vt 0.667253 0.460359
vt 0.614149 0.451913
vt 0.476577 0.661933
vt 0.421600 0.661933
vt 0.421600 0.445159
vt 0.476577 0.445159
vt 0.402444 0.453605
vt 0.394118 0.460359
vt 0.249115 0.451913
vt 0.257441 0.445159
vt 0.686778 0.445159
vt 0.686778 0.228385
vt 0.741755 0.228385
vt 0.741755 0.445159
vt 0.289011 0.445159
vt 0.289011 0.228385
vt 0.343988 0.228385
vt 0.343988 0.445159
vt 0.231729 0.661933
vt 0.231729 0.445159
vt 0.243509 0.445159
vt 0.243509 0.661933
vt 0.564970 0.661933
vt 0.509993 0.661933
vt 0.509993 0.445159
vt 0.564970 0.445159
vt 0.388422 0.445159
vt 0.441525 0.453605
vt 0.438476 0.460359
vt 0.385372 0.451913
vt 0.077717 0.445159
vt 0.065936 0.445159
vt 0.065936 0.228385
vt 0.077717 0.228385
vt 0.713008 0.429959
vt 0.716057 0.436713
vt 0.662954 0.445159
vt 0.659904 0.438404
vt 0.125148 0.661933
vt 0.125148 0.445159
vt 0.136928 0.445159
vt 0.136928 0.661933
vt 0.850274 0.429959
vt 0.853323 0.436713
vt 0.800220 0.445159
vt 0.797171 0.438404
vt 0.845975 0.445159
vt 0.847527 0.445406
vt 0.847527 0.452645
vt 0.842926 0.451913
vt 0.609166 0.661933
vt 0.554189 0.661933
vt 0.554189 0.445159
vt 0.609166 0.445159
vt 0.800220 0.445159
vt 0.847527 0.452683
vt 0.847527 0.459922
vt 0.797171 0.451913
vt 0.077778 0.661933
vt 0.077778 0.445159
vt 0.089559 0.445159
vt 0.089559 0.661933
vt 0.333208 0.445159
vt 0.333208 0.228385
vt 0.388185 0.228385
vt 0.388185 0.445159
vt 0.196202 0.661933
vt 0.196202 0.445159
vt 0.207982 0.445159
vt 0.207982 0.661933
vt 0.342666 0.445159
vt 0.395770 0.453605
vt 0.392721 0.460359
vt 0.339617 0.451913
vt 0.758763 0.429959
vt 0.761812 0.436713
vt 0.708709 0.445159
vt 0.705660 0.438404
vt 0.172517 0.661933
vt 0.172517 0.445159
vt 0.184298 0.445159
vt 0.184298 0.661933
vt 0.465797 0.445159
vt 0.465797 0.228385
vt 0.520773 0.228385
vt 0.520773 0.445159
vt 0.148832 0.661933
vt 0.148832 0.445159
vt 0.160613 0.445159
vt 0.160613 0.661933
vt 0.089620 0.661933
vt 0.089620 0.445159
vt 0.101401 0.445159
vt 0.101401 0.661933
vt 0.529987 0.429959
vt 0.533036 0.436713
vt 0.479932 0.445159
vt 0.476883 0.438404
vt 0.653362 0.661933
vt 0.598386 0.661933
vt 0.598386 0.445159
vt 0.653362 0.445159
vt 0.184298 0.445159
vt 0.172517 0.445159
vt 0.172517 0.228385
vt 0.184298 0.228385
vt 0.152567 0.453605
vt 0.144241 0.460359
vt 0.011802 0.452645
vt 0.011802 0.445406
vt 0.251155 0.445159
vt 0.304259 0.453605
vt 0.301210 0.460359
vt 0.248106 0.451913
vt 0.804519 0.429959
vt 0.807568 0.436713
vt 0.754464 0.445159
vt 0.751415 0.438404
vt 0.509993 0.445159
vt 0.509993 0.228385
vt 0.564970 0.228385
vt 0.564970 0.445159
vt 0.621497 0.429959
vt 0.624546 0.436713
vt 0.571443 0.445159
vt 0.568394 0.438404
vt 0.211399 0.661933
vt 0.156423 0.661933
vt 0.156423 0.445159
vt 0.211399 0.445159
vt 0.068030 0.445159
vt 0.068030 0.228385
vt 0.123007 0.228385
vt 0.123007 0.445159
vt 0.987540 0.429958
vt 0.990589 0.436713
vt 0.937486 0.445159
vt 0.934437 0.438404
vt 0.089559 0.445159
vt 0.077778 0.445159
vt 0.077778 0.228385
vt 0.089559 0.228385
vt 0.290879 0.445159
vt 0.279098 0.445159
vt 0.279098 0.439552
vt 0.290879 0.444150
vt 0.243571 0.661933
vt 0.243571 0.445159
vt 0.255352 0.445159
vt 0.255352 0.661933
vt 0.479932 0.445159
vt 0.533036 0.453605
vt 0.529987 0.460359
vt 0.476883 0.451913
vt 0.484231 0.429959
vt 0.487280 0.436713
vt 0.434177 0.445159
vt 0.431128 0.438404
vt 0.754464 0.445159
vt 0.807568 0.453605
vt 0.804519 0.460359
vt 0.751415 0.451913
vt 0.123007 0.661933
vt 0.068030 0.661933
vt 0.068030 0.445159
vt 0.123007 0.445159
vt 0.434177 0.445159
vt 0.487280 0.453605
vt 0.484231 0.460359
vt 0.431128 0.451913
vt 0.554189 0.445159
vt 0.554189 0.228385
vt 0.609166 0.228385
vt 0.609166 0.445159
vt 0.697559 0.661933
vt 0.642582 0.661933
vt 0.642582 0.445159
vt 0.697558 0.445159
vt 0.667253 0.429959
vt 0.670302 0.436713
vt 0.617198 0.445159
vt 0.614149 0.438404
vt 0.525688 0.445159
vt 0.578791 0.453605
vt 0.575742 0.460359
vt 0.522638 0.451913
vt 0.231667 0.445159
vt 0.219886 0.445159
vt 0.219886 0.228385
vt 0.231667 0.228385
vt 0.392721 0.429959
vt 0.395770 0.436713
vt 0.342666 0.445159
vt 0.339617 0.438404
vt 0.520773 0.661933
vt 0.465797 0.661933
vt 0.465797 0.445159
vt 0.520773 0.445159
vt 0.160675 0.661933
vt 0.160675 0.445159
vt 0.172455 0.445159
vt 0.172455 0.661933
vt 0.907759 0.445159
vt 0.907759 0.359461
vt 0.962736 0.439552
vt 0.962736 0.445159
vt 0.027628 0.453605
vt 0.019302 0.460359
vt 0.011802 0.459922
vt 0.011802 0.452683
vt 0.951956 0.428469
vt 0.963412 0.445159
vt 0.951956 0.445159
vt 0.267256 0.445159
vt 0.267256 0.370544
vt 0.279037 0.375142
vt 0.279037 0.445159
vt 0.951956 0.457250
vt 0.951956 0.445159
vt 0.960255 0.445159
vt 0.941785 0.429959
vt 0.944834 0.436713
vt 0.891730 0.445159
vt 0.888681 0.438404
vt 0.830147 0.445159
vt 0.775171 0.445159
vt 0.775171 0.228385
vt 0.827304 0.228385
vt 0.830147 0.232528
vt 0.205400 0.445159
vt 0.258503 0.453605
vt 0.255454 0.460359
vt 0.202351 0.451913
vt 0.962736 0.446168
vt 0.907759 0.526258
vt 0.907759 0.445159
vt 0.962736 0.445159
vt 0.991258 0.436644
vt 0.991258 0.443884
vt 0.983241 0.445159
vt 0.980192 0.438404
vt 0.830147 0.445159
vt 0.830147 0.653192
vt 0.824147 0.661933
vt 0.775171 0.661933
vt 0.775171 0.445159
vt 0.112226 0.445159
vt 0.112226 0.228385
vt 0.167203 0.228385
vt 0.167203 0.445159
vt 0.302721 0.457250
vt 0.290941 0.461849
vt 0.290941 0.445159
vt 0.302721 0.445159
vt 0.279037 0.595266
vt 0.267256 0.599864
vt 0.267256 0.445159
vt 0.279037 0.445159
vt 0.918540 0.515176
vt 0.863563 0.595266
vt 0.863563 0.445159
vt 0.918540 0.445159
vt 0.243509 0.445159
vt 0.231729 0.445159
vt 0.231729 0.228385
vt 0.243509 0.228385
vt 0.160613 0.445159
vt 0.148832 0.445159
vt 0.148832 0.228385
vt 0.160613 0.228385
vt 0.255413 0.445159
vt 0.255413 0.301536
vt 0.267194 0.306134
vt 0.267194 0.445159
vt 0.896029 0.429959
vt 0.899078 0.436713
vt 0.845975 0.445159
vt 0.842926 0.438404
vt 0.708709 0.445159
vt 0.761812 0.453605
vt 0.758763 0.460359
vt 0.705660 0.451913
vt 0.277505 0.453605
vt 0.269180 0.460359
vt 0.124176 0.451913
vt 0.132502 0.445159
vt 0.290879 0.526258
vt 0.279098 0.530857
vt 0.279098 0.445159
vt 0.290879 0.445159
vt 0.136928 0.445159
vt 0.125148 0.445159
vt 0.125148 0.228385
vt 0.136928 0.228385
vt 0.243571 0.445159
vt 0.243571 0.232528
vt 0.255352 0.237126
vt 0.255352 0.445159
vt 0.874344 0.445159
vt 0.819367 0.445159
vt 0.819367 0.228385
vt 0.824131 0.228385
vt 0.874344 0.301536
vt 0.642582 0.445159
vt 0.642582 0.228385
vt 0.697558 0.228385
vt 0.697558 0.445159
vt 0.101463 0.661933
vt 0.101463 0.445159
vt 0.113244 0.445159
vt 0.113244 0.661933
vt 0.255454 0.429959
vt 0.258503 0.436713
vt 0.205400 0.445159
vt 0.202351 0.438404
vt 0.438476 0.429959
vt 0.441525 0.436713
vt 0.388422 0.445159
vt 0.385372 0.438404
vt 0.255414 0.661933
vt 0.255413 0.445159
vt 0.267194 0.445159
vt 0.267194 0.661933
vt 0.741755 0.661933
vt 0.686778 0.661933
vt 0.686778 0.445159
vt 0.741755 0.445159
vt 0.101401 0.445159
vt 0.089620 0.445159
vt 0.089620 0.228385
vt 0.101401 0.228385
vt 0.207982 0.445159
vt 0.196202 0.445159
vt 0.196202 0.228385
vt 0.207982 0.228385
vt 0.148771 0.445159
vt 0.136990 0.445159
vt 0.136990 0.228385
vt 0.148771 0.228385
vn 0.000000 0.965926 0.258819
vn 0.000000 0.965926 0.258819
vn 0.000000 0.965926 0.258819
vn 0.000000 0.965926 0.258819
vn 0.000000 0.965926 0.258819
vn 0.000000 0.965926 0.258819
vn 0.000000 -0.258819 0.965926
vn 0.000000 -0.258819 0.965926
vn 0.000000 -0.258819 0.965926
vn 0.000000 -0.258819 0.965926
vn 0.000000 -0.258819 0.965926
vn 0.000000 -0.258819 0.965926
vn 1.000000 0.000000 -0.000000
vn 1.000000 0.000000 -0.000000
vn 1.000000 0.000000 -0.000000
vn 1.000000 -0.000001 -0.000000
vn 1.000000 -0.000001 -0.000000
vn 1.000000 -0.000001 -0.000000
vn -1.000000 0.000000 0.000000
vn -1.000000 0.000000 0.000000
vn -1.000000 0.000000 0.000000
vn -1.000000 0.000000 0.000000
vn -1.000000 0.000000 0.000000
vn -1.000000 0.000000 0.000000
vn -0.000000 0.258819 -0.965926
vn -0.000000 0.258819 -0.965926
vn -0.000000 0.258819 -0.965926
vn -0.000000 0.258818 -0.965926
vn -0.000000 0.258818 -0.965926
vn -0.000000 0.258818 -0.965926
vn 0.000000 -0.258819 0.965926
vn 0.000000 -0.258819 0.965926
vn 0.000000 -0.258819 0.965926
vn 0.000000 -0.258819 0.965926
vn 0.000000 -0.258819 0.965926
vn 0.000000 -0.258819 0.965926
vn 0.000000 -0.258819 0.965926
vn 0.000000 -0.258819 0.965926
vn 0.000000 -0.258819 0.965926
vn 0.000000 -0.258819 0.965926
vn 0.000000 -0.258819 0.965926
vn 0.000000 -0.258819 0.965926
vn 0.000000 -0.258819 0.965926
vn 0.000000 -0.258819 0.965926
vn 0.000000 -0.258819 0.965926
vn 0.000000 -0.258819 0.965926
vn 0.000000 -0.258819 0.965926
vn 0.000000 -0.258819 0.965926
vn 1.000000 0.000000 -0.000000
vn 1.000000 0.000000 -0.000000
vn 1.000000 0.000000 -0.000000
vn 1.000000 -0.000001 -0.000000
vn 1.000000 -0.000001 -0.000000
vn 1.000000 -0.000001 -0.000000
vn 0.000000 0.965926 0.258818
vn 0.000000 0.965926 0.258818
vn 0.000000 0.965926 0.258818
vn 0.000000 0.965925 0.258821
vn 0.000000 0.965925 0.258821
vn 0.000000 0.965925 0.258821
vn 0.000000 0.965926 0.258818
vn 0.000000 0.965926 0.258818
vn 0.000000 0.965926 0.258818
vn 0.000000 0.965924 0.258825
vn 0.000000 0.965924 0.258825
vn 0.000000 0.965924 0.258825
vn -0.000000 -0.965926 -0.258819
vn -0.000000 -0.965926 -0.258819
vn -0.000000 -0.965926 -0.258819
vn -0.000000 -0.965926 -0.258819
vn -0.000000 -0.965926 -0.258819
vn -0.000000 -0.965926 -0.258819
vn -0.613288 0.789859 -0.000002
vn -0.613288 0.789859 -0.000002
vn -0.613288 0.789859 -0.000002
vn -0.613288 0.789860 0.000000
vn -0.613288 0.789860 0.000000
vn -0.613288 0.789860 0.000000
vn -0.000000 0.258819 -0.965926
vn -0.000000 0.258819 -0.965926
vn -0.000000 0.258819 -0.965926
vn -0.000000 0.258819 -0.965926
vn -0.000000 0.258819 -0.965926
vn -0.000000 0.258819 -0.965926
vn 0.000000 0.965925 0.258821
vn 0.000000 0.965925 0.258821
vn 0.000000 0.965925 0.258821
vn 0.000000 0.965926 0.258818
vn 0.000000 0.965926 0.258818
vn 0.000000 0.965926 0.258818
vn 0.000000 -0.258819 0.965926
vn 0.000000 -0.258819 0.965926
vn 0.000000 -0.258819 0.965926
vn 0.000000 -0.258819 0.965926
vn 0.000000 -0.258819 0.965926
vn 0.000000 -0.258819 0.965926
vn 0.000000 0.965924 0.258825
vn 0.000000 0.965924 0.258825
vn 0.000000 0.965924 0.258825
vn 0.000000 0.965926 0.258818
vn 0.000000 0.965926 0.258818
vn 0.000000 0.965926 0.258818
vn 0.000000 -0.258819 0.965926
vn 0.000000 -0.258819 0.965926
vn 0.000000 -0.258819 0.965926
vn 0.000000 -0.258819 0.965926
vn 0.000000 -0.258819 0.965926
vn 0.000000 -0.258819 0.965926
vn 0.000000 0.965926 0.258818
vn 0.000000 0.965926 0.258818
vn 0.000000 0.965926 0.258818
vn 0.000000 0.965926 0.258818
vn 0.000000 0.965926 0.258818
vn 0.000000 0.965926 0.258818
vn -1.000000 0.000000 0.000000
vn -1.000000 0.000000 0.000000
vn -1.000000 0.000000 0.000000
vn -1.000000 0.000000 0.000000
vn -1.000000 0.000000 0.000000
vn -1.000000 0.000000 0.000000
vn 0.000000 -0.258819 0.965926
vn 0.000000 -0.258819 0.965926
vn 0.000000 -0.258819 0.965926
vn 0.000000 -0.258819 0.965926
vn 0.000000 -0.258819 0.965926
vn 0.000000 -0.258819 0.965926
vn 0.000000 0.965922 0.258832
vn 0.000000 0.965922 0.258832
vn 0.000000 0.965922 0.258832
vn 0.000000 0.965928 0.258811
vn 0.000000 0.965928 0.258811
vn 0.000000 0.965928 0.258811
vn 0.000000 0.965926 0.258818
vn 0.000000 0.965926 0.258818
vn 0.000000 0.965926 0.258818
vn 0.000000 0.965926 0.258818
vn 0.000000 0.965926 0.258818
vn 0.000000 0.965926 0.258818
vn 0.000000 0.965926 0.258819
vn 0.000000 0.965926 0.258819
vn 0.000000 0.965926 0.258819
vn 0.000000 0.965926 0.258819
vn 0.000000 0.965926 0.258819
vn 0.000000 0.965926 0.258819
vn -0.000000 -0.965922 -0.258832
vn -0.000000 -0.965922 -0.258832
vn -0.000000 -0.965922 -0.258832
vn -0.000000 -0.965926 -0.258818
vn -0.000000 -0.965926 -0.258818
vn -0.000000 -0.965926 -0.258818
vn 0.000000 -0.258819 0.965926
vn 0.000000 -0.258819 0.965926
vn 0.000000 -0.258819 0.965926
vn 0.000000 -0.258819 0.965926
vn 0.000000 -0.258819 0.965926
vn 0.000000 -0.258819 0.965926
vn -0.000000 -0.965926 -0.258818
vn -0.000000 -0.965926 -0.258818
vn -0.000000 -0.965926 -0.258818
vn -0.000000 -0.965924 -0.258825
vn -0.000000 -0.965924 -0.258825
vn -0.000000 -0.965924 -0.258825
vn 0.000000 -0.258819 0.965926
vn 0.000000 -0.258819 0.965926
vn 0.000000 -0.258819 0.965926
vn 0.000000 -0.258819 0.965926
vn 0.000000 -0.258819 0.965926
vn 0.000000 -0.258819 0.965926
vn 0.000000 0.965925 0.258821
vn 0.000000 0.965925 0.258821
vn 0.000000 0.965925 0.258821
vn 0.000000 0.965926 0.258818
vn 0.000000 0.965926 0.258818
vn 0.000000 0.965926 0.258818
vn -0.000000 0.258819 -0.965926
vn -0.000000 0.258819 -0.965926
vn -0.000000 0.258819 -0.965926
vn -0.000000 0.258819 -0.965926
vn -0.000000 0.258819 -0.965926
vn -0.000000 0.258819 -0.965926
vn -1.000000 0.000000 0.000000
vn -1.000000 0.000000 0.000000
vn -1.000000 0.000000 0.000000
vn -1.000000 0.000000 0.000000
vn -1.000000 0.000000 0.000000
vn -1.000000 0.000000 0.000000
vn -0.000000 -0.965926 -0.258818
vn -0.000000 -0.965926 -0.258818
vn -0.000000 -0.965926 -0.258818
vn -0.000000 -0.965926 -0.258818
vn -0.000000 -0.965926 -0.258818
vn -0.000000 -0.965926 -0.258818
vn -0.000000 -0.965926 -0.258817
vn -0.000000 -0.965926 -0.258817
vn -0.000000 -0.965926 -0.258817
vn -0.000000 -0.965926 -0.258820
vn -0.000000 -0.965926 -0.258820
vn -0.000000 -0.965926 -0.258820
vn -1.000000 0.000000 0.000000
vn -1.000000 0.000000 0.000000
vn -1.000000 0.000000 0.000000
vn -1.000000 0.000000 0.000000
vn -1.000000 0.000000 0.000000
vn -1.000000 0.000000 0.000000
vn 1.000000 0.000000 -0.000000
vn 1.000000 0.000000 -0.000000
vn 1.000000 0.000000 -0.000000
vn 1.000000 -0.000001 -0.000000
vn 1.000000 -0.000001 -0.000000
vn 1.000000 -0.000001 -0.000000
vn -1.000000 0.000000 0.000000
vn -1.000000 0.000000 0.000000
vn -1.000000 0.000000 0.000000
vn -1.000000 0.000000 0.000000
vn -1.000000 0.000000 0.000000
vn -1.000000 0.000000 0.000000
vn 0.000000 -0.258819 0.965926
vn 0.000000 -0.258819 0.965926
vn 0.000000 -0.258819 0.965926
vn 0.000000 -0.258819 0.965926
vn 0.000000 -0.258819 0.965926
vn 0.000000 -0.258819 0.965926
vn -0.000000 -0.965924 -0.258825
vn -0.000000 -0.965924 -0.258825
vn -0.000000 -0.965924 -0.258825
vn -0.000000 -0.965926 -0.258818
vn -0.000000 -0.965926 -0.258818
vn -0.000000 -0.965926 -0.258818
vn -0.000000 0.258819 -0.965926
vn -0.000000 0.258819 -0.965926
vn -0.000000 0.258819 -0.965926
vn -0.000000 0.258819 -0.965926
vn -0.000000 0.258819 -0.965926
vn -0.000000 0.258819 -0.965926
vn -1.000000 0.000000 0.000000
vn -1.000000 0.000000 0.000000
vn -1.000000 0.000000 0.000000
vn -1.000000 0.000000 0.000000
vn -1.000000 0.000000 0.000000
vn -1.000000 0.000000 0.000000
vn 1.000000 0.000000 -0.000000
vn 1.000000 0.000000 -0.000000
vn 1.000000 0.000000 -0.000000
vn 1.000000 -0.000001 -0.000000
vn 1.000000 -0.000001 -0.000000
vn 1.000000 -0.000001 -0.000000
vn -0.613289 0.789858 0.000000
vn -0.613289 0.789858 0.000000
vn -0.613289 0.789858 0.000000
vn -0.613286 0.789861 0.000000
vn -0.613286 0.789861 0.000000
vn -0.613286 0.789861 0.000000
vn -0.000000 0.258819 -0.965926
vn -0.000000 0.258819 -0.965926
vn -0.000000 0.258819 -0.965926
vn -0.000000 0.258819 -0.965926
vn -0.000000 0.258819 -0.965926
vn -0.000000 0.258819 -0.965926
vn 0.000000 0.965926 0.258818
vn 0.000000 0.965926 0.258818
vn 0.000000 0.965926 0.258818
vn 0.000000 0.965926 0.258818
vn 0.000000 0.965926 0.258818
vn 0.000000 0.965926 0.258818
vn 0.000000 -0.258819 0.965926
vn 0.000000 -0.258819 0.965926
vn 0.000000 -0.258819 0.965926
vn 0.000000 -0.258819 0.965926
vn 0.000000 -0.258819 0.965926
vn 0.000000 -0.258819 0.965926
vn 0.000000 -0.258819 0.965926
vn 0.000000 -0.258819 0.965926
vn 0.000000 -0.258819 0.965926
vn 0.000000 -0.258819 0.965926
vn 0.000000 -0.258819 0.965926
vn 0.000000 -0.258819 0.965926
vn 0.000000 -0.258819 0.965926
vn 0.000000 -0.258819 0.965926
vn 0.000000 -0.258819 0.965926
vn 0.000000 -0.258819 0.965926
vn 0.000000 -0.258819 0.965926
vn 0.000000 -0.258819 0.965926
vn -1.000000 0.000000 0.000000
vn -1.000000 0.000000 0.000000
vn -1.000000 0.000000 0.000000
vn -1.000000 0.000000 0.000000
vn -1.000000 0.000000 0.000000
vn -1.000000 0.000000 0.000000
vn -1.000000 0.000000 0.000000
vn -1.000000 0.000000 0.000000
vn -1.000000 0.000000 0.000000
vn -1.000000 0.000000 0.000000
vn -1.000000 0.000000 0.000000
vn -1.000000 0.000000 0.000000
vn 0.000000 0.965924 0.258825
vn 0.000000 0.965924 0.258825
vn 0.000000 0.965924 0.258825
vn 0.000000 0.965927 0.258814
vn 0.000000 0.965927 0.258814
vn 0.000000 0.965927 0.258814
vn -0.000000 -0.965926 -0.258818
vn -0.000000 -0.965926 -0.258818
vn -0.000000 -0.965926 -0.258818
vn -0.000000 -0.965926 -0.258818
vn -0.000000 -0.965926 -0.258818
vn -0.000000 -0.965926 -0.258818
vn -0.000000 -0.965926 -0.258818
vn -0.000000 -0.965926 -0.258818
vn -0.000000 -0.965926 -0.258818
vn -0.000000 -0.965925 -0.258821
vn -0.000000 -0.965925 -0.258821
vn -0.000000 -0.965925 -0.258821
vn 0.000000 0.965928 0.258812
vn 0.000000 0.965928 0.258812
vn 0.000000 0.965928 0.258812
vn 0.000000 0.965926 0.258820
vn 0.000000 0.965926 0.258820
vn 0.000000 0.965926 0.258820
vn 0.000002 0.258819 -0.965926
vn 0.000002 0.258819 -0.965926
vn 0.000002 0.258819 -0.965926
vn -0.000000 0.258819 -0.965926
vn -0.000000 0.258819 -0.965926
vn -0.000000 0.258819 -0.965926
vn -0.000000 0.258819 -0.965926
vn -0.000000 0.258819 -0.965926
vn -0.000000 0.258819 -0.965926
vn -0.000000 -0.965926 -0.258819
vn -0.000000 -0.965926 -0.258819
vn -0.000000 -0.965926 -0.258819
vn -0.000000 -0.965926 -0.258818
vn -0.000000 -0.965926 -0.258818
vn -0.000000 -0.965926 -0.258818
vn -1.000000 0.000000 0.000000
vn -1.000000 0.000000 0.000000
vn -1.000000 0.000000 0.000000
vn -1.000000 0.000000 0.000000
vn -1.000000 0.000000 0.000000
vn -1.000000 0.000000 0.000000
vn 0.000000 -0.258819 0.965926
vn 0.000000 -0.258819 0.965926
vn 0.000000 -0.258819 0.965926
vn 0.000000 -0.258819 0.965926
vn 0.000000 -0.258819 0.965926
vn 0.000000 -0.258819 0.965926
vn 0.000000 -0.258819 0.965926
vn 0.000000 -0.258819 0.965926
vn 0.000000 -0.258819 0.965926
vn 0.000000 -0.258819 0.965926
vn 0.000000 -0.258819 0.965926
vn 0.000000 -0.258819 0.965926
vn -0.613288 0.789859 -0.000002
vn -0.613288 0.789859 -0.000002
vn -0.613288 0.789859 -0.000002
vn -0.613289 0.789859 0.000000
vn -0.613289 0.789859 0.000000
vn -0.613289 0.789859 0.000000
vn -1.000000 0.000000 0.000000
vn -1.000000 0.000000 0.000000
vn -1.000000 0.000000 0.000000
vn -1.000000 0.000000 0.000000
vn -1.000000 0.000000 0.000000
vn -1.000000 0.000000 0.000000
vn -1.000000 0.000000 0.000000
vn -1.000000 0.000000 0.000000
vn -1.000000 0.000000 0.000000
vn -1.000000 0.000000 0.000000
vn -1.000000 0.000000 0.000000
vn -1.000000 0.000000 0.000000
vn 0.000000 -0.258819 0.965926
vn 0.000000 -0.258819 0.965926
vn 0.000000 -0.258819 0.965926
vn 0.000000 -0.258819 0.965926
vn 0.000000 -0.258819 0.965926
vn 0.000000 -0.258819 0.965926
vn -0.000000 -0.965926 -0.258818
vn -0.000000 -0.965926 -0.258818
vn -0.000000 -0.965926 -0.258818
vn -0.000000 -0.965925 -0.258821
vn -0.000000 -0.965925 -0.258821
vn -0.000000 -0.965925 -0.258821
vn -1.000000 0.000000 0.000000
vn -1.000000 0.000000 0.000000
vn -1.000000 0.000000 0.000000
vn -1.000000 0.000000 0.000000
vn -1.000000 0.000000 0.000000
vn -1.000000 0.000000 0.000000
vn 1.000000 0.000000 -0.000000
vn 1.000000 0.000000 -0.000000
vn 1.000000 0.000000 -0.000000
vn 1.000000 -0.000001 -0.000000
vn 1.000000 -0.000001 -0.000000
vn 1.000000 -0.000001 -0.000000
vn -0.613280 0.789866 0.000020
vn -0.613280 0.789866 0.000020
vn -0.613280 0.789866 0.000020
vn -0.613283 0.789863 0.000000
vn -0.613283 0.789863 0.000000
vn -0.613283 0.789863 0.000000
vn 0.000000 0.965926 0.258818
vn 0.000000 0.965926 0.258818
vn 0.000000 0.965926 0.258818
vn 0.000000 0.965926 0.258818
vn 0.000000 0.965926 0.258818
vn 0.000000 0.965926 0.258818
vn 0.000000 0.965926 0.258818
vn 0.000000 0.965926 0.258818
vn 0.000000 0.965926 0.258818
vn 0.000000 0.965926 0.258818
vn 0.000000 0.965926 0.258818
vn 0.000000 0.965926 0.258818
vn 1.000000 0.000000 -0.000000
vn 1.000000 0.000000 -0.000000
vn 1.000000 0.000000 -0.000000
vn 1.000000 -0.000001 -0.000000
vn 1.000000 -0.000001 -0.000000
vn 1.000000 -0.000001 -0.000000
vn -0.000000 -0.965924 -0.258827
vn -0.000000 -0.965924 -0.258827
vn -0.000000 -0.965924 -0.258827
vn -0.000000 -0.965926 -0.258817
vn -0.000000 -0.965926 -0.258817
vn -0.000000 -0.965926 -0.258817
vn -0.613288 0.789859 -0.000011
vn -0.613288 0.789859 -0.000011
vn -0.613288 0.789859 -0.000011
vn -0.613288 0.789860 0.000008
vn -0.613288 0.789860 0.000008
vn -0.613288 0.789860 0.000008
vn -1.000000 0.000000 0.000000
vn -1.000000 0.000000 0.000000
vn -1.000000 0.000000 0.000000
vn -1.000000 0.000000 0.000000
vn -1.000000 0.000000 0.000000
vn -1.000000 0.000000 0.000000
vn -0.000000 -0.965928 -0.258811
vn -0.000000 -0.965928 -0.258811
vn -0.000000 -0.965928 -0.258811
vn -0.000000 -0.965924 -0.258825
vn -0.000000 -0.965924 -0.258825
vn -0.000000 -0.965924 -0.258825
vn -0.000000 0.258819 -0.965926
vn -0.000000 0.258819 -0.965926
vn -0.000000 0.258819 -0.965926
vn -0.000000 0.258819 -0.965926
vn -0.000000 0.258819 -0.965926
vn -0.000000 0.258819 -0.965926
vn -0.000000 0.258819 -0.965926
vn -0.000000 0.258819 -0.965926
vn -0.000000 0.258819 -0.965926
vn -0.000000 0.258819 -0.965926
vn -0.000000 0.258819 -0.965926
vn -0.000000 0.258819 -0.965926
vn -0.000000 0.258819 -0.965926
vn -0.000000 0.258819 -0.965926
vn -0.000000 0.258819 -0.965926
vn -0.000000 0.258819 -0.965926
vn -0.000000 0.258819 -0.965926
vn -0.000000 0.258819 -0.965926
vn 1.000000 0.000000 -0.000000
vn 1.000000 0.000000 -0.000000
vn 1.000000 0.000000 -0.000000
vn 1.000000 -0.000001 -0.000000
vn 1.000000 -0.000001 -0.000000
vn 1.000000 -0.000001 -0.000000
vn -1.000000 0.000000 0.000000
vn -1.000000 0.000000 0.000000
vn -1.000000 0.000000 0.000000
vn -1.000000 0.000000 0.000000
vn -1.000000 0.000000 0.000000
vn -1.000000 0.000000 0.000000
vn -0.000000 0.258819 -0.965926
vn -0.000000 0.258819 -0.965926
vn -0.000000 0.258819 -0.965926
vn -0.000000 0.258819 -0.965926
vn -0.000000 0.258819 -0.965926
vn -0.000000 0.258819 -0.965926
vn 1.000000 0.000000 -0.000000
vn 1.000000 0.000000 -0.000000
vn 1.000000 0.000000 -0.000000
vn 1.000000 -0.000001 -0.000000
vn 1.000000 -0.000001 -0.000000
vn 1.000000 -0.000001 -0.000000
vn -0.000000 -0.965926 -0.258819
vn -0.000000 -0.965926 -0.258819
vn -0.000000 -0.965926 -0.258819
vn -0.000000 -0.965926 -0.258819
vn -0.000000 -0.965926 -0.258819
vn -0.000000 -0.965926 -0.258819
vn 0.000000 -0.258820 0.965926
vn 0.000000 -0.258820 0.965926
vn 0.000000 -0.258820 0.965926
vn 0.000000 -0.258819 0.965926
vn 0.000000 -0.258819 0.965926
vn 0.000000 -0.258819 0.965926
vn 0.000000 0.965924 0.258827
vn 0.000000 0.965924 0.258827
vn 0.000000 0.965924 0.258827
vn 0.000000 0.965926 0.258818
vn 0.000000 0.965926 0.258818
vn 0.000000 0.965926 0.258818
vn 1.000000 0.000000 -0.000000
vn 1.000000 0.000000 -0.000000
vn 1.000000 0.000000 -0.000000
vn 1.000000 -0.000001 -0.000000
vn 1.000000 -0.000001 -0.000000
vn 1.000000 -0.000001 -0.000000
vn -0.000000 0.258819 -0.965926
vn -0.000000 0.258819 -0.965926
vn -0.000000 0.258819 -0.965926
vn -0.000000 0.258819 -0.965926
vn -0.000000 0.258819 -0.965926
vn -0.000000 0.258819 -0.965926
vn -0.000000 -0.965924 -0.258825
vn -0.000000 -0.965924 -0.258825
vn -0.000000 -0.965924 -0.258825
vn -0.000000 -0.965928 -0.258811
vn -0.000000 -0.965928 -0.258811
vn -0.000000 -0.965928 -0.258811
vn -0.000000 0.258819 -0.965926
vn -0.000000 0.258819 -0.965926
vn -0.000000 0.258819 -0.965926
vn -0.000000 0.258819 -0.965926
vn -0.000000 0.258819 -0.965926
vn -0.000000 0.258819 -0.965926
vn -0.000000 0.258819 -0.965926
vn -0.000000 0.258819 -0.965926
vn -0.000000 0.258819 -0.965926
vn -0.000000 0.258819 -0.965926
vn -0.000000 0.258819 -0.965926
vn -0.000000 0.258819 -0.965926
vn 1.000000 0.000000 -0.000000
vn 1.000000 0.000000 -0.000000
vn 1.000000 0.000000 -0.000000
vn 1.000000 -0.000001 -0.000000
vn 1.000000 -0.000001 -0.000000
vn 1.000000 -0.000001 -0.000000
vn 1.000000 0.000000 -0.000000
vn 1.000000 0.000000 -0.000000
vn 1.000000 0.000000 -0.000000
vn 1.000000 -0.000001 -0.000000
vn 1.000000 -0.000001 -0.000000
vn 1.000000 -0.000001 -0.000000
vn -0.000000 -0.965926 -0.258818
vn -0.000000 -0.965926 -0.258818
vn -0.000000 -0.965926 -0.258818
vn -0.000000 -0.965926 -0.258818
vn -0.000000 -0.965926 -0.258818
vn -0.000000 -0.965926 -0.258818
vn -0.000000 0.258819 -0.965926
vn -0.000000 0.258819 -0.965926
vn -0.000000 0.258819 -0.965926
vn -0.000000 0.258819 -0.965926
vn -0.000000 0.258819 -0.965926
vn -0.000000 0.258819 -0.965926
vn 0.000000 0.965925 0.258821
vn 0.000000 0.965925 0.258821
vn 0.000000 0.965925 0.258821
vn 0.000000 0.965926 0.258818
vn 0.000000 0.965926 0.258818
vn 0.000000 0.965926 0.258818
vn 1.000000 0.000000 -0.000000
vn 1.000000 0.000000 -0.000000
vn 1.000000 0.000000 -0.000000
vn 1.000000 -0.000001 -0.000000
vn 1.000000 -0.000001 -0.000000
vn 1.000000 -0.000001 -0.000000
vn -1.000000 0.000000 0.000000
vn -1.000000 0.000000 0.000000
vn -1.000000 0.000000 0.000000
vn -1.000000 0.000000 0.000000
vn -1.000000 0.000000 0.000000
vn -1.000000 0.000000 0.000000
vn 1.000000 0.000000 -0.000000
vn 1.000000 0.000000 -0.000000
vn 1.000000 0.000000 -0.000000
vn 1.000000 -0.000001 -0.000000
vn 1.000000 -0.000001 -0.000000
vn 1.000000 -0.000001 -0.000000
vn -0.000000 0.258819 -0.965926
vn -0.000000 0.258819 -0.965926
vn -0.000000 0.258819 -0.965926
vn -0.000000 0.258819 -0.965926
vn -0.000000 0.258819 -0.965926
vn -0.000000 0.258819 -0.965926
vn 0.000000 -0.258819 0.965926
vn 0.000000 -0.258819 0.965926
vn 0.000000 -0.258819 0.965926
vn -0.000000 0.258818 -0.965926
vn -0.000000 0.258818 -0.965926
vn -0.000000 0.258818 -0.965926
vn 1.000000 0.000000 -0.000000
vn 1.000000 0.000000 -0.000000
vn 1.000000 0.000000 -0.000000
vn 1.000000 -0.000001 -0.000000
vn 1.000000 -0.000001 -0.000000
vn 1.000000 -0.000001 -0.000000
vn 1.000000 0.000006 -0.000000
vn 1.000000 0.000006 -0.000000
vn 1.000000 0.000006 -0.000000
vn 1.000000 -0.000000 -0.000000
vn 1.000000 -0.000000 -0.000000
vn 1.000000 -0.000000 -0.000000
vn 1.000000 0.000000 -0.000000
vn 1.000000 0.000000 -0.000000
vn 1.000000 0.000000 -0.000000
vn 1.000000 -0.000001 -0.000000
vn 1.000000 -0.000001 -0.000000
vn 1.000000 -0.000001 -0.000000
vn 1.000000 0.000000 -0.000000
vn 1.000000 0.000000 -0.000000
vn 1.000000 0.000000 -0.000000
vn 1.000000 -0.000001 -0.000000
vn 1.000000 -0.000001 -0.000000
vn 1.000000 -0.000001 -0.000000
vn -0.000000 -0.965924 -0.258825
vn -0.000000 -0.965924 -0.258825
vn -0.000000 -0.965924 -0.258825
vn -0.000000 -0.965926 -0.258818
vn -0.000000 -0.965926 -0.258818
vn -0.000000 -0.965926 -0.258818
vn 0.000000 0.965926 0.258820
vn 0.000000 0.965926 0.258820
vn 0.000000 0.965926 0.258820
vn 0.000000 0.965927 0.258815
vn 0.000000 0.965927 0.258815
vn 0.000000 0.965927 0.258815
vn -0.000000 -0.965926 -0.258819
vn -0.000000 -0.965926 -0.258819
vn -0.000000 -0.965926 -0.258819
vn -0.000000 -0.965926 -0.258819
vn -0.000000 -0.965926 -0.258819
vn -0.000000 -0.965926 -0.258819
vn -0.000000 -0.965928 -0.258811
vn -0.000000 -0.965928 -0.258811
vn -0.000000 -0.965928 -0.258811
vn -0.000000 -0.965926 -0.258818
vn -0.000000 -0.965926 -0.258818
vn -0.000000 -0.965926 -0.258818
vn -1.000000 0.000000 0.000000
vn -1.000000 0.000000 0.000000
vn -1.000000 0.000000 0.000000
vn -1.000000 0.000000 0.000000
vn -1.000000 0.000000 0.000000
vn -1.000000 0.000000 0.000000
vn -1.000000 0.000000 0.000000
vn -1.000000 0.000000 0.000000
vn -1.000000 0.000000 0.000000
vn -1.000000 0.000000 0.000000
vn -1.000000 0.000000 0.000000
vn -1.000000 0.000000 0.000000
vn -0.000000 0.258819 -0.965926
vn -0.000000 0.258819 -0.965926
vn -0.000000 0.258819 -0.965926
vn -0.000000 0.258819 -0.965926
vn -0.000000 0.258819 -0.965926
vn -0.000000 0.258819 -0.965926
vn -0.000000 0.258819 -0.965926
vn -0.000000 0.258819 -0.965926
vn -0.000000 0.258819 -0.965926
vn -0.000000 0.258819 -0.965926
vn -0.000000 0.258819 -0.965926
vn -0.000000 0.258819 -0.965926
vn -0.000000 -0.965926 -0.258819
vn -0.000000 -0.965926 -0.258819
vn -0.000000 -0.965926 -0.258819
vn -0.000000 -0.965926 -0.258819
vn -0.000000 -0.965926 -0.258819
vn -0.000000 -0.965926 -0.258819
vn -1.000000 0.000000 0.000000
vn -1.000000 0.000000 0.000000
vn -1.000000 0.000000 0.000000
vn -1.000000 0.000000 0.000000
vn -1.000000 0.000000 0.000000
vn -1.000000 0.000000 0.000000
vn 0.000002 0.258809 -0.965929
vn 0.000002 0.258809 -0.965929
vn 0.000002 0.258809 -0.965929
vn -0.000000 0.258819 -0.965926
vn -0.000000 0.258819 -0.965926
vn -0.000000 0.258819 -0.965926
vn -0.000000 0.258819 -0.965926
vn -0.000000 0.258819 -0.965926
vn -0.000000 0.258819 -0.965926
vn 1.000000 0.000000 -0.000000
vn 1.000000 0.000000 -0.000000
vn 1.000000 0.000000 -0.000000
vn 1.000000 -0.000001 -0.000000
vn 1.000000 -0.000001 -0.000000
vn 1.000000 -0.000001 -0.000000
vn 1.000000 0.000000 -0.000000
vn 1.000000 0.000000 -0.000000
vn 1.000000 0.000000 -0.000000
vn 1.000000 -0.000001 -0.000000
vn 1.000000 -0.000001 -0.000000
vn 1.000000 -0.000001 -0.000000
vn 0.000000 -0.258819 0.965926
vn 0.000000 -0.258819 0.965926
vn 0.000000 -0.258819 0.965926
vn 0.000000 -0.258819 0.965926
vn 0.000000 -0.258819 0.965926
vn 0.000000 -0.258819 0.965926
vn -0.000000 -0.965926 -0.258818
vn -0.000000 -0.965926 -0.258818
vn -0.000000 -0.965926 -0.258818
vn -0.000000 -0.965926 -0.258818
vn -0.000000 -0.965926 -0.258818
vn -0.000000 -0.965926 -0.258818
vn 0.000000 -0.258819 0.965926
vn 0.000000 -0.258819 0.965926
vn 0.000000 -0.258819 0.965926
vn 0.000000 -0.258821 0.965925
vn 0.000000 -0.258821 0.965925
vn 0.000000 -0.258821 0.965925
vn 0.000000 -0.258819 0.965926
vn 0.000000 -0.258819 0.965926
vn 0.000000 -0.258819 0.965926
vn 1.000000 0.000000 -0.000000
vn 1.000000 0.000000 -0.000000
vn 1.000000 0.000000 -0.000000
vn 1.000000 -0.000001 -0.000000
vn 1.000000 -0.000001 -0.000000
vn 1.000000 -0.000001 -0.000000
vn -0.000000 0.258838 -0.965921
vn -0.000000 0.258838 -0.965921
vn -0.000000 0.258838 -0.965921
vn -0.000000 0.258820 -0.965926
vn -0.000000 0.258820 -0.965926
vn -0.000000 0.258820 -0.965926
vn -0.000000 0.258819 -0.965926
vn -0.000000 0.258819 -0.965926
vn -0.000000 0.258819 -0.965926
vn -0.000000 0.258819 -0.965926
vn -0.000000 0.258819 -0.965926
vn -0.000000 0.258819 -0.965926
vn 0.000000 -0.258838 0.965921
vn 0.000000 -0.258838 0.965921
vn 0.000000 -0.258838 0.965921
vn 0.000000 -0.258819 0.965926
vn 0.000000 -0.258819 0.965926
vn 0.000000 -0.258819 0.965926
vn 0.000000 -0.258819 0.965926
vn 0.000000 -0.258819 0.965926
vn 0.000000 -0.258819 0.965926
vn -0.000000 -0.965926 -0.258818
vn -0.000000 -0.965926 -0.258818
vn -0.000000 -0.965926 -0.258818
vn -0.000000 -0.965925 -0.258821
vn -0.000000 -0.965925 -0.258821
vn -0.000000 -0.965925 -0.258821
vn 1.000000 0.000000 -0.000000
vn 1.000000 0.000000 -0.000000
vn 1.000000 0.000000 -0.000000
vn 1.000000 -0.000001 -0.000000
vn 1.000000 -0.000001 -0.000000
vn 1.000000 -0.000001 -0.000000
vn 0.000000 0.965926 0.258818
vn 0.000000 0.965926 0.258818
vn 0.000000 0.965926 0.258818
vn 0.000000 0.965924 0.258825
vn 0.000000 0.965924 0.258825
vn 0.000000 0.965924 0.258825
vn 0.000000 0.965927 0.258814
vn 0.000000 0.965927 0.258814
vn 0.000000 0.965927 0.258814
vn 0.000000 0.965949 0.258734
vn 0.000000 0.965949 0.258734
vn 0.000000 0.965949 0.258734
vn -0.000000 0.258819 -0.965926
vn -0.000000 0.258819 -0.965926
vn -0.000000 0.258819 -0.965926
vn -0.000000 0.258819 -0.965926
vn -0.000000 0.258819 -0.965926
vn -0.000000 0.258819 -0.965926
vn -0.000000 0.258819 -0.965926
vn -0.000000 0.258819 -0.965926
vn -0.000000 0.258819 -0.965926
vn -0.000000 0.258819 -0.965926
vn -0.000000 0.258819 -0.965926
vn -0.000000 0.258819 -0.965926
vn -1.000000 0.000000 0.000000
vn -1.000000 0.000000 0.000000
vn -1.000000 0.000000 0.000000
vn -1.000000 0.000000 0.000000
vn -1.000000 0.000000 0.000000
vn -1.000000 0.000000 0.000000
vn 1.000000 0.000000 -0.000000
vn 1.000000 0.000000 -0.000000
vn 1.000000 0.000000 -0.000000
vn 1.000000 -0.000001 -0.000000
vn 1.000000 -0.000001 -0.000000
vn 1.000000 -0.000001 -0.000000
vn 1.000000 0.000000 -0.000000
vn 1.000000 0.000000 -0.000000
vn 1.000000 0.000000 -0.000000
vn 1.000000 -0.000001 -0.000000
vn 1.000000 -0.000001 -0.000000
vn 1.000000 -0.000001 -0.000000
vn 0.000000 0.965926 0.258819
vn 0.000000 0.965926 0.258819
vn 0.000000 0.965926 0.258819
vn 0.000000 0.965926 0.258819
vn 0.000000 0.965926 0.258819
vn 0.000000 0.965926 0.258819
vn -0.000000 0.258819 -0.965926
vn -0.000000 0.258819 -0.965926
vn -0.000000 0.258819 -0.965926
vn -0.000000 0.258819 -0.965926
vn -0.000000 0.258819 -0.965926
vn -0.000000 0.258819 -0.965926
vn 0.000000 -0.258819 0.965926
vn 0.000000 -0.258819 0.965926
vn 0.000000 -0.258819 0.965926
vn 0.000000 -0.258819 0.965926
vn 0.000000 -0.258819 0.965926
vn 0.000000 -0.258819 0.965926
vn -0.000000 -0.965926 -0.258818
vn -0.000000 -0.965926 -0.258818
vn -0.000000 -0.965926 -0.258818
vn -0.000000 -0.965925 -0.258821
vn -0.000000 -0.965925 -0.258821
vn -0.000000 -0.965925 -0.258821
vn 0.000000 -0.258819 0.965926
vn 0.000000 -0.258819 0.965926
vn 0.000000 -0.258819 0.965926
vn 0.000000 -0.258819 0.965926
vn 0.000000 -0.258819 0.965926
vn 0.000000 -0.258819 0.965926
vn 0.000000 0.965922 0.258832
vn 0.000000 0.965922 0.258832
vn 0.000000 0.965922 0.258832
vn 0.000000 0.965928 0.258811
vn 0.000000 0.965928 0.258811
vn 0.000000 0.965928 0.258811
vn -1.000000 0.000000 0.000000
vn -1.000000 0.000000 0.000000
vn -1.000000 0.000000 0.000000
vn -1.000000 0.000000 0.000000
vn -1.000000 0.000000 0.000000
vn -1.000000 0.000000 0.000000
vn -0.000000 0.258820 -0.965926
vn -0.000000 0.258820 -0.965926
vn -0.000000 0.258820 -0.965926
vn -0.000000 0.258830 -0.965923
vn -0.000000 0.258830 -0.965923
vn -0.000000 0.258830 -0.965923
vn -0.000000 0.258819 -0.965926
vn -0.000000 0.258819 -0.965926
vn -0.000000 0.258819 -0.965926
vn 0.000000 0.965926 0.258818
vn 0.000000 0.965926 0.258818
vn 0.000000 0.965926 0.258818
vn 0.000000 0.965926 0.258818
vn 0.000000 0.965926 0.258818
vn 0.000000 0.965926 0.258818
vn 0.000000 0.965925 0.258821
vn 0.000000 0.965925 0.258821
vn 0.000000 0.965925 0.258821
vn 0.000000 0.965926 0.258818
vn 0.000000 0.965926 0.258818
vn 0.000000 0.965926 0.258818
vn 0.000000 -0.258819 0.965926
vn 0.000000 -0.258819 0.965926
vn 0.000000 -0.258819 0.965926
vn 0.000000 -0.258819 0.965926
vn 0.000000 -0.258819 0.965926
vn 0.000000 -0.258819 0.965926
vn 0.000000 -0.258819 0.965926
vn 0.000000 -0.258819 0.965926
vn 0.000000 -0.258819 0.965926
vn 0.000000 -0.258819 0.965926
vn 0.000000 -0.258819 0.965926
vn 0.000000 -0.258819 0.965926
vn -0.000000 -0.965926 -0.258818
vn -0.000000 -0.965926 -0.258818
vn -0.000000 -0.965926 -0.258818
vn -0.000000 -0.965926 -0.258818
vn -0.000000 -0.965926 -0.258818
vn -0.000000 -0.965926 -0.258818
vn 0.618509 0.785778 -0.000000
vn 0.618509 0.785778 -0.000000
vn 0.618509 0.785778 -0.000000
vn 0.618507 0.785779 -0.000003
vn 0.618507 0.785779 -0.000003
vn 0.618507 0.785779 -0.000003
vn -0.000000 -0.965924 -0.258825
vn -0.000000 -0.965924 -0.258825
vn -0.000000 -0.965924 -0.258825
vn -0.000000 -0.965926 -0.258818
vn -0.000000 -0.965926 -0.258818
vn -0.000000 -0.965926 -0.258818
vn -1.000000 0.000000 0.000000
vn -1.000000 0.000000 0.000000
vn -1.000000 0.000000 0.000000
vn -1.000000 0.000000 0.000000
vn -1.000000 0.000000 0.000000
vn -1.000000 0.000000 0.000000
vn 0.000000 -0.258819 0.965926
vn 0.000000 -0.258819 0.965926
vn 0.000000 -0.258819 0.965926
vn 0.000000 -0.258819 0.965926
vn 0.000000 -0.258819 0.965926
vn 0.000000 -0.258819 0.965926
vn -1.000000 0.000000 0.000000
vn -1.000000 0.000000 0.000000
vn -1.000000 0.000000 0.000000
vn -1.000000 0.000000 0.000000
vn -1.000000 0.000000 0.000000
vn -1.000000 0.000000 0.000000
vn 0.000000 -0.258819 0.965926
vn 0.000000 -0.258819 0.965926
vn 0.000000 -0.258819 0.965926
vn 0.000000 -0.258819 0.965926
vn 0.000000 -0.258819 0.965926
vn 0.000000 -0.258819 0.965926
vn -0.000000 0.258819 -0.965926
vn -0.000000 0.258819 -0.965926
vn -0.000000 0.258819 -0.965926
vn -0.000000 0.258819 -0.965926
vn -0.000000 0.258819 -0.965926
vn -0.000000 0.258819 -0.965926
vn -0.000000 -0.965922 -0.258832
vn -0.000000 -0.965922 -0.258832
vn -0.000000 -0.965922 -0.258832
vn -0.000000 -0.965926 -0.258818
vn -0.000000 -0.965926 -0.258818
vn -0.000000 -0.965926 -0.258818
vn -0.000000 -0.965926 -0.258819
vn -0.000000 -0.965926 -0.258819
vn -0.000000 -0.965926 -0.258819
vn -0.000000 -0.965926 -0.258819
vn -0.000000 -0.965926 -0.258819
vn -0.000000 -0.965926 -0.258819
vn -0.000000 -0.965926 -0.258818
vn -0.000000 -0.965926 -0.258818
vn -0.000000 -0.965926 -0.258818
vn -0.000000 -0.965924 -0.258825
vn -0.000000 -0.965924 -0.258825
vn -0.000000 -0.965924 -0.258825
vn -1.000000 0.000000 0.000000
vn -1.000000 0.000000 0.000000
vn -1.000000 0.000000 0.000000
vn -1.000000 0.000000 0.000000
vn -1.000000 0.000000 0.000000
vn -1.000000 0.000000 0.000000
vn -0.000000 0.258819 -0.965926
vn -0.000000 0.258819 -0.965926
vn -0.000000 0.258819 -0.965926
vn -0.000000 0.258819 -0.965926
vn -0.000000 0.258819 -0.965926
vn -0.000000 0.258819 -0.965926
vn 0.000000 0.965925 0.258821
vn 0.000000 0.965925 0.258821
vn 0.000000 0.965925 0.258821
vn 0.000000 0.965926 0.258818
vn 0.000000 0.965926 0.258818
vn 0.000000 0.965926 0.258818
vn 1.000000 0.000000 -0.000000
vn 1.000000 0.000000 -0.000000
vn 1.000000 0.000000 -0.000000
vn 1.000000 -0.000001 -0.000000
vn 1.000000 -0.000001 -0.000000
vn 1.000000 -0.000001 -0.000000
vn 0.000000 0.965926 0.258818
vn 0.000000 0.965926 0.258818
vn 0.000000 0.965926 0.258818
vn 0.000000 0.965926 0.258818
vn 0.000000 0.965926 0.258818
vn 0.000000 0.965926 0.258818
vn 0.000000 -0.258819 0.965926
vn 0.000000 -0.258819 0.965926
vn 0.000000 -0.258819 0.965926
vn 0.000000 -0.258819 0.965926
vn 0.000000 -0.258819 0.965926
vn 0.000000 -0.258819 0.965926
vn -0.000000 0.258819 -0.965926
vn -0.000000 0.258819 -0.965926
vn -0.000000 0.258819 -0.965926
vn -0.000000 0.258819 -0.965926
vn -0.000000 0.258819 -0.965926
vn -0.000000 0.258819 -0.965926
vn 1.000000 0.000000 -0.000000
vn 1.000000 0.000000 -0.000000
vn 1.000000 0.000000 -0.000000
vn 1.000000 -0.000001 -0.000000
vn 1.000000 -0.000001 -0.000000
vn 1.000000 -0.000001 -0.000000
vn -1.000000 0.000000 0.000000
vn -1.000000 0.000000 0.000000
vn -1.000000 0.000000 0.000000
vn -1.000000 0.000000 0.000000
vn -1.000000 0.000000 0.000000
vn -1.000000 0.000000 0.000000
vn -0.000000 0.258819 -0.965926
vn -0.000000 0.258819 -0.965926
vn -0.000000 0.258819 -0.965926
vn -0.000000 0.258819 -0.965926
vn -0.000000 0.258819 -0.965926
vn -0.000000 0.258819 -0.965926
vn -0.000000 -0.965926 -0.258819
vn -0.000000 -0.965926 -0.258819
vn -0.000000 -0.965926 -0.258819
vn -0.000000 -0.965926 -0.258819
vn -0.000000 -0.965926 -0.258819
vn -0.000000 -0.965926 -0.258819
vn 0.000000 -0.258819 0.965926
vn 0.000000 -0.258819 0.965926
vn 0.000000 -0.258819 0.965926
vn 0.000000 -0.258819 0.965926
vn 0.000000 -0.258819 0.965926
vn 0.000000 -0.258819 0.965926
vn 1.000000 0.000000 -0.000000
vn 1.000000 0.000000 -0.000000
vn 1.000000 0.000000 -0.000000
vn 1.000000 -0.000001 -0.000000
vn 1.000000 -0.000001 -0.000000
vn 1.000000 -0.000001 -0.000000
vn 1.000000 0.000000 -0.000000
vn 1.000000 0.000000 -0.000000
vn 1.000000 0.000000 -0.000000
vn 1.000000 -0.000001 -0.000000
vn 1.000000 -0.000001 -0.000000
vn 1.000000 -0.000001 -0.000000
vn 1.000000 0.000000 -0.000000
vn 1.000000 0.000000 -0.000000
vn 1.000000 0.000000 -0.000000
vn 1.000000 -0.000001 -0.000000
vn 1.000000 -0.000001 -0.000000
vn 1.000000 -0.000001 -0.000000
vn -0.000000 0.258819 -0.965926
vn -0.000000 0.258819 -0.965926
vn -0.000000 0.258819 -0.965926
vn -0.000000 0.258819 -0.965926
vn -0.000000 0.258819 -0.965926
vn -0.000000 0.258819 -0.965926
vn 0.618509 0.785778 -0.000000
vn 0.618509 0.785778 -0.000000
vn 0.618509 0.785778 -0.000000
vn 0.618509 0.785778 0.000000
vn 0.618509 0.785778 0.000000
vn 0.618509 0.785778 0.000000
vn 0.000000 -0.258819 0.965926
vn 0.000000 -0.258819 0.965926
vn 0.000000 -0.258819 0.965926
vn 0.000000 -0.258819 0.965926
vn 0.000000 -0.258819 0.965926
vn 0.000000 -0.258819 0.965926
vn 0.000000 -0.258819 0.965926
vn 0.000000 -0.258819 0.965926
vn 0.000000 -0.258819 0.965926
vn 0.000000 -0.258819 0.965926
vn 0.000000 -0.258819 0.965926
vn 0.000000 -0.258819 0.965926
vn -0.000000 -0.965926 -0.258818
vn -0.000000 -0.965926 -0.258818
vn -0.000000 -0.965926 -0.258818
vn -0.000000 -0.965926 -0.258818
vn -0.000000 -0.965926 -0.258818
vn -0.000000 -0.965926 -0.258818
vn -0.000000 0.258819 -0.965926
vn -0.000000 0.258819 -0.965926
vn -0.000000 0.258819 -0.965926
vn -0.000000 0.258819 -0.965926
vn -0.000000 0.258819 -0.965926
vn -0.000000 0.258819 -0.965926
vn 1.000000 0.000000 -0.000000
vn 1.000000 0.000000 -0.000000
vn 1.000000 0.000000 -0.000000
vn 1.000000 -0.000001 -0.000000
vn 1.000000 -0.000001 -0.000000
vn 1.000000 -0.000001 -0.000000
vn 0.000000 0.965926 0.258819
vn 0.000000 0.965926 0.258819
vn 0.000000 0.965926 0.258819
vn 0.000000 0.965926 0.258819
vn 0.000000 0.965926 0.258819
vn 0.000000 0.965926 0.258819
vn -1.000000 0.000000 0.000000
vn -1.000000 0.000000 0.000000
vn -1.000000 0.000000 0.000000
vn -1.000000 0.000000 0.000000
vn -1.000000 0.000000 0.000000
vn -1.000000 0.000000 0.000000
vn -0.000000 -0.965926 -0.258818
vn -0.000000 -0.965926 -0.258818
vn -0.000000 -0.965926 -0.258818
vn -0.000000 -0.965925 -0.258821
vn -0.000000 -0.965925 -0.258821
vn -0.000000 -0.965925 -0.258821
vn -1.000000 0.000000 0.000000
vn -1.000000 0.000000 0.000000
vn -1.000000 0.000000 0.000000
vn -1.000000 0.000000 0.000000
vn -1.000000 0.000000 0.000000
vn -1.000000 0.000000 0.000000
vn 1.000000 -0.000000 -0.000000
vn 1.000000 -0.000000 -0.000000
vn 1.000000 -0.000000 -0.000000
vn 1.000000 -0.000004 -0.000000
vn 1.000000 -0.000004 -0.000000
vn 1.000000 -0.000004 -0.000000
vn -0.000000 0.258819 -0.965926
vn -0.000000 0.258819 -0.965926
vn -0.000000 0.258819 -0.965926
vn -0.000000 0.258819 -0.965926
vn -0.000000 0.258819 -0.965926
vn -0.000000 0.258819 -0.965926
vn 1.000000 -0.000000 -0.000000
vn 1.000000 -0.000000 -0.000000
vn 1.000000 -0.000000 -0.000000
vn 1.000000 -0.000000 -0.000000
vn 1.000000 -0.000000 -0.000000
vn 1.000000 -0.000000 -0.000000
vn -0.000000 -0.965926 -0.258819
vn -0.000000 -0.965926 -0.258819
vn -0.000000 -0.965926 -0.258819
vn -0.000000 -0.965926 -0.258818
vn -0.000000 -0.965926 -0.258818
vn -0.000000 -0.965926 -0.258818
vn 0.000000 -0.258819 0.965926
vn 0.000000 -0.258819 0.965926
vn 0.000000 -0.258819 0.965926
vn 0.000000 -0.258819 0.965926
vn 0.000000 -0.258819 0.965926
vn 0.000000 -0.258819 0.965926
vn -0.000000 -0.965924 -0.258825
vn -0.000000 -0.965924 -0.258825
vn -0.000000 -0.965924 -0.258825
vn -0.000000 -0.965926 -0.258818
vn -0.000000 -0.965926 -0.258818
vn -0.000000 -0.965926 -0.258818
vn 1.000000 0.000000 -0.000000
vn 1.000000 0.000000 -0.000000
vn 1.000000 0.000000 -0.000000
vn 1.000000 -0.000001 -0.000000
vn 1.000000 -0.000001 -0.000000
vn 1.000000 -0.000001 -0.000000
vn -1.000000 0.000000 0.000000
vn -1.000000 0.000000 0.000000
vn -1.000000 0.000000 0.000000
vn -1.000000 0.000000 0.000000
vn -1.000000 0.000000 0.000000
vn -1.000000 0.000000 0.000000
vn -0.000000 -0.965926 -0.258818
vn -0.000000 -0.965926 -0.258818
vn -0.000000 -0.965926 -0.258818
vn -0.000000 -0.965926 -0.258818
vn -0.000000 -0.965926 -0.258818
vn -0.000000 -0.965926 -0.258818
vn 0.000000 -0.258819 0.965926
vn 0.000000 -0.258819 0.965926
vn 0.000000 -0.258819 0.965926
vn 0.000000 -0.258819 0.965926
vn 0.000000 -0.258819 0.965926
vn 0.000000 -0.258819 0.965926
vn -0.000000 -0.965926 -0.258818
vn -0.000000 -0.965926 -0.258818
vn -0.000000 -0.965926 -0.258818
vn -0.000000 -0.965925 -0.258821
vn -0.000000 -0.965925 -0.258821
vn -0.000000 -0.965925 -0.258821
vn -0.000000 -0.965926 -0.258819
vn -0.000000 -0.965926 -0.258819
vn -0.000000 -0.965926 -0.258819
vn -0.000000 -0.965926 -0.258819
vn -0.000000 -0.965926 -0.258819
vn -0.000000 -0.965926 -0.258819
vn -1.000000 0.000000 0.000000
vn -1.000000 0.000000 0.000000
vn -1.000000 0.000000 0.000000
vn -1.000000 0.000000 0.000000
vn -1.000000 0.000000 0.000000
vn -1.000000 0.000000 0.000000
vn -0.000000 0.258819 -0.965926
vn -0.000000 0.258819 -0.965926
vn -0.000000 0.258819 -0.965926
vn -0.000000 0.258819 -0.965926
vn -0.000000 0.258819 -0.965926
vn -0.000000 0.258819 -0.965926
vn 0.000000 0.965926 0.258818
vn 0.000000 0.965926 0.258818
vn 0.000000 0.965926 0.258818
vn 0.000000 0.965926 0.258818
vn 0.000000 0.965926 0.258818
vn 0.000000 0.965926 0.258818
vn 0.618509 0.785778 0.000008
vn 0.618509 0.785778 0.000008
vn 0.618509 0.785778 0.000008
vn 0.618508 0.785778 -0.000000
vn 0.618508 0.785778 -0.000000
vn 0.618508 0.785778 -0.000000
vn 1.000000 0.000000 -0.000000
vn 1.000000 0.000000 -0.000000
vn 1.000000 0.000000 -0.000000
vn 1.000000 -0.000001 -0.000000
vn 1.000000 -0.000001 -0.000000
vn 1.000000 -0.000001 -0.000000
vn -1.000000 0.000000 0.000000
vn -1.000000 0.000000 0.000000
vn -1.000000 0.000000 0.000000
vn -1.000000 0.000000 0.000000
vn -1.000000 0.000000 0.000000
vn -1.000000 0.000000 0.000000
vn 0.000000 -0.258819 0.965926
vn 0.000000 -0.258819 0.965926
vn 0.000000 -0.258819 0.965926
vn 0.000000 -0.258819 0.965926
vn 0.000000 -0.258819 0.965926
vn 0.000000 -0.258819 0.965926
vn -1.000000 0.000000 0.000000
vn -1.000000 0.000000 0.000000
vn -1.000000 0.000000 0.000000
vn -1.000000 0.000000 0.000000
vn -1.000000 0.000000 0.000000
vn -1.000000 0.000000 0.000000
vn -0.000000 0.258819 -0.965926
vn -0.000000 0.258819 -0.965926
vn -0.000000 0.258819 -0.965926
vn -0.000000 0.258819 -0.965926
vn -0.000000 0.258819 -0.965926
vn -0.000000 0.258819 -0.965926
vn 0.000000 -0.258819 0.965926
vn 0.000000 -0.258819 0.965926
vn 0.000000 -0.258819 0.965926
vn 0.000000 -0.258819 0.965926
vn 0.000000 -0.258819 0.965926
vn 0.000000 -0.258819 0.965926
vn -1.000000 0.000000 0.000000
vn -1.000000 0.000000 0.000000
vn -1.000000 0.000000 0.000000
vn -1.000000 0.000000 0.000000
vn -1.000000 0.000000 0.000000
vn -1.000000 0.000000 0.000000
vn 0.000000 0.965926 0.258818
vn 0.000000 0.965926 0.258818
vn 0.000000 0.965926 0.258818
vn 0.000000 0.965926 0.258818
vn 0.000000 0.965926 0.258818
vn 0.000000 0.965926 0.258818
vn 0.000000 0.965930 0.258803
vn 0.000000 0.965930 0.258803
vn 0.000000 0.965930 0.258803
vn 0.000000 0.965908 0.258886
vn 0.000000 0.965908 0.258886
vn 0.000000 0.965908 0.258886
vn -0.000000 -0.965926 -0.258818
vn -0.000000 -0.965926 -0.258818
vn -0.000000 -0.965926 -0.258818
vn -0.000000 -0.965926 -0.258818
vn -0.000000 -0.965926 -0.258818
vn -0.000000 -0.965926 -0.258818
vn 1.000000 0.000000 -0.000000
vn 1.000000 0.000000 -0.000000
vn 1.000000 0.000000 -0.000000
vn 1.000000 -0.000001 -0.000000
vn 1.000000 -0.000001 -0.000000
vn 1.000000 -0.000001 -0.000000
vn -1.000000 0.000000 0.000000
vn -1.000000 0.000000 0.000000
vn -1.000000 0.000000 0.000000
vn -1.000000 0.000000 0.000000
vn -1.000000 0.000000 0.000000
vn -1.000000 0.000000 0.000000
vn 1.000000 0.000000 -0.000000
vn 1.000000 0.000000 -0.000000
vn 1.000000 0.000000 -0.000000
vn 1.000000 -0.000001 -0.000000
vn 1.000000 -0.000001 -0.000000
vn 1.000000 -0.000001 -0.000000
vn -0.000000 0.258819 -0.965926
vn -0.000000 0.258819 -0.965926
vn -0.000000 0.258819 -0.965926
vn -0.000000 0.258819 -0.965926
vn -0.000000 0.258819 -0.965926
vn -0.000000 0.258819 -0.965926
vn 1.000000 0.000000 -0.000000
vn 1.000000 0.000000 -0.000000
vn 1.000000 0.000000 -0.000000
vn 1.000000 -0.000001 -0.000000
vn 1.000000 -0.000001 -0.000000
vn 1.000000 -0.000001 -0.000000
vn 0.000000 -0.258819 0.965926
vn 0.000000 -0.258819 0.965926
vn 0.000000 -0.258819 0.965926
vn 0.000000 -0.258819 0.965926
vn 0.000000 -0.258819 0.965926
vn 0.000000 -0.258819 0.965926
vn -0.000000 0.258819 -0.965926
vn -0.000000 0.258819 -0.965926
vn -0.000000 0.258819 -0.965926
vn -0.000000 0.258819 -0.965926
vn -0.000000 0.258819 -0.965926
vn -0.000000 0.258819 -0.965926
vn -1.000000 0.000000 0.000000
vn -1.000000 0.000000 0.000000
vn -1.000000 0.000000 0.000000
vn -1.000000 0.000000 0.000000
vn -1.000000 0.000000 0.000000
vn -1.000000 0.000000 0.000000
vn 1.000000 0.000000 -0.000000
vn 1.000000 0.000000 -0.000000
vn 1.000000 0.000000 -0.000000
vn 1.000000 -0.000001 -0.000000
vn 1.000000 -0.000001 -0.000000
vn 1.000000 -0.000001 -0.000000
vn 0.000000 0.965926 0.258818
vn 0.000000 0.965926 0.258818
vn 0.000000 0.965926 0.258818
vn 0.000000 0.965924 0.258825
vn 0.000000 0.965924 0.258825
vn 0.000000 0.965924 0.258825
vn -1.000000 0.000000 0.000000
vn -1.000000 0.000000 0.000000
vn -1.000000 0.000000 0.000000
vn -1.000000 0.000000 0.000000
vn -1.000000 0.000000 0.000000
vn -1.000000 0.000000 0.000000
vn -0.000000 0.258819 -0.965926
vn -0.000000 0.258819 -0.965926
vn -0.000000 0.258819 -0.965926
vn -0.000000 0.258819 -0.965926
vn -0.000000 0.258819 -0.965926
vn -0.000000 0.258819 -0.965926
vn -0.000000 -0.965928 -0.258811
vn -0.000000 -0.965928 -0.258811
vn -0.000000 -0.965928 -0.258811
vn -0.000000 -0.965926 -0.258818
vn -0.000000 -0.965926 -0.258818
vn -0.000000 -0.965926 -0.258818
vn 0.000000 -0.258819 0.965926
vn 0.000000 -0.258819 0.965926
vn 0.000000 -0.258819 0.965926
vn 0.000000 -0.258818 0.965926
vn 0.000000 -0.258818 0.965926
vn 0.000000 -0.258818 0.965926
vn 0.618511 0.785776 -0.000010
vn 0.618511 0.785776 -0.000010
vn 0.618511 0.785776 -0.000010
vn 0.618507 0.785779 -0.000000
vn 0.618507 0.785779 -0.000000
vn 0.618507 0.785779 -0.000000
vn 0.000000 -0.258817 0.965926
vn 0.000000 -0.258817 0.965926
vn 0.000000 -0.258817 0.965926
vn 0.000000 0.965928 0.258812
vn 0.000000 0.965928 0.258812
vn 0.000000 0.965928 0.258812
vn 0.000000 0.965926 0.258820
vn 0.000000 0.965926 0.258820
vn 0.000000 0.965926 0.258820
vn -0.000000 0.258823 -0.965925
vn -0.000000 0.258823 -0.965925
vn -0.000000 0.258823 -0.965925
vn -1.000000 0.000000 0.000000
vn -1.000000 0.000000 0.000000
vn -1.000000 0.000000 0.000000
vn -1.000000 0.000000 0.000000
vn -1.000000 0.000000 0.000000
vn -1.000000 0.000000 0.000000
vn 0.000000 -0.258819 0.965926
vn 0.000000 -0.258819 0.965926
vn 0.000000 -0.258819 0.965926
vn 0.000001 -0.258821 0.965925
vn 0.000001 -0.258821 0.965925
vn 0.000001 -0.258821 0.965925
vn 0.000000 -0.258820 0.965926
vn 0.000000 -0.258820 0.965926
vn 0.000000 -0.258820 0.965926
vn 1.000000 0.000000 -0.000000
vn 1.000000 0.000000 -0.000000
vn 1.000000 0.000000 -0.000000
vn 1.000000 -0.000001 -0.000000
vn 1.000000 -0.000001 -0.000000
vn 1.000000 -0.000001 -0.000000
vn -0.000000 0.258819 -0.965926
vn -0.000000 0.258819 -0.965926
vn -0.000000 0.258819 -0.965926
vn -0.000000 0.258819 -0.965926
vn -0.000000 0.258819 -0.965926
vn -0.000000 0.258819 -0.965926
vn -1.000000 0.000000 0.000000
vn -1.000000 0.000000 0.000000
vn -1.000000 0.000000 0.000000
vn -1.000000 0.000000 0.000000
vn -1.000000 0.000000 0.000000
vn -1.000000 0.000000 0.000000
vn -0.000000 0.258819 -0.965926
vn -0.000000 0.258819 -0.965926
vn -0.000000 0.258819 -0.965926
vn -0.000000 0.258819 -0.965926
vn -0.000000 0.258819 -0.965926
vn -0.000000 0.258819 -0.965926
vn -0.000000 0.258819 -0.965926
vn -0.000000 0.258819 -0.965926
vn -0.000000 0.258819 -0.965926
vn 0.000000 -0.258819 0.965926
vn 0.000000 -0.258819 0.965926
vn 0.000000 -0.258819 0.965926
vn 0.000000 -0.258819 0.965926
vn 0.000000 -0.258819 0.965926
vn 0.000000 -0.258819 0.965926
vn -0.000000 -0.965925 -0.258824
vn -0.000000 -0.965925 -0.258824
vn -0.000000 -0.965925 -0.258824
vn -0.000000 -0.965922 -0.258835
vn -0.000000 -0.965922 -0.258835
vn -0.000000 -0.965922 -0.258835
vn -0.000000 -0.965926 -0.258818
vn -0.000000 -0.965926 -0.258818
vn -0.000000 -0.965926 -0.258818
vn -0.000000 -0.965927 -0.258816
vn -0.000000 -0.965927 -0.258816
vn -0.000000 -0.965927 -0.258816
vn -0.000000 0.258819 -0.965926
vn -0.000000 0.258819 -0.965926
vn -0.000000 0.258819 -0.965926
vn -0.000000 0.258819 -0.965926
vn -0.000000 0.258819 -0.965926
vn -0.000000 0.258819 -0.965926
vn 0.000000 0.965924 0.258825
vn 0.000000 0.965924 0.258825
vn 0.000000 0.965924 0.258825
vn 0.000000 0.965926 0.258818
vn 0.000000 0.965926 0.258818
vn 0.000000 0.965926 0.258818
vn 0.000000 0.965926 0.258818
vn 0.000000 0.965926 0.258818
vn 0.000000 0.965926 0.258818
vn 0.000000 0.965924 0.258825
vn 0.000000 0.965924 0.258825
vn 0.000000 0.965924 0.258825
vn 0.000000 0.965926 0.258819
vn 0.000000 0.965926 0.258819
vn 0.000000 0.965926 0.258819
vn 0.000000 0.965927 0.258815
vn 0.000000 0.965927 0.258815
vn 0.000000 0.965927 0.258815
vn -1.000000 0.000000 0.000000
vn -1.000000 0.000000 0.000000
vn -1.000000 0.000000 0.000000
vn -1.000000 0.000000 0.000000
vn -1.000000 0.000000 0.000000
vn -1.000000 0.000000 0.000000
vn 1.000000 0.000000 -0.000000
vn 1.000000 0.000000 -0.000000
vn 1.000000 0.000000 -0.000000
vn 1.000000 -0.000001 -0.000000
vn 1.000000 -0.000001 -0.000000
vn 1.000000 -0.000001 -0.000000
vn 0.618508 0.785778 -0.000008
vn 0.618508 0.785778 -0.000008
vn 0.618508 0.785778 -0.000008
vn 0.618508 0.785778 0.000004
vn 0.618508 0.785778 0.000004
vn 0.618508 0.785778 0.000004
vn -0.000000 -0.965925 -0.258824
vn -0.000000 -0.965925 -0.258824
vn -0.000000 -0.965925 -0.258824
vn -0.000000 -0.965925 -0.258821
vn -0.000000 -0.965925 -0.258821
vn -0.000000 -0.965925 -0.258821
vn 0.000000 0.965924 0.258825
vn 0.000000 0.965924 0.258825
vn 0.000000 0.965924 0.258825
vn 0.000000 0.965927 0.258814
vn 0.000000 0.965927 0.258814
vn 0.000000 0.965927 0.258814
vn 0.000000 0.965926 0.258819
vn 0.000000 0.965926 0.258819
vn 0.000000 0.965926 0.258819
vn 0.000000 0.965924 0.258825
vn 0.000000 0.965924 0.258825
vn 0.000000 0.965924 0.258825
vn 0.000000 -0.258819 0.965926
vn 0.000000 -0.258819 0.965926
vn 0.000000 -0.258819 0.965926
vn -0.000001 -0.258821 0.965925
vn -0.000001 -0.258821 0.965925
vn -0.000001 -0.258821 0.965925
vn 0.000000 -0.258819 0.965926
vn 0.000000 -0.258819 0.965926
vn 0.000000 -0.258819 0.965926
vn 0.000000 -0.258819 0.965926
vn 0.000000 -0.258819 0.965926
vn 0.000000 -0.258819 0.965926
vn 0.000000 -0.258819 0.965926
vn 0.000000 -0.258819 0.965926
vn 0.000000 -0.258819 0.965926
vn -0.000000 -0.965926 -0.258819
vn -0.000000 -0.965926 -0.258819
vn -0.000000 -0.965926 -0.258819
vn -0.000000 -0.965926 -0.258819
vn -0.000000 -0.965926 -0.258819
vn -0.000000 -0.965926 -0.258819
vn -1.000000 0.000000 0.000000
vn -1.000000 0.000000 0.000000
vn -1.000000 0.000000 0.000000
vn -1.000000 0.000000 0.000000
vn -1.000000 0.000000 0.000000
vn -1.000000 0.000000 0.000000
vn -1.000000 0.000000 0.000000
vn -1.000000 0.000000 0.000000
vn -1.000000 0.000000 0.000000
vn -1.000000 0.000000 0.000000
vn -1.000000 0.000000 0.000000
vn -1.000000 0.000000 0.000000
vn -0.000000 -0.965928 -0.258811
vn -0.000000 -0.965928 -0.258811
vn -0.000000 -0.965928 -0.258811
vn -0.000000 -0.965924 -0.258825
vn -0.000000 -0.965924 -0.258825
vn -0.000000 -0.965924 -0.258825
vn -0.000000 0.258819 -0.965926
vn -0.000000 0.258819 -0.965926
vn -0.000000 0.258819 -0.965926
vn -0.000000 0.258819 -0.965926
vn -0.000000 0.258819 -0.965926
vn -0.000000 0.258819 -0.965926
vn 0.000000 0.965925 0.258821
vn 0.000000 0.965925 0.258821
vn 0.000000 0.965925 0.258821
vn 0.000000 0.965926 0.258818
vn 0.000000 0.965926 0.258818
vn 0.000000 0.965926 0.258818
vn 0.000000 0.965926 0.258818
vn 0.000000 0.965926 0.258818
vn 0.000000 0.965926 0.258818
vn 0.000000 0.965926 0.258818
vn 0.000000 0.965926 0.258818
vn 0.000000 0.965926 0.258818
vn 0.000000 0.965926 0.258818
vn 0.000000 0.965926 0.258818
vn 0.000000 0.965926 0.258818
vn 0.000000 0.965925 0.258821
vn 0.000000 0.965925 0.258821
vn 0.000000 0.965925 0.258821
s off
g Shed pasted__GFBXASC045dindingFBXASC032belakangFBXASC032kanan
usemtl pasted__GFBXASC045DindingFBXASC032belakangFBXASC032kiriSG
f 140/374/37 143/106/38 122/105/39
f 140/374/40 122/105/41 128/372/42
f 113/279/43 110/58/44 120/54/45
f 113/279/46 120/54/47 117/269/48
f 154/346/49 145/417/50 166/437/51
f 154/346/52 166/437/53 157/396/54
f 367/131/55 382/153/56 373/270/57
f 367/131/58 373/270/59 361/180/60
f 411/446/61 420/468/62 414/465/63
f 411/446/64 414/465/65 417/440/66
f 386/225/67 395/37/68 390/40/69
f 386/225/70 390/40/71 393/233/72
f 62/304/73 65/76/74 60/63/75
f 62/304/76 60/63/77 51/311/78
f 38/329/79 41/86/80 36/73/81
f 38/329/82 36/73/83 27/296/84
f 106/277/85 97/413/86 118/433/87
f 106/277/88 118/433/89 109/392/90
f 290/335/91 302/89/92 308/88/93
f 290/335/94 308/88/95 299/334/96
f 242/292/97 251/71/98 245/70/99
f 242/292/100 245/70/101 248/290/102
f 81/525/103 87/353/104 92/349/105
f 81/525/106 92/349/107 74/523/108
f 530/165/109 532/129/110 517/151/111
f 530/165/112 517/151/113 512/192/114
f 246/460/115 261/457/116 264/219/117
f 246/460/118 264/219/119 249/228/120
f 89/354/121 77/97/122 83/95/123
f 89/354/124 83/95/125 95/350/126
f 182/212/127 176/33/128 174/36/129
f 182/212/130 174/36/131 186/220/132
f 392/289/133 389/69/134 404/68/135
f 392/289/136 404/68/137 407/287/138
f 86/283/139 80/66/140 78/56/141
f 86/283/142 78/56/143 90/274/144
f 338/306/145 347/77/146 341/75/147
f 338/306/148 341/75/149 344/300/150
f 88/134/151 94/156/152 91/282/153
f 88/134/154 91/282/155 85/182/156
f 224/248/157 233/47/158 231/30/159
f 224/248/160 231/30/161 219/201/162
f 185/299/163 173/74/164 179/72/165
f 185/299/166 179/72/167 191/295/168
f 332/324/169 335/84/170 314/82/171
f 332/324/172 314/82/173 320/320/174
f 164/370/175 167/104/176 146/102/177
f 164/370/178 146/102/179 152/364/180
f 258/499/181 255/293/182 263/291/183
f 258/499/184 263/291/185 260/498/186
f 272/200/187 281/29/188 279/32/189
f 272/200/190 279/32/191 267/208/192
f 177/502/193 183/298/194 188/294/195
f 177/502/196 188/294/197 170/500/198
f 362/272/199 371/55/200 366/52/201
f 362/272/202 366/52/203 369/264/204
f 50/357/205 59/99/206 53/98/207
f 50/357/208 53/98/209 56/355/210
f 99/480/211 108/486/212 102/278/213
f 99/480/214 102/278/215 105/268/216
f 139/138/217 127/160/218 124/365/219
f 139/138/220 124/365/221 136/186/222
f 234/509/223 225/318/224 221/315/225
f 234/509/226 221/315/227 239/508/228
f 435/484/229 444/447/230 437/449/231
f 435/484/232 437/449/233 440/482/234
f 184/124/235 190/145/236 187/217/237
f 184/124/238 187/217/239 181/170/240
f 130/366/241 121/418/242 142/438/243
f 130/366/244 142/438/245 133/397/246
f 451/139/247 460/162/248 454/235/249
f 451/139/250 454/235/251 457/174/252
f 206/260/253 200/51/254 198/48/255
f 206/260/256 198/48/257 210/251/258
f 354/505/259 351/307/260 359/301/261
f 354/505/262 359/301/263 356/503/264
f 84/483/265 75/494/266 93/284/267
f 84/483/268 93/284/269 96/275/270
f 163/137/271 151/159/272 148/345/273
f 163/137/274 148/345/275 160/185/276
f 259/222/277 244/404/278 250/424/279
f 259/222/280 250/424/281 256/380/282
f 442/172/283 446/161/284 449/190/285
f 442/172/286 449/190/287 436/224/288
f 204/474/289 195/477/290 213/261/291
f 204/474/292 213/261/293 216/252/294
f 266/313/295 278/79/296 284/78/297
f 266/313/298 284/78/299 275/309/300
f 254/218/301 257/35/302 252/38/303
f 254/218/304 252/38/305 243/227/306
f 137/368/307 134/103/308 144/93/309
f 137/368/310 144/93/311 141/344/312
f 161/352/313 158/96/314 168/83/315
f 161/352/316 168/83/317 165/322/318
f 529/164/319 511/191/320 514/244/321
f 529/164/322 514/244/323 520/175/324
f 289/130/325 298/152/326 292/262/327
f 289/130/328 292/262/329 295/179/330
f 368/340/331 365/91/332 380/90/333
f 368/340/334 380/90/335 383/338/336
f 396/497/337 387/288/338 398/286/339
f 396/497/340 398/286/341 401/496/342
f 372/519/343 363/339/344 374/337/345
f 372/519/346 374/337/347 377/518/348
f 533/117/349 503/64/350 509/62/351
f 533/117/352 509/62/353 518/115/354
f 456/231/355 462/241/356 477/376/357
f 477/376/358 474/464/359 480/461/360
f 477/376/361 480/461/362 456/231/363
f 42/529/364 39/362/365 47/360/366
f 42/529/367 47/360/368 44/528/369
f 337/123/370 343/144/371 358/211/372
f 337/123/373 358/211/374 349/169/375
f 296/267/376 305/53/377 303/50/378
f 296/267/379 303/50/380 291/258/381
f 497/27/382 495/44/383 528/108/384
f 497/27/385 528/108/386 524/114/387
f 523/168/388 526/125/389 481/146/390
f 523/168/391 481/146/392 487/205/393
f 208/128/394 214/150/395 211/257/396
f 208/128/397 211/257/398 205/178/399
f 115/133/400 103/155/401 100/276/402
f 115/133/403 100/276/404 112/181/405
f 329/255/406 326/49/407 336/46/408
f 329/255/409 336/46/410 333/246/411
f 306/517/412 297/336/413 293/333/414
f 306/517/415 293/333/416 311/516/417
f 391/127/418 406/148/419 397/229/420
f 391/127/421 397/229/422 385/173/423
f 286/204/424 283/401/425 277/421/426
f 286/204/427 277/421/428 280/377/429
f 452/140/430 466/132/431 475/154/432
f 452/140/433 475/154/434 461/163/435
f 218/317/436 230/81/437 236/80/438
f 218/317/439 236/80/440 227/316/441
f 26/361/442 35/101/443 29/100/444
f 26/361/445 29/100/446 32/359/447
f 73/281/448 82/414/449 76/434/450
f 73/281/451 76/434/452 79/393/453
f 498/487/454 525/443/455 488/445/456
f 498/487/457 488/445/458 485/485/459
f 424/177/460 430/121/461 409/142/462
f 424/177/463 409/142/464 415/253/465
f 25/136/466 31/158/467 46/328/468
f 25/136/469 46/328/470 37/184/471
f 507/492/472 522/280/473 515/310/474
f 507/492/475 515/310/476 500/490/477
f 123/521/478 132/531/479 126/367/480
f 123/521/481 126/367/482 129/343/483
f 381/478/484 378/481/485 375/273/486
f 381/478/487 375/273/488 384/265/489
f 342/456/490 357/453/491 360/207/492
f 342/456/493 360/207/494 345/215/495
f 67/302/496 52/415/497 58/435/498
f 67/302/499 58/435/500 64/394/501
f 217/120/502 226/141/503 220/197/504
f 217/120/505 220/197/506 223/166/507
f 309/476/508 312/479/509 294/266/510
f 309/476/511 294/266/512 300/259/513
f 193/256/514 202/410/515 196/430/516
f 193/256/517 196/430/518 199/389/519
f 135/534/520 138/373/521 125/371/522
f 135/534/523 125/371/524 131/533/525
f 422/25/526 429/28/527 432/112/528
f 422/25/529 432/112/530 425/118/531
f 467/189/532 470/67/533 473/65/534
f 467/189/535 473/65/536 476/187/537
f 412/193/538 418/408/539 427/428/540
f 412/193/541 427/428/542 421/384/543
f 147/511/544 156/524/545 150/351/546
f 147/511/547 150/351/548 153/321/549
f 423/489/550 426/439/551 416/441/552
f 423/489/553 416/441/554 413/488/555
f 237/452/556 240/473/557 222/247/558
f 237/452/559 222/247/560 228/202/561
f 285/454/562 288/451/563 270/199/564
f 285/454/565 270/199/566 276/209/567
f 355/210/568 340/402/569 346/422/570
f 355/210/571 346/422/572 352/378/573
f 376/271/574 379/412/575 364/432/576
f 376/271/577 364/432/578 370/391/579
f 111/522/580 114/347/581 101/341/582
f 111/522/583 101/341/584 107/520/585
f 30/501/586 45/514/587 48/330/588
f 30/501/589 48/330/590 33/297/591
f 116/348/592 119/94/593 98/92/594
f 116/348/595 98/92/596 104/342/597
f 400/230/598 403/405/599 388/425/600
f 400/230/601 388/425/602 394/381/603
f 49/135/604 55/157/605 70/303/606
f 49/135/607 70/303/608 61/183/609
f 238/198/610 235/400/611 229/420/612
f 238/198/613 229/420/614 232/387/615
f 405/462/616 402/459/617 399/226/618
f 405/462/619 399/226/620 408/234/621
f 434/43/622 447/45/623 443/110/624
f 450/470/625 441/469/626 438/448/627
f 499/243/628 508/407/629 502/427/630
f 499/243/631 502/427/632 505/383/633
f 439/195/634 448/375/635 445/398/636
f 439/195/637 445/398/638 433/386/639
f 169/216/640 178/403/641 172/423/642
f 169/216/643 172/423/644 175/379/645
f 310/263/646 307/411/647 301/431/648
f 310/263/649 301/431/650 304/390/651
f 282/507/652 273/314/653 269/308/654
f 282/507/655 269/308/656 287/506/657
f 410/111/658 431/113/659 428/61/660
f 410/111/661 428/61/662 419/60/663
f 66/527/664 63/358/665 71/356/666
f 66/527/667 71/356/668 68/526/669
f 327/512/670 330/323/671 317/319/672
f 327/512/673 317/319/674 323/510/675
f 241/126/676 247/147/677 262/223/678
f 241/126/679 262/223/680 253/171/681
f 331/119/682 319/149/683 316/249/684
f 331/119/685 316/249/686 328/176/687
f 315/472/688 324/475/689 318/254/690
f 315/472/691 318/254/692 321/245/693
f 54/491/694 69/504/695 72/305/696
f 54/491/697 72/305/698 57/312/699
f 159/532/700 162/369/701 149/363/702
f 159/532/703 149/363/704 155/530/705
f 265/122/706 274/143/707 268/203/708
f 265/122/709 268/203/710 271/167/711
f 516/237/712 513/239/713 519/442/714
f 519/442/715 510/466/716 501/463/717
f 519/442/718 501/463/719 516/237/720
f 478/236/721 472/406/722 469/426/723
f 478/236/724 469/426/725 463/382/726
f 43/327/727 28/416/728 34/436/729
f 43/327/730 34/436/731 40/395/732
f 350/206/733 353/31/734 348/34/735
f 350/206/736 348/34/737 339/214/738
f 465/495/739 459/285/740 455/196/741
f 465/495/742 455/196/743 479/493/744
f 504/26/745 534/116/746 531/240/747
f 531/240/748 521/238/749 506/41/750
f 531/240/751 506/41/752 504/26/753
f 484/194/754 490/409/755 493/429/756
f 484/194/757 493/429/758 496/385/759
f 483/450/760 492/471/761 486/467/762
f 483/450/763 486/467/764 489/444/765
f 180/458/766 171/455/767 189/213/768
f 180/458/769 189/213/770 192/221/771
f 471/42/772 468/188/773 453/242/774
f 453/242/775 458/232/776 464/39/777
f 453/242/778 464/39/779 471/42/780
f 201/515/781 207/331/782 212/325/783
f 201/515/784 212/325/785 194/513/786
f 322/250/787 313/399/788 334/419/789
f 322/250/790 334/419/791 325/388/792
f 209/332/793 197/87/794 203/85/795
f 209/332/796 203/85/797 215/326/798
f 527/109/799 494/59/800 491/57/801
f 527/109/802 491/57/803 482/107/804
f 819/535/805 822/536/806 804/537/807
f 819/535/808 804/537/809 810/538/810
f 657/539/811 666/540/812 660/541/813
f 657/539/814 660/541/815 663/542/816
f 535/543/817 556/544/818 547/545/819
f 535/543/820 547/545/821 544/546/822
f 796/547/823 793/548/824 787/549/825
f 796/547/826 787/549/827 790/550/828
f 640/551/829 631/552/830 652/553/831
f 640/551/832 652/553/833 643/554/834
f 638/555/835 650/556/836 653/557/837
f 638/555/838 653/557/839 632/558/840
f 567/559/841 579/560/842 582/561/843
f 567/559/844 582/561/845 561/562/846
f 548/563/847 551/564/848 540/565/849
f 548/563/850 540/565/851 546/566/852
f 816/567/853 807/568/854 803/569/855
f 816/567/856 803/569/857 821/570/858
f 860/571/859 863/572/860 852/573/861
f 860/571/862 852/573/863 858/574/864
f 701/575/865 695/576/866 683/577/867
f 701/575/868 683/577/869 689/578/870
f 625/579/871 613/580/872 610/581/873
f 625/579/874 610/581/875 622/582/876
f 1008/583/877 1005/584/878 1020/585/879
f 1020/585/880 1017/586/881 1014/587/882
f 1020/585/883 1014/587/884 1008/583/885
f 830/588/886 842/589/887 845/590/888
f 830/588/889 845/590/890 824/591/891
f 605/592/892 599/593/893 587/594/894
f 605/592/895 587/594/896 593/595/897
f 896/596/898 905/597/899 900/598/900
f 896/596/901 900/598/902 903/599/903
f 806/600/904 815/601/905 813/602/906
f 806/600/907 813/602/908 801/603/909
f 621/604/910 624/605/911 611/606/912
f 621/604/913 611/606/914 617/607/915
f 956/608/916 953/609/917 949/610/918
f 956/608/919 949/610/920 940/611/921
f 792/612/922 783/613/923 779/614/924
f 792/612/925 779/614/926 797/615/927
f 598/616/928 604/617/929 601/618/930
f 598/616/931 601/618/932 595/619/933
f 596/620/934 590/621/935 588/622/936
f 596/620/937 588/622/938 600/623/939
f 673/624/940 661/625/941 658/626/942
f 673/624/943 658/626/944 670/627/945
f 935/628/946 1028/629/947 939/630/948
f 935/628/949 939/630/950 933/631/951
f 915/632/952 912/633/953 909/634/954
f 915/632/955 909/634/956 918/635/957
f 768/636/958 765/637/959 773/638/960
f 768/636/961 773/638/962 770/639/963
f 669/640/964 672/641/965 659/642/966
f 669/640/967 659/642/968 665/643/969
f 687/644/970 693/645/971 698/646/972
f 687/644/973 698/646/974 680/647/975
f 727/648/976 736/649/977 730/650/978
f 727/648/979 730/650/980 733/651/981
f 609/652/982 618/653/983 612/654/984
f 609/652/985 612/654/986 615/655/987
f 614/656/988 626/657/989 629/658/990
f 614/656/991 629/658/992 608/659/993
f 553/660/994 541/661/995 538/662/996
f 553/660/997 538/662/998 550/663/999
f 785/664/1000 776/665/1001 788/666/1002
f 785/664/1003 788/666/1004 794/667/1005
f 572/668/1006 575/669/1007 564/670/1008
f 572/668/1009 564/670/1010 570/671/1011
f 891/672/1012 888/673/1013 885/674/1014
f 891/672/1015 885/674/1016 894/675/1017
f 679/676/1018 688/677/1019 682/678/1020
f 679/676/1021 682/678/1022 685/679/1023
f 649/680/1024 637/681/1025 634/682/1026
f 649/680/1027 634/682/1028 646/683/1029
f 594/684/1030 585/685/1031 603/686/1032
f 594/684/1033 603/686/1034 606/687/1035
f 645/688/1036 648/689/1037 635/690/1038
f 645/688/1039 635/690/1040 641/691/1041
f 716/692/1042 710/693/1043 708/694/1044
f 716/692/1045 708/694/1046 720/695/1047
f 616/696/1048 607/697/1049 628/698/1050
f 616/696/1051 628/698/1052 619/699/1053
f 664/700/1054 655/701/1055 676/702/1056
f 664/700/1057 676/702/1058 667/703/1059
f 865/704/1060 853/705/1061 850/706/1062
f 865/704/1063 850/706/1064 862/707/1065
f 714/708/1066 705/709/1067 723/710/1068
f 714/708/1069 723/710/1070 726/711/1071
f 1036/712/1072 1039/713/1073 1033/714/1074
f 1036/712/1075 1033/714/1076 1030/715/1077
f 764/716/1078 767/717/1079 756/718/1080
f 764/716/1081 756/718/1082 762/719/1083
f 623/720/1084 620/721/1085 630/722/1086
f 623/720/1087 630/722/1088 627/723/1089
f 906/724/1090 897/725/1091 908/726/1092
f 906/724/1093 908/726/1094 911/727/1095
f 747/728/1096 750/729/1097 732/730/1098
f 747/728/1099 732/730/1100 738/731/1101
f 820/732/1102 817/733/1103 811/734/1104
f 820/732/1105 811/734/1106 814/735/1107
f 662/736/1108 674/737/1109 677/738/1110
f 662/736/1111 677/738/1112 656/739/1113
f 694/740/1114 700/741/1115 697/742/1116
f 694/740/1117 697/742/1118 691/743/1119
f 882/744/1120 873/745/1121 884/746/1122
f 882/744/1123 884/746/1124 887/747/1125
f 958/748/1126 967/749/1127 961/750/1128
f 958/748/1129 961/750/1130 964/751/1131
f 1015/752/1132 1018/753/1133 1042/754/1134
f 1015/752/1135 1042/754/1136 1024/755/1137
f 795/756/1138 798/757/1139 780/758/1140
f 795/756/1141 780/758/1142 786/759/1143
f 982/760/1144 985/761/1145 976/762/1146
f 982/760/1147 976/762/1148 973/763/1149
f 552/764/1150 549/765/1151 557/766/1152
f 552/764/1153 557/766/1154 554/767/1155
f 872/768/1156 881/769/1157 876/770/1158
f 872/768/1159 876/770/1160 879/771/1161
f 864/772/1162 861/773/1163 869/774/1164
f 864/772/1165 869/774/1166 866/775/1167
f 886/776/1168 889/777/1169 874/778/1170
f 886/776/1171 874/778/1172 880/779/1173
f 760/780/1174 751/781/1175 772/782/1176
f 760/780/1177 772/782/1178 763/783/1179
f 744/784/1180 735/785/1181 731/786/1182
f 744/784/1183 731/786/1184 749/787/1185
f 839/788/1186 836/789/1187 846/790/1188
f 839/788/1189 846/790/1190 843/791/1191
f 711/792/1192 717/793/1193 722/794/1194
f 711/792/1195 722/794/1196 704/795/1197
f 576/796/1198 573/797/1199 581/798/1200
f 576/796/1201 581/798/1202 578/799/1203
f 841/800/1204 829/801/1205 826/802/1206
f 841/800/1207 826/802/1208 838/803/1209
f 855/804/1210 867/805/1211 870/806/1212
f 855/804/1213 870/806/1214 849/807/1215
f 737/808/1216 728/809/1217 740/810/1218
f 737/808/1219 740/810/1220 746/811/1221
f 1003/812/1222 1009/813/1223 1043/814/1224
f 1003/812/1225 1043/814/1226 1019/815/1227
f 583/816/1228 592/817/1229 586/818/1230
f 583/816/1231 586/818/1232 589/819/1233
f 901/820/1234 916/821/1235 907/822/1236
f 901/820/1237 907/822/1238 895/823/1239
f 734/824/1240 743/825/1241 741/826/1242
f 734/824/1243 741/826/1244 729/827/1245
f 775/828/1246 784/829/1247 778/830/1248
f 775/828/1249 778/830/1250 781/831/1251
f 543/832/1252 555/833/1253 558/834/1254
f 543/832/1255 558/834/1256 537/835/1257
f 647/836/1258 644/837/1259 654/838/1260
f 647/836/1261 654/838/1262 651/839/1263
f 988/840/1264 997/841/1265 991/842/1266
f 988/840/1267 991/842/1268 994/843/1269
f 536/844/1270 545/845/1271 539/846/1272
f 536/844/1273 539/846/1274 542/847/1275
f 998/848/1276 989/849/1277 1040/850/1278
f 998/848/1279 1040/850/1280 1037/851/1281
f 975/852/1282 966/853/1283 962/854/1284
f 975/852/1285 962/854/1286 983/855/1287
f 832/856/1288 823/857/1289 844/858/1290
f 832/856/1291 844/858/1292 835/859/1293
f 718/860/1294 724/861/1295 721/862/1296
f 718/860/1297 721/862/1298 715/863/1299
f 910/864/1300 913/865/1301 898/866/1302
f 910/864/1303 898/866/1304 904/867/1305
f 633/868/1306 642/869/1307 636/870/1308
f 633/868/1309 636/870/1310 639/871/1311
f 703/872/1312 712/873/1313 706/874/1314
f 703/872/1315 706/874/1316 709/875/1317
f 782/876/1318 791/877/1319 789/878/1320
f 782/876/1321 789/878/1322 777/879/1323
f 690/880/1324 681/881/1325 699/882/1326
f 690/880/1327 699/882/1328 702/883/1329
f 856/884/1330 847/885/1331 868/886/1332
f 856/884/1333 868/886/1334 859/887/1335
f 748/888/1336 745/889/1337 739/890/1338
f 748/888/1339 739/890/1340 742/891/1341
f 752/892/1342 761/893/1343 755/894/1344
f 752/892/1345 755/894/1346 758/895/1347
f 877/896/1348 892/897/1349 883/898/1350
f 877/896/1351 883/898/1352 871/899/1353
f 825/900/1354 834/901/1355 828/902/1356
f 825/900/1357 828/902/1358 831/903/1359
f 837/904/1360 840/905/1361 827/906/1362
f 837/904/1363 827/906/1364 833/907/1365
f 995/908/1366 1034/909/1367 1041/910/1368
f 995/908/1369 1041/910/1370 990/911/1371
f 979/912/1372 970/913/1373 977/914/1374
f 979/912/1375 977/914/1376 986/915/1377
f 950/916/1378 954/917/1379 944/918/1380
f 932/919/1381 938/920/1382 920/921/1383
f 932/919/1384 920/921/1385 926/922/1386
f 942/923/1387 948/924/1388 957/925/1389
f 931/926/1390 925/927/1391 922/928/1392
f 931/926/1393 922/928/1394 934/929/1395
f 960/930/1396 965/931/1397 974/932/1398
f 974/932/1399 978/933/1400 972/934/1401
f 974/932/1402 972/934/1403 960/930/1404
f 577/935/1405 565/936/1406 562/937/1407
f 577/935/1408 562/937/1409 574/938/1410
f 1038/939/1411 1032/940/1412 993/941/1413
f 1038/939/1414 993/941/1415 999/942/1416
f 952/943/1417 955/944/1418 946/945/1419
f 952/943/1420 946/945/1421 943/946/1422
f 969/947/1423 981/948/1424 987/949/1425
f 987/949/1426 984/950/1427 963/951/1428
f 987/949/1429 963/951/1430 969/947/1431
f 671/952/1432 668/953/1433 678/954/1434
f 671/952/1435 678/954/1436 675/955/1437
f 941/956/1438 951/957/1439 945/958/1440
f 941/956/1441 945/958/1442 947/959/1443
f 929/960/1444 1029/961/1445 936/962/1446
f 929/960/1447 936/962/1448 923/963/1449
f 921/964/1450 930/965/1451 924/966/1452
f 921/964/1453 924/966/1454 927/967/1455
f 917/968/1456 902/969/1457 899/970/1458
f 917/968/1459 899/970/1460 914/971/1461
f 725/972/1462 719/973/1463 707/974/1464
f 725/972/1465 707/974/1466 713/975/1467
f 1001/976/1468 1010/977/1469 1004/978/1470
f 1001/976/1471 1004/978/1472 1007/979/1473
f 1000/980/1474 1006/981/1475 1012/982/1476
f 1000/980/1477 1012/982/1478 1021/983/1479
f 769/984/1480 757/985/1481 754/986/1482
f 769/984/1483 754/986/1484 766/987/1485
f 919/988/1486 937/989/1487 1027/990/1488
f 919/988/1489 1027/990/1490 928/991/1491
f 1031/992/1492 1035/993/1493 996/994/1494
f 1031/992/1495 996/994/1496 992/995/1497
f 893/996/1498 878/997/1499 875/998/1500
f 893/996/1501 875/998/1502 890/999/1503
f 959/1000/1504 971/1001/1505 980/1002/1506
f 959/1000/1507 980/1002/1508 968/1003/1509
f 1002/1004/1510 1022/1005/1511 1025/1006/1512
f 1025/1006/1513 1044/1007/1514 1011/1008/1515
f 1025/1006/1516 1011/1008/1517 1002/1004/1518
f 692/1009/1519 686/1010/1520 684/1011/1521
f 692/1009/1522 684/1011/1523 696/1012/1524
f 591/1013/1525 597/1014/1526 602/1015/1527
f 591/1013/1528 602/1015/1529 584/1016/1530
f 568/1017/1531 559/1018/1532 580/1019/1533
f 568/1017/1534 580/1019/1535 571/1020/1536
f 799/1021/1537 808/1022/1538 802/1023/1539
f 799/1021/1540 802/1023/1541 805/1024/1542
f 1026/1025/1543 1023/1026/1544 1013/1027/1545
f 1026/1025/1546 1013/1027/1547 1016/1028/1548
f 759/1029/1549 771/1030/1550 774/1031/1551
f 759/1029/1552 774/1031/1553 753/1032/1554
f 560/1033/1555 569/1034/1556 563/1035/1557
f 560/1033/1558 563/1035/1559 566/1036/1560
f 848/1037/1561 857/1038/1562 851/1039/1563
f 848/1037/1564 851/1039/1565 854/1040/1566
f 809/1041/1567 800/1042/1568 812/1043/1569
f 809/1041/1570 812/1043/1571 818/1044/1572
g default
v 6.520460 13.130828 7.261731
v 6.520460 13.130828 7.261731
v 6.520460 13.130828 7.261731
v 1.072968 13.130795 6.301739
v 1.072968 13.130795 6.301739
v 1.072968 13.130795 6.301739
v 1.072968 13.130797 7.261731
v 1.072968 13.130797 7.261731
v 1.072968 13.130797 7.261731
v 6.520460 13.130840 6.301739
v 6.520460 13.130840 6.301739
v 6.520460 13.130840 6.301739
v 1.073059 0.226371 6.301666
v 1.073059 0.226371 6.301666
v 1.432253 12.771526 6.301737
v 1.432253 12.771526 6.301737
v 1.432345 0.226375 6.301666
v 1.432345 0.226375 6.301666
v 6.161204 12.771557 6.301737
v 6.161204 12.771557 6.301737
v 6.520521 0.226408 6.301666
v 6.520521 0.226408 6.301666
v 6.161265 0.226406 6.301666
v 6.161265 0.226406 6.301666
v 1.432345 0.226369 7.261658
v 1.432345 0.226369 7.261658
v 1.073059 0.226367 7.261658
v 1.073059 0.226367 7.261658
v 1.432345 0.226372 7.004181
v 1.432345 0.226375 6.559143
v 6.520521 0.226402 7.261658
v 6.520521 0.226402 7.261658
v 6.161265 0.226400 7.261658
v 6.161204 12.771560 7.261728
v 1.432253 12.771529 7.261728
v 1.432253 12.771529 7.261728
v 1.432253 12.771534 7.004251
v 6.161265 0.226405 6.559143
v 1.432253 12.771537 6.559214
v 6.161204 12.771567 6.559214
v 1.073059 0.226371 6.301666
v 1.432253 12.771526 6.301737
v 1.432345 0.226375 6.301666
v 6.161204 12.771557 6.301737
v 6.520521 0.226408 6.301666
v 6.161265 0.226406 6.301666
v 1.432345 0.226369 7.261658
v 1.073059 0.226367 7.261658
v 1.432345 0.226372 7.004181
v 1.432345 0.226372 7.004181
v 1.432345 0.226372 7.004181
v 1.432345 0.226375 6.559143
v 1.432345 0.226375 6.559143
v 1.432345 0.226375 6.559143
v 6.520521 0.226402 7.261658
v 6.161265 0.226400 7.261658
v 6.161265 0.226400 7.261658
v 6.161204 12.771560 7.261728
v 6.161204 12.771560 7.261728
v 1.432253 12.771529 7.261728
v 6.161204 11.151564 7.064238
v 6.161204 12.771564 7.004251
v 6.161204 12.771564 7.004251
v 6.161204 12.771564 7.004251
v 6.161204 12.771564 7.004251
v 6.161204 10.791563 7.064236
v 6.161204 10.791563 7.064236
v 6.161204 10.791563 7.064236
v 6.161204 11.151569 7.004241
v 6.161204 11.151569 7.004241
v 6.161204 11.151569 7.004241
v 6.161204 11.151569 7.004241
v 6.161204 11.151569 7.004241
v 6.161204 6.681562 7.064202
v 6.161204 6.681562 7.064202
v 6.161204 6.681562 7.064202
v 6.161204 6.321562 7.064200
v 6.161204 6.321562 7.064200
v 6.161204 6.321562 7.064200
v 6.161204 10.791569 7.004238
v 6.161204 10.791569 7.004238
v 6.161204 10.791569 7.004238
v 6.161204 10.791569 7.004238
v 6.161204 6.681568 7.004205
v 6.161204 6.681568 7.004205
v 6.161204 6.681568 7.004205
v 6.161204 6.681568 7.004205
v 6.161204 6.681568 7.004205
v 6.161204 6.321568 7.004202
v 6.161204 6.321568 7.004202
v 6.161204 6.321568 7.004202
v 6.161204 6.321568 7.004202
v 6.161265 2.206402 7.064222
v 6.161265 2.206402 7.064222
v 6.161265 2.206402 7.004225
v 6.161265 2.206402 7.004225
v 6.161265 2.206402 7.004225
v 6.161265 2.206402 7.004225
v 6.161265 2.206402 7.004225
v 6.161265 2.206402 7.004225
v 6.161265 1.846402 7.064220
v 6.161265 1.846402 7.064220
v 6.161265 0.226402 7.004181
v 6.161265 0.226402 7.004181
v 6.161265 0.226402 7.004181
v 6.161265 0.226402 7.004181
v 6.161265 1.846402 7.004222
v 6.161265 1.846402 7.004222
v 6.161265 1.846402 7.004222
v 6.161265 1.846402 7.004222
v 6.161265 1.846402 7.004222
v 1.432253 12.771534 7.004251
v 1.432253 12.771534 7.004251
v 1.432253 12.771534 7.004251
v 6.161265 0.226405 6.559143
v 6.161265 0.226405 6.559143
v 6.161265 0.226405 6.559143
v 1.432253 12.771537 6.559214
v 1.432253 12.771537 6.559214
v 1.432253 12.771537 6.559214
v 6.161204 12.771567 6.559214
v 6.161204 12.771567 6.559214
v 6.161204 12.771567 6.559214
v 6.161204 12.771567 6.559214
v 5.141168 10.911564 7.004249
v 5.141168 10.911564 7.004249
v 5.141168 11.031559 7.004230
v 5.141168 11.031559 7.004230
v 5.141229 1.966395 7.004203
v 5.141229 1.966395 7.004203
v 5.141229 2.086395 7.004214
v 5.141229 2.086395 7.004214
v 5.141229 6.441563 7.004183
v 5.141229 6.561558 7.004194
v 6.161204 11.151564 7.064238
v 6.161204 11.151564 7.064238
v 6.161204 10.791563 7.064236
v 6.161204 10.791563 7.064236
v 6.161204 11.151569 7.004241
v 6.161204 6.681562 7.064202
v 6.161204 6.681562 7.064202
v 6.161204 6.321562 7.064200
v 6.161204 6.321562 7.064200
v 6.161204 10.791569 7.004238
v 6.161204 6.681568 7.004205
v 6.161204 6.321568 7.004202
v 6.161265 2.206402 7.064222
v 6.161265 2.206402 7.064222
v 6.161265 2.206402 7.004225
v 6.161265 1.846402 7.064220
v 6.161265 1.846402 7.064220
v 6.161265 1.846402 7.004222
v 5.141168 10.911564 7.004249
v 5.141168 10.911564 7.004249
v 5.141168 11.031559 7.004230
v 5.141168 11.031559 7.004230
v 5.141229 1.966395 7.004203
v 5.141229 1.966395 7.004203
v 5.141229 2.086395 7.004214
v 5.141229 2.086395 7.004214
v 5.141229 6.441563 7.004183
v 5.141229 6.441563 7.004183
v 5.141229 6.561558 7.004194
v 5.141229 6.561558 7.004194
v 5.141168 10.911558 7.064247
v 5.141168 10.911558 7.064247
v 5.141168 10.911558 7.064247
v 5.141168 11.031553 7.064227
v 5.141168 11.031553 7.064227
v 5.141168 11.031553 7.064227
v 5.141229 6.441557 7.064211
v 5.141229 6.441557 7.064211
v 5.141229 6.441557 7.064211
v 5.141229 6.561552 7.064222
v 5.141229 6.561552 7.064222
v 5.141229 6.561552 7.064222
v 5.141229 1.966395 7.064200
v 5.141229 1.966395 7.064200
v 5.141229 1.966395 7.064200
v 5.141229 2.086396 7.064211
v 5.141229 2.086396 7.064211
v 5.141229 2.086396 7.064211
v 2.059274 7.885792 7.004200
v 2.059274 7.885792 7.004200
v 2.059274 7.885792 7.004200
v 2.066488 7.895188 7.026915
v 2.066488 7.895188 7.026915
v 2.066488 7.895188 7.026915
v 2.059274 7.885788 7.026905
v 2.059274 7.885788 7.026905
v 2.059274 7.885788 7.026905
v 2.066488 7.895191 7.004179
v 2.066488 7.895191 7.004179
v 2.066488 7.895191 7.004179
v 2.038948 7.874054 7.026901
v 2.038948 7.874054 7.026901
v 2.038948 7.874054 7.026901
v 2.015473 7.874054 7.026901
v 2.015473 7.874054 7.026901
v 2.015473 7.874054 7.026901
v 2.027195 7.872506 7.026918
v 2.027195 7.872506 7.026918
v 2.027195 7.872506 7.026918
v 2.049866 7.878586 7.026924
v 2.049866 7.878586 7.026924
v 2.049866 7.878586 7.026924
v 2.004525 7.878586 7.026924
v 2.004525 7.878586 7.026924
v 2.004525 7.878586 7.026924
v 1.995116 7.885788 7.026905
v 1.995116 7.885788 7.026905
v 1.995116 7.885788 7.026905
v 1.987903 7.895188 7.026915
v 1.987903 7.895188 7.026915
v 1.987903 7.895188 7.026915
v 2.071027 7.906128 7.026906
v 2.071027 7.906128 7.026906
v 2.071027 7.906128 7.026906
v 2.051767 7.905900 7.026930
v 2.051767 7.905900 7.026930
v 2.051767 7.905900 7.026930
v 2.049866 7.929833 7.026921
v 2.049866 7.929833 7.026921
v 2.049866 7.929833 7.026921
v 2.072567 7.917862 7.026910
v 2.072567 7.917862 7.026910
v 2.072567 7.917862 7.026910
v 2.071027 7.929604 7.026914
v 2.071027 7.929604 7.026914
v 2.071027 7.929604 7.026914
v 2.066488 7.940545 7.026906
v 2.066488 7.940545 7.026906
v 2.066488 7.940545 7.026906
v 2.004525 7.929833 7.026921
v 2.004525 7.929833 7.026921
v 2.004525 7.929833 7.026921
v 2.002624 7.905900 7.026930
v 2.002624 7.905900 7.026930
v 2.002624 7.905900 7.026930
v 1.983394 7.906128 7.026906
v 1.983394 7.906128 7.026906
v 1.983394 7.906128 7.026906
v 1.981855 7.917862 7.026910
v 1.981855 7.917862 7.026910
v 1.983394 7.929604 7.026914
v 1.983394 7.929604 7.026914
v 1.983394 7.929604 7.026914
v 1.987903 7.940545 7.026906
v 1.987903 7.940545 7.026906
v 1.987903 7.940545 7.026906
v 2.059274 7.949936 7.026916
v 2.059274 7.949936 7.026916
v 2.059274 7.949936 7.026916
v 1.995116 7.949936 7.026916
v 1.995116 7.949936 7.026916
v 1.995116 7.949936 7.026916
v 2.049866 7.957146 7.026927
v 2.049866 7.957146 7.026927
v 2.049866 7.957146 7.026927
v 2.004525 7.957146 7.026927
v 2.004525 7.957146 7.026927
v 2.004525 7.957146 7.026927
v 2.038948 7.961678 7.026919
v 2.038948 7.961678 7.026919
v 2.038948 7.961678 7.026919
v 2.015473 7.961678 7.026919
v 2.015473 7.961678 7.026919
v 2.015473 7.961678 7.026919
v 2.027195 7.963227 7.026902
v 2.027195 7.963227 7.026902
v 2.027195 7.963227 7.026902
v 2.071027 7.906132 7.004171
v 2.071027 7.906132 7.004171
v 2.071027 7.906132 7.004171
v 2.072567 7.917866 7.004175
v 2.072567 7.917866 7.004175
v 2.072567 7.917866 7.004175
v 2.071027 7.929607 7.004178
v 2.071027 7.929607 7.004178
v 2.071027 7.929607 7.004178
v 2.066488 7.940548 7.004170
v 2.066488 7.940548 7.004170
v 2.066488 7.940548 7.004170
v 2.015473 7.874058 7.004196
v 2.015473 7.874058 7.004196
v 2.015473 7.874058 7.004196
v 2.038948 7.874058 7.004196
v 2.038948 7.874058 7.004196
v 2.038948 7.874058 7.004196
v 2.027195 7.872509 7.004213
v 2.027195 7.872509 7.004213
v 2.027195 7.872509 7.004213
v 2.049866 7.878590 7.004189
v 2.049866 7.878590 7.004189
v 2.049866 7.878590 7.004189
v 2.004525 7.878590 7.004189
v 2.004525 7.878590 7.004189
v 2.004525 7.878590 7.004189
v 1.995116 7.885792 7.004169
v 1.995116 7.885792 7.004169
v 1.995116 7.885792 7.004169
v 1.987903 7.895191 7.004210
v 1.987903 7.895191 7.004210
v 1.987903 7.895191 7.004210
v 1.983394 7.906132 7.004201
v 1.983394 7.906132 7.004201
v 1.983394 7.906132 7.004201
v 1.981855 7.917866 7.004205
v 1.981855 7.917866 7.004205
v 1.983394 7.929607 7.004209
v 1.983394 7.929607 7.004209
v 1.983394 7.929607 7.004209
v 1.987903 7.940548 7.004201
v 1.987903 7.940548 7.004201
v 1.987903 7.940548 7.004201
v 2.059274 7.949940 7.004210
v 2.059274 7.949940 7.004210
v 2.059274 7.949940 7.004210
v 1.995116 7.949940 7.004180
v 1.995116 7.949940 7.004180
v 1.995116 7.949940 7.004180
v 2.049866 7.957150 7.004191
v 2.049866 7.957150 7.004191
v 2.049866 7.957150 7.004191
v 2.004525 7.957150 7.004191
v 2.004525 7.957150 7.004191
v 2.004525 7.957150 7.004191
v 2.038948 7.961681 7.004214
v 2.038948 7.961681 7.004214
v 2.038948 7.961681 7.004214
v 2.015473 7.961681 7.004214
v 2.015473 7.961681 7.004214
v 2.015473 7.961681 7.004214
v 2.027195 7.963230 7.004227
v 2.027195 7.963230 7.004227
v 2.027195 7.963230 7.004227
v 2.071027 7.264779 7.026919
v 2.071027 7.264779 7.026919
v 2.071027 7.264779 7.026919
v 2.049896 7.264550 7.026911
v 2.049896 7.264550 7.026911
v 2.049896 7.264550 7.026911
v 2.066488 7.253838 7.026927
v 2.066488 7.253838 7.026927
v 2.066488 7.253838 7.026927
v 2.051767 7.288491 7.026903
v 2.051767 7.288491 7.026903
v 2.051767 7.288491 7.026903
v 2.072567 7.276520 7.026922
v 2.072567 7.276520 7.026922
v 2.072567 7.276520 7.026922
v 2.071027 7.288262 7.026926
v 2.071027 7.288262 7.026926
v 2.071027 7.288262 7.026926
v 2.066488 7.299202 7.026918
v 2.066488 7.299202 7.026918
v 2.066488 7.299202 7.026918
v 1.987903 7.299202 7.026918
v 1.987903 7.299202 7.026918
v 1.987903 7.299202 7.026918
v 1.995116 7.308594 7.026927
v 1.995116 7.308594 7.026927
v 1.995116 7.308594 7.026927
v 2.059274 7.308594 7.026927
v 2.059274 7.308594 7.026927
v 2.059274 7.308594 7.026927
v 2.004525 7.315804 7.026908
v 2.004525 7.315804 7.026908
v 2.004525 7.315804 7.026908
v 2.049896 7.315804 7.026908
v 2.049896 7.315804 7.026908
v 2.049896 7.315804 7.026908
v 2.015473 7.320336 7.026931
v 2.015473 7.320336 7.026931
v 2.015473 7.320336 7.026931
v 2.038948 7.320336 7.026931
v 2.038948 7.320336 7.026931
v 2.038948 7.320336 7.026931
v 2.027195 7.321877 7.026914
v 2.027195 7.321877 7.026914
v 2.027195 7.321877 7.026914
v 2.038948 7.232705 7.026914
v 2.038948 7.232705 7.026914
v 2.038948 7.232705 7.026914
v 2.015473 7.232705 7.026914
v 2.015473 7.232705 7.026914
v 2.015473 7.232705 7.026914
v 2.027195 7.231164 7.026931
v 2.027195 7.231164 7.026931
v 2.027195 7.231164 7.026931
v 2.004525 7.237236 7.026906
v 2.004525 7.237236 7.026906
v 2.004525 7.237236 7.026906
v 2.049896 7.237236 7.026906
v 2.049896 7.237236 7.026906
v 2.049896 7.237236 7.026906
v 1.995116 7.244446 7.026917
v 1.995116 7.244446 7.026917
v 1.995116 7.244446 7.026917
v 2.059274 7.244446 7.026917
v 2.059274 7.244446 7.026917
v 2.059274 7.244446 7.026917
v 1.987903 7.253838 7.026927
v 1.987903 7.253838 7.026927
v 1.987903 7.253838 7.026927
v 1.983394 7.264779 7.026919
v 1.983394 7.264779 7.026919
v 1.983394 7.264779 7.026919
v 2.004525 7.264550 7.026911
v 2.004525 7.264550 7.026911
v 2.004525 7.264550 7.026911
v 2.002624 7.288491 7.026903
v 2.002624 7.288491 7.026903
v 2.002624 7.288491 7.026903
v 1.981855 7.276520 7.026922
v 1.981855 7.276520 7.026922
v 1.983394 7.288262 7.026926
v 1.983394 7.288262 7.026926
v 1.983394 7.288262 7.026926
v 2.071027 7.264782 7.004214
v 2.071027 7.264782 7.004214
v 2.071027 7.264782 7.004214
v 2.072567 7.276524 7.004187
v 2.072567 7.276524 7.004187
v 2.072567 7.276524 7.004187
v 2.038948 7.320339 7.004195
v 2.038948 7.320339 7.004195
v 2.038948 7.320339 7.004195
v 2.049896 7.315807 7.004172
v 2.049896 7.315807 7.004172
v 2.049896 7.315807 7.004172
v 2.071027 7.288265 7.004221
v 2.071027 7.288265 7.004221
v 2.071027 7.288265 7.004221
v 2.066488 7.299206 7.004213
v 2.066488 7.299206 7.004213
v 2.066488 7.299206 7.004213
v 2.059274 7.308598 7.004192
v 2.059274 7.308598 7.004192
v 2.059274 7.308598 7.004192
v 1.987903 7.299206 7.004183
v 1.987903 7.299206 7.004183
v 1.987903 7.299206 7.004183
v 1.983394 7.288265 7.004190
v 1.983394 7.288265 7.004190
v 1.983394 7.288265 7.004190
v 1.981855 7.276524 7.004217
v 1.981855 7.276524 7.004217
v 1.983394 7.264782 7.004214
v 1.983394 7.264782 7.004214
v 1.983394 7.264782 7.004214
v 1.987903 7.253841 7.004191
v 1.987903 7.253841 7.004191
v 1.987903 7.253841 7.004191
v 1.995116 7.244450 7.004212
v 1.995116 7.244450 7.004212
v 1.995116 7.244450 7.004212
v 2.004525 7.237240 7.004201
v 2.004525 7.237240 7.004201
v 2.004525 7.237240 7.004201
v 2.027195 7.231167 7.004226
v 2.027195 7.231167 7.004226
v 2.027195 7.231167 7.004226
v 2.015473 7.232708 7.004209
v 2.015473 7.232708 7.004209
v 2.015473 7.232708 7.004209
v 1.995116 7.308598 7.004222
v 1.995116 7.308598 7.004222
v 1.995116 7.308598 7.004222
v 2.004525 7.315807 7.004203
v 2.004525 7.315807 7.004203
v 2.004525 7.315807 7.004203
v 2.015473 7.320339 7.004226
v 2.015473 7.320339 7.004226
v 2.015473 7.320339 7.004226
v 2.027195 7.321880 7.004209
v 2.027195 7.321880 7.004209
v 2.027195 7.321880 7.004209
v 2.038948 7.232708 7.004178
v 2.038948 7.232708 7.004178
v 2.038948 7.232708 7.004178
v 2.049896 7.237240 7.004170
v 2.049896 7.237240 7.004170
v 2.049896 7.237240 7.004170
v 2.059274 7.244450 7.004182
v 2.059274 7.244450 7.004182
v 2.059274 7.244450 7.004182
v 2.066488 7.253841 7.004221
v 2.066488 7.253841 7.004221
v 2.066488 7.253841 7.004221
v 1.992772 7.413595 7.129175
v 1.992772 7.413595 7.129175
v 1.992772 7.413595 7.129175
v 2.059969 7.392556 7.119961
v 2.059969 7.392556 7.119961
v 2.059969 7.392556 7.119961
v 1.994452 7.392556 7.119961
v 1.994452 7.392556 7.119961
v 1.994452 7.392556 7.119961
v 2.061619 7.413595 7.129175
v 2.061619 7.413595 7.129175
v 2.061619 7.413595 7.129175
v 2.072567 7.641975 7.178102
v 2.072567 7.641975 7.178102
v 2.072567 7.641975 7.178102
v 2.072567 7.641975 7.178102
v 1.981855 7.597191 7.178116
v 1.981855 7.597191 7.178116
v 2.072567 7.597191 7.178116
v 2.072567 7.597191 7.178116
v 1.981855 7.641975 7.178102
v 1.981855 7.641975 7.178102
v 1.981855 7.641975 7.178102
v 1.981855 7.641975 7.178102
v 2.070555 7.667337 7.177294
v 2.070555 7.667337 7.177294
v 2.070555 7.667337 7.177294
v 1.983836 7.667337 7.177294
v 1.983836 7.667337 7.177294
v 1.983836 7.667337 7.177294
v 2.050334 7.269988 7.043015
v 2.050334 7.269988 7.043015
v 2.050334 7.269988 7.043015
v 2.004087 7.269988 7.043015
v 2.004087 7.269988 7.043015
v 2.004087 7.269988 7.043015
v 2.070555 7.527048 7.177320
v 2.070555 7.527048 7.177320
v 2.070555 7.527048 7.177320
v 1.981855 7.552406 7.178098
v 1.981855 7.552406 7.178098
v 1.981855 7.552406 7.178098
v 1.981855 7.552406 7.178098
v 1.983836 7.527048 7.177320
v 1.983836 7.527048 7.177320
v 1.983836 7.527048 7.177320
v 2.072567 7.552406 7.178098
v 2.072567 7.552406 7.178098
v 2.072567 7.552406 7.178098
v 2.072567 7.552406 7.178098
v 2.057483 7.361284 7.129245
v 2.057483 7.361284 7.129245
v 2.057483 7.361284 7.129245
v 1.995221 7.382751 7.140453
v 1.995221 7.382751 7.140453
v 1.995221 7.382751 7.140453
v 1.996907 7.361284 7.129245
v 1.996907 7.361284 7.129245
v 1.996907 7.361284 7.129245
v 2.059200 7.382751 7.140453
v 2.059200 7.382751 7.140453
v 2.059200 7.382751 7.140453
v 2.062790 7.428433 7.158656
v 2.062790 7.428433 7.158656
v 2.062790 7.428433 7.158656
v 1.989729 7.452384 7.165608
v 1.989729 7.452384 7.165608
v 1.989729 7.452384 7.165608
v 1.991600 7.428426 7.158656
v 1.991600 7.428426 7.158656
v 1.991600 7.428426 7.158656
v 2.064692 7.452384 7.165608
v 2.064692 7.452384 7.165608
v 2.064692 7.452384 7.165608
v 1.987790 7.476891 7.171066
v 1.987790 7.476891 7.171066
v 1.987790 7.476891 7.171066
v 2.066631 7.476891 7.171066
v 2.066631 7.476891 7.171066
v 2.066631 7.476891 7.171066
v 1.998924 7.335513 7.085094
v 1.998924 7.335513 7.085094
v 1.998924 7.335513 7.085094
v 2.054180 7.318883 7.071276
v 2.054180 7.318883 7.071276
v 2.054180 7.318883 7.071276
v 2.000241 7.318883 7.071276
v 2.000241 7.318883 7.071276
v 2.000241 7.318883 7.071276
v 2.055467 7.335520 7.085094
v 2.055467 7.335520 7.085094
v 2.055467 7.335520 7.085094
v 1.997529 7.353405 7.097841
v 1.997529 7.353405 7.097841
v 1.997529 7.353405 7.097841
v 2.056892 7.353405 7.097841
v 2.056892 7.353405 7.097841
v 2.056892 7.353405 7.097841
v 1.987460 7.481111 7.148759
v 1.987460 7.481111 7.148759
v 1.987460 7.481111 7.148759
v 2.065132 7.458009 7.143626
v 2.065132 7.458009 7.143626
v 2.065132 7.458009 7.143626
v 1.989289 7.458002 7.143626
v 1.989289 7.458002 7.143626
v 1.989289 7.458002 7.143626
v 2.066961 7.481111 7.148759
v 2.066961 7.481111 7.148759
v 2.066961 7.481111 7.148759
v 2.053047 7.304626 7.057516
v 2.053047 7.304626 7.057516
v 2.053047 7.304626 7.057516
v 2.001960 7.297178 7.046692
v 2.001960 7.297178 7.046692
v 2.001960 7.297178 7.046692
v 2.001374 7.304626 7.057516
v 2.001374 7.304626 7.057516
v 2.001374 7.304626 7.057516
v 2.052461 7.297178 7.046692
v 2.052461 7.297178 7.046692
v 2.052461 7.297178 7.046692
v 2.058393 7.372450 7.109500
v 2.058393 7.372450 7.109500
v 2.058393 7.372450 7.109500
v 1.996028 7.372450 7.109500
v 1.996028 7.372450 7.109500
v 1.996028 7.372450 7.109500
v 2.063340 7.435455 7.137091
v 2.063340 7.435455 7.137091
v 2.063340 7.435455 7.137091
v 1.991050 7.435455 7.137091
v 1.991050 7.435455 7.137091
v 1.991050 7.435455 7.137091
v 2.051983 7.290976 7.034307
v 2.051983 7.290976 7.034307
v 2.051983 7.290976 7.034307
v 2.002439 7.290976 7.034307
v 2.002439 7.290976 7.034307
v 2.002439 7.290976 7.034307
v 2.057483 7.833109 7.129239
v 2.057483 7.833109 7.129239
v 2.057483 7.833109 7.129239
v 1.995221 7.811630 7.140430
v 1.995221 7.811630 7.140430
v 1.995221 7.811630 7.140430
v 2.059200 7.811630 7.140430
v 2.059200 7.811630 7.140430
v 2.059200 7.811630 7.140430
v 1.996877 7.833109 7.129239
v 1.996877 7.833109 7.129239
v 1.996877 7.833109 7.129239
v 1.993431 7.789210 7.150273
v 1.993431 7.789210 7.150273
v 1.993431 7.789210 7.150273
v 2.060959 7.789210 7.150273
v 2.060959 7.789210 7.150273
v 2.060959 7.789210 7.150273
v 1.981855 7.641973 7.155428
v 1.981855 7.641973 7.155428
v 1.981855 7.641973 7.155428
v 1.985845 7.692555 7.174966
v 1.985845 7.692555 7.174966
v 1.985845 7.692555 7.174966
v 1.987790 7.717492 7.171066
v 1.987790 7.717492 7.171066
v 1.987790 7.717492 7.171066
v 1.989729 7.742004 7.165629
v 1.989729 7.742004 7.165629
v 1.989729 7.742004 7.165629
v 1.991600 7.765950 7.158665
v 1.991600 7.765950 7.158665
v 1.991600 7.765950 7.158665
v 1.983726 7.665931 7.154660
v 1.983726 7.665931 7.154660
v 1.983726 7.665931 7.154660
v 1.985595 7.689739 7.152433
v 1.985595 7.689739 7.152433
v 1.985595 7.689739 7.152433
v 1.987460 7.713273 7.148787
v 1.987460 7.713273 7.148787
v 1.987460 7.713273 7.148787
v 1.989289 7.736383 7.143605
v 1.989289 7.736383 7.143605
v 1.989289 7.736383 7.143605
v 1.991050 7.758926 7.137079
v 1.991050 7.758926 7.137079
v 1.991050 7.758926 7.137079
v 1.992772 7.780790 7.129187
v 1.992772 7.780790 7.129187
v 1.992772 7.780790 7.129187
v 1.998518 7.853508 7.116769
v 1.998518 7.853508 7.116769
v 1.998518 7.853508 7.116769
v 1.994452 7.801835 7.119967
v 1.994452 7.801835 7.119967
v 1.994452 7.801835 7.119967
v 1.996028 7.821928 7.109493
v 1.996028 7.821928 7.109493
v 1.996028 7.821928 7.109493
v 2.000021 7.872723 7.103004
v 2.000021 7.872723 7.103004
v 2.000021 7.872723 7.103004
v 1.997529 7.840984 7.097836
v 1.997529 7.840984 7.097836
v 1.997529 7.840984 7.097836
v 2.001447 7.890634 7.088198
v 2.001447 7.890634 7.088198
v 2.001447 7.890634 7.088198
v 1.998924 7.858874 7.085071
v 1.998924 7.858874 7.085071
v 1.998924 7.858874 7.085071
v 2.002732 7.907151 7.072274
v 2.002732 7.907151 7.072274
v 2.002732 7.907151 7.072274
v 2.000241 7.875501 7.071302
v 2.000241 7.875501 7.071302
v 2.000241 7.875501 7.071302
v 2.003469 7.916790 7.058255
v 2.003469 7.916790 7.058255
v 2.003469 7.916790 7.058255
v 2.001374 7.889755 7.057535
v 2.001374 7.889755 7.057535
v 2.001374 7.889755 7.057535
v 2.004087 7.924392 7.043044
v 2.004087 7.924392 7.043044
v 2.004087 7.924392 7.043044
v 2.001960 7.897200 7.046691
v 2.001960 7.897200 7.046691
v 2.001960 7.897200 7.046691
v 2.002439 7.903402 7.034297
v 2.002439 7.903402 7.034297
v 2.002439 7.903402 7.034297
v 2.003499 7.277599 7.058230
v 2.003499 7.277599 7.058230
v 2.003499 7.277599 7.058230
v 2.051659 7.287232 7.072256
v 2.051659 7.287232 7.072256
v 2.051659 7.287232 7.072256
v 2.002732 7.287232 7.072256
v 2.002732 7.287232 7.072256
v 2.002732 7.287232 7.072256
v 2.050891 7.277599 7.058230
v 2.050891 7.277599 7.058230
v 2.050891 7.277599 7.058230
v 2.051659 7.907151 7.072274
v 2.051659 7.907151 7.072274
v 2.051659 7.907151 7.072274
v 2.050891 7.916790 7.058255
v 2.050891 7.916790 7.058255
v 2.050891 7.916790 7.058255
v 2.068576 7.501828 7.174948
v 2.068576 7.501828 7.174948
v 2.068576 7.501828 7.174948
v 1.985845 7.501828 7.174948
v 1.985845 7.501828 7.174948
v 1.985845 7.501828 7.174948
v 2.052974 7.890634 7.088198
v 2.052974 7.890634 7.088198
v 2.052974 7.890634 7.088198
v 1.981855 7.641628 7.155430
v 1.981855 7.641628 7.155430
v 1.981855 7.641628 7.155430
v 1.981855 7.552769 7.155421
v 1.981855 7.552769 7.155421
v 1.981855 7.552769 7.155421
v 1.981855 7.552404 7.155424
v 1.981855 7.552404 7.155424
v 1.981855 7.552404 7.155424
v 2.072567 7.552412 7.155424
v 2.072567 7.552412 7.155424
v 2.072567 7.552412 7.155424
v 2.072567 7.552769 7.155360
v 2.072567 7.552769 7.155360
v 2.072567 7.552769 7.155360
v 2.072567 7.641628 7.155369
v 2.072567 7.641628 7.155369
v 2.072567 7.641628 7.155369
v 2.072567 7.641973 7.155428
v 2.072567 7.641973 7.155428
v 2.072567 7.641973 7.155428
v 2.052974 7.303750 7.088193
v 2.052974 7.303750 7.088193
v 2.052974 7.303750 7.088193
v 2.000021 7.321674 7.102990
v 2.000021 7.321674 7.102990
v 2.000021 7.321674 7.102990
v 2.001447 7.303750 7.088193
v 2.001447 7.303750 7.088193
v 2.001447 7.303750 7.088193
v 2.054369 7.321674 7.103051
v 2.054369 7.321674 7.103051
v 2.054369 7.321674 7.103051
v 2.055903 7.340881 7.116751
v 2.055903 7.340881 7.116751
v 2.055903 7.340881 7.116751
v 1.998518 7.340881 7.116751
v 1.998518 7.340881 7.116751
v 1.998518 7.340881 7.116751
v 2.060959 7.405184 7.150264
v 2.060959 7.405184 7.150264
v 2.060959 7.405184 7.150264
v 1.993431 7.405184 7.150264
v 1.993431 7.405184 7.150264
v 1.993431 7.405184 7.150264
v 2.054369 7.872723 7.103065
v 2.054369 7.872723 7.103065
v 2.054369 7.872723 7.103065
v 2.055903 7.853508 7.116769
v 2.055903 7.853508 7.116769
v 2.055903 7.853508 7.116769
v 2.070665 7.528457 7.154666
v 2.070665 7.528457 7.154666
v 2.070665 7.528457 7.154666
v 2.068796 7.504635 7.152437
v 2.068796 7.504635 7.152437
v 2.068796 7.504635 7.152437
v 2.062790 7.765950 7.158665
v 2.062790 7.765950 7.158665
v 2.062790 7.765950 7.158665
v 2.064661 7.742004 7.165629
v 2.064661 7.742004 7.165629
v 2.064661 7.742004 7.165629
v 2.050303 7.924392 7.043044
v 2.050303 7.924392 7.043044
v 2.050303 7.924392 7.043044
v 2.066631 7.717492 7.171066
v 2.066631 7.717492 7.171066
v 2.066631 7.717492 7.171066
v 2.068576 7.692555 7.174966
v 2.068576 7.692555 7.174966
v 2.068576 7.692555 7.174966
v 1.983726 7.528457 7.154666
v 1.983726 7.528457 7.154666
v 1.983726 7.528457 7.154666
v 1.985595 7.504635 7.152498
v 1.985595 7.504635 7.152498
v 1.985595 7.504635 7.152498
v 2.066961 7.713273 7.148787
v 2.066961 7.713273 7.148787
v 2.066961 7.713273 7.148787
v 2.068796 7.689739 7.152494
v 2.068796 7.689739 7.152494
v 2.068796 7.689739 7.152494
v 2.061619 7.780790 7.129187
v 2.061619 7.780790 7.129187
v 2.061619 7.780790 7.129187
v 2.063340 7.758934 7.137079
v 2.063340 7.758934 7.137079
v 2.063340 7.758934 7.137079
v 2.070665 7.665931 7.154660
v 2.070665 7.665931 7.154660
v 2.070665 7.665931 7.154660
v 2.054180 7.875501 7.071302
v 2.054180 7.875501 7.071302
v 2.054180 7.875501 7.071302
v 2.055467 7.858874 7.085071
v 2.055467 7.858874 7.085071
v 2.055467 7.858874 7.085071
v 2.065132 7.736383 7.143605
v 2.065132 7.736383 7.143605
v 2.065132 7.736383 7.143605
v 2.059969 7.801835 7.119967
v 2.059969 7.801835 7.119967
v 2.059969 7.801835 7.119967
v 2.058393 7.821936 7.109493
v 2.058393 7.821936 7.109493
v 2.058393 7.821936 7.109493
v 2.056892 7.840984 7.097836
v 2.056892 7.840984 7.097836
v 2.056892 7.840984 7.097836
v 2.053047 7.889755 7.057535
v 2.053047 7.889755 7.057535
v 2.053047 7.889755 7.057535
v 2.052461 7.897200 7.046691
v 2.052461 7.897200 7.046691
v 2.052461 7.897200 7.046691
v 2.051983 7.903410 7.034297
v 2.051983 7.903410 7.034297
v 2.051983 7.903410 7.034297
vt 0.482644 3.084718
vt 0.492734 3.084718
vt 0.494971 3.084718
vt 0.506861 3.084718
vt 0.508412 3.084718
vt 0.520912 3.084718
vt 0.527133 3.084718
vt 0.527133 3.084718
vt 0.544489 3.084718
vt 0.574489 3.084718
vt 0.591845 3.084718
vt 0.591845 3.084718
vt 0.625554 3.084718
vt 0.825629 3.084718
vt 0.849847 3.084718
vt 0.482644 3.084718
vt 0.472553 3.084718
vt 0.470316 3.084718
vt 0.464106 3.084718
vt 0.458426 3.084718
vt 0.456875 3.084718
vt 0.456875 3.084718
vt 0.444375 3.084718
vt 0.438154 3.084718
vt 0.390798 3.084718
vt 0.373442 3.084718
vt 0.373442 3.084718
vt 0.339733 3.084718
vt 0.139658 3.084718
vt 0.115440 3.084718
vt 0.491780 3.085138
vt 0.498162 3.085138
vt 0.473507 3.085138
vt 0.467125 3.085138
vt 0.523736 3.085384
vt 0.529899 3.085384
vt 0.441552 3.085384
vt 0.435388 3.085384
vt 0.488807 3.086369
vt 0.501135 3.086369
vt 0.476480 3.086369
vt 0.464152 3.086369
vt 0.486254 3.088329
vt 0.503688 3.088329
vt 0.479033 3.088329
vt 0.461599 3.088329
vt 0.523736 3.088603
vt 0.529899 3.088603
vt 0.441552 3.088603
vt 0.435388 3.088603
vt 0.523736 3.089781
vt 0.529899 3.089781
vt 0.441552 3.089781
vt 0.435388 3.089781
vt 0.477999 3.090404
vt 0.462633 3.090404
vt 0.487584 3.090627
vt 0.502358 3.090627
vt 0.484295 3.090882
vt 0.505647 3.090882
vt 0.480992 3.090882
vt 0.459640 3.090882
vt 0.487584 3.092891
vt 0.502358 3.092891
vt 0.523736 3.092999
vt 0.529899 3.092999
vt 0.441552 3.092999
vt 0.435388 3.092999
vt 0.477999 3.093115
vt 0.462633 3.093115
vt 0.441552 3.093281
vt 0.523736 3.093722
vt 0.529899 3.093722
vt 0.441552 3.093722
vt 0.435388 3.093722
vt 0.488807 3.093793
vt 0.501135 3.093793
vt 0.483064 3.093855
vt 0.506879 3.093855
vt 0.482223 3.093855
vt 0.458408 3.093855
vt 0.445933 3.094763
vt 0.441552 3.095217
vt 0.523736 3.095247
vt 0.529899 3.095247
vt 0.441552 3.095247
vt 0.435388 3.095247
vt 0.445933 3.096699
vt 0.450068 3.096837
vt 0.523736 3.096940
vt 0.523736 3.096940
vt 0.523736 3.096940
vt 0.529899 3.096940
vt 0.529899 3.096940
vt 0.529899 3.096940
vt 0.441552 3.096940
vt 0.441552 3.096940
vt 0.435388 3.096940
vt 0.435388 3.096940
vt 0.482644 3.097045
vt 0.507299 3.097045
vt 0.482644 3.097045
vt 0.457988 3.097045
vt 0.523736 3.098464
vt 0.529899 3.098464
vt 0.441552 3.098464
vt 0.435388 3.098464
vt 0.450068 3.098773
vt 0.478382 3.099088
vt 0.462250 3.099088
vt 0.523736 3.099216
vt 0.523736 3.099216
vt 0.529899 3.099216
vt 0.529899 3.099216
vt 0.441552 3.099216
vt 0.441552 3.099216
vt 0.435388 3.099216
vt 0.435388 3.099216
vt 0.487173 3.099306
vt 0.502769 3.099306
vt 0.453879 3.099464
vt 0.441552 3.099806
vt 0.523736 3.100158
vt 0.523736 3.100158
vt 0.529899 3.100158
vt 0.529899 3.100158
vt 0.441552 3.100158
vt 0.441552 3.100158
vt 0.435388 3.100158
vt 0.435388 3.100158
vt 0.483064 3.100236
vt 0.506879 3.100236
vt 0.482223 3.100236
vt 0.458408 3.100236
vt 0.488295 3.100298
vt 0.501647 3.100298
vt 0.523736 3.100394
vt 0.523736 3.100394
vt 0.529899 3.100394
vt 0.529899 3.100394
vt 0.441552 3.100394
vt 0.441552 3.100394
vt 0.435388 3.100394
vt 0.435388 3.100394
vt 0.443558 3.100485
vt 0.453879 3.101400
vt 0.487173 3.101452
vt 0.502769 3.101452
vt 0.478382 3.101670
vt 0.462250 3.101670
vt 0.441552 3.101742
vt 0.446930 3.102175
vt 0.443558 3.102421
vt 0.523736 3.102434
vt 0.523736 3.102434
vt 0.529899 3.102434
vt 0.529899 3.102434
vt 0.441552 3.102434
vt 0.441552 3.102434
vt 0.435388 3.102434
vt 0.435388 3.102434
vt 0.539808 3.102918
vt 0.484295 3.103209
vt 0.505647 3.103209
vt 0.480992 3.103209
vt 0.459640 3.103209
vt 0.482644 3.103255
vt 0.472553 3.103255
vt 0.472553 3.103255
vt 0.339733 3.103255
vt 0.339733 3.103255
vt 0.329642 3.103255
vt 0.523736 3.103612
vt 0.523736 3.103612
vt 0.529899 3.103612
vt 0.529899 3.103612
vt 0.441552 3.103612
vt 0.441552 3.103612
vt 0.435388 3.103612
vt 0.435388 3.103612
vt 0.458208 3.103967
vt 0.446930 3.104112
vt 0.449875 3.104206
vt 0.528348 3.104266
vt 0.473010 3.104266
vt 0.472336 3.104266
vt 0.528348 3.105614
vt 0.473010 3.105614
vt 0.472336 3.105614
vt 0.486254 3.105762
vt 0.503688 3.105762
vt 0.479033 3.105762
vt 0.461599 3.105762
vt 0.458208 3.105904
vt 0.449875 3.106142
vt 0.539808 3.106963
vt 0.488807 3.107722
vt 0.501135 3.107722
vt 0.476480 3.107722
vt 0.464152 3.107722
vt 0.478790 3.107739
vt 0.461842 3.107739
vt 0.486736 3.107952
vt 0.503206 3.107952
vt 0.453611 3.108093
vt 0.462247 3.108851
vt 0.491780 3.108953
vt 0.498162 3.108953
vt 0.473507 3.108953
vt 0.467125 3.108953
vt 0.494971 3.109373
vt 0.470316 3.109373
vt 0.486736 3.109948
vt 0.503206 3.109948
vt 0.453611 3.110029
vt 0.478790 3.110160
vt 0.461842 3.110160
vt 0.472553 3.110487
vt 0.472553 3.110487
vt 0.339733 3.110487
vt 0.339733 3.110487
vt 0.462247 3.110788
vt 0.457361 3.112626
vt 0.465974 3.114089
vt 0.457361 3.114563
vt 0.465974 3.116025
vt 0.479221 3.116320
vt 0.461411 3.116320
vt 0.486276 3.116528
vt 0.503666 3.116528
vt 0.460830 3.117503
vt 0.486276 3.118347
vt 0.503666 3.118347
vt 0.479221 3.118555
vt 0.461411 3.118555
vt 0.460830 3.119439
vt 0.469366 3.119650
vt 0.523736 3.119691
vt 0.529899 3.119691
vt 0.441552 3.119691
vt 0.435388 3.119691
vt 0.469366 3.121587
vt 0.463998 3.122696
vt 0.523736 3.122909
vt 0.529899 3.122909
vt 0.441552 3.122909
vt 0.435388 3.122909
vt 0.472553 3.122987
vt 0.339733 3.122987
vt 0.339733 3.122987
vt 0.472553 3.122987
vt 0.463998 3.124632
vt 0.479671 3.124798
vt 0.460961 3.124798
vt 0.485796 3.125001
vt 0.504146 3.125001
vt 0.472406 3.125504
vt 0.485796 3.126620
vt 0.504146 3.126620
vt 0.479671 3.126824
vt 0.460961 3.126824
vt 0.472406 3.127441
vt 0.466844 3.128176
vt 0.849847 3.129207
vt 0.482644 3.129207
vt 0.466844 3.130113
vt 0.508412 3.130218
vt 0.508412 3.130218
vt 0.625554 3.130218
vt 0.482644 3.130218
vt 0.472553 3.130218
vt 0.472553 3.130218
vt 0.458560 3.130218
vt 0.458560 3.130218
vt 0.456875 3.130218
vt 0.339733 3.130218
vt 0.339733 3.130218
vt 0.339733 3.130218
vt 0.329642 3.130218
vt 0.475076 3.131618
vt 0.473010 3.132551
vt 0.472336 3.132551
vt 0.480139 3.133141
vt 0.460493 3.133141
vt 0.485298 3.133340
vt 0.504644 3.133340
vt 0.475076 3.133554
vt 0.596906 3.133589
vt 0.368381 3.133589
vt 0.469349 3.133912
vt 0.485298 3.134739
vt 0.504644 3.134739
vt 0.480139 3.134938
vt 0.460493 3.134938
vt 0.469349 3.135849
vt 0.596906 3.136959
vt 0.368381 3.136959
vt 0.477361 3.137957
vt 0.473010 3.138426
vt 0.472336 3.138426
vt 0.471497 3.139871
vt 0.477361 3.139894
vt 0.508412 3.140329
vt 0.508412 3.140329
vt 0.508412 3.140329
vt 0.625554 3.140329
vt 0.458560 3.140329
vt 0.458560 3.140329
vt 0.456875 3.140329
vt 0.339733 3.140329
vt 0.480622 3.141320
vt 0.460010 3.141320
vt 0.484785 3.141516
vt 0.505157 3.141516
vt 0.471497 3.141808
vt 0.484785 3.142675
vt 0.505157 3.142675
vt 0.480622 3.142872
vt 0.460010 3.142872
vt 0.523736 3.143139
vt 0.529899 3.143139
vt 0.441552 3.143139
vt 0.435388 3.143139
vt 0.473010 3.144089
vt 0.472336 3.144089
vt 0.473010 3.144293
vt 0.472336 3.144293
vt 0.479249 3.144486
vt 0.473274 3.146019
vt 0.523736 3.146357
vt 0.529899 3.146357
vt 0.441552 3.146357
vt 0.435388 3.146357
vt 0.479249 3.146423
vt 0.473274 3.147955
vt 0.481117 3.149304
vt 0.459515 3.149304
vt 0.484261 3.149499
vt 0.505682 3.149499
vt 0.473010 3.149964
vt 0.472336 3.149964
vt 0.484261 3.150399
vt 0.505682 3.150399
vt 0.481117 3.150593
vt 0.459515 3.150593
vt 0.480728 3.151168
vt 0.474668 3.152318
vt 0.480728 3.153105
vt 0.539808 3.153195
vt 0.474668 3.154255
vt 0.528348 3.154543
vt 0.473010 3.154543
vt 0.472336 3.154543
vt 0.473010 3.155832
vt 0.472336 3.155832
vt 0.528348 3.155891
vt 0.473010 3.155891
vt 0.472336 3.155891
vt 0.481621 3.157066
vt 0.459011 3.157066
vt 0.539808 3.157239
vt 0.483727 3.157259
vt 0.506216 3.157259
vt 0.483727 3.157880
vt 0.506216 3.157880
vt 0.481790 3.157966
vt 0.481621 3.158073
vt 0.459011 3.158073
vt 0.475671 3.158733
vt 0.481790 3.159903
vt 0.475671 3.160670
vt 0.482131 3.164573
vt 0.458501 3.164573
vt 0.483187 3.164764
vt 0.506756 3.164764
vt 0.482430 3.164841
vt 0.483187 3.165087
vt 0.506756 3.165087
vt 0.476275 3.165225
vt 0.482131 3.165278
vt 0.458501 3.165278
vt 0.523736 3.165917
vt 0.529899 3.165917
vt 0.441552 3.165917
vt 0.435388 3.165917
vt 0.482430 3.166778
vt 0.476275 3.167161
vt 0.523736 3.169135
vt 0.529899 3.169135
vt 0.441552 3.169135
vt 0.435388 3.169135
vt 0.482644 3.171755
vt 0.476477 3.171755
vt 0.482644 3.171792
vt 0.457988 3.171792
vt 0.482644 3.171888
vt 0.457988 3.171888
vt 0.482644 3.171983
vt 0.507299 3.171983
vt 0.482644 3.172025
vt 0.482644 3.172025
vt 0.488810 3.172025
vt 0.507299 3.172025
vt 0.482644 3.172025
vt 0.476477 3.172025
vt 0.488807 3.172121
vt 0.482644 3.172121
vt 0.476480 3.172121
vt 0.457988 3.172121
vt 0.482644 3.173692
vt 0.476477 3.173692
vt 0.488691 3.179703
vt 0.501251 3.179703
vt 0.488241 3.180131
vt 0.501701 3.180131
vt 0.488295 3.182249
vt 0.501647 3.182249
vt 0.482644 3.184195
vt 0.507299 3.184195
vt 0.482644 3.184195
vt 0.482644 3.184195
vt 0.488807 3.184327
vt 0.501135 3.184327
vt 0.523736 3.186940
vt 0.529899 3.186940
vt 0.441552 3.186940
vt 0.435388 3.186940
vt 0.523736 3.190158
vt 0.529899 3.190158
vt 0.441552 3.190158
vt 0.435388 3.190158
vt 0.849847 3.193919
vt 0.482644 3.193919
vt 0.488810 3.194084
vt 0.482644 3.194084
vt 0.482644 3.196021
vt 0.488810 3.196021
vt 0.488807 3.196270
vt 0.482644 3.196270
vt 0.476480 3.196270
vt 0.457988 3.196270
vt 0.482644 3.196312
vt 0.507299 3.196312
vt 0.482644 3.196366
vt 0.482644 3.196366
vt 0.488810 3.196366
vt 0.507299 3.196366
vt 0.482644 3.196366
vt 0.476477 3.196366
vt 0.482644 3.196408
vt 0.507299 3.196408
vt 0.482644 3.196503
vt 0.507299 3.196503
vt 0.488528 3.197185
vt 0.501414 3.197185
vt 0.488109 3.197613
vt 0.501834 3.197613
vt 0.489012 3.200615
vt 0.482857 3.200999
vt 0.488241 3.201382
vt 0.501701 3.201382
vt 0.488691 3.201809
vt 0.501251 3.201809
vt 0.489012 3.202552
vt 0.483187 3.202765
vt 0.506756 3.202765
vt 0.482857 3.202935
vt 0.483156 3.202956
vt 0.506786 3.202956
vt 0.483156 3.203017
vt 0.506786 3.203017
vt 0.483187 3.203208
vt 0.506756 3.203208
vt 0.539808 3.203414
vt 0.528348 3.204762
vt 0.473010 3.204762
vt 0.472336 3.204762
vt 0.528348 3.206110
vt 0.473010 3.206110
vt 0.472336 3.206110
vt 0.523736 3.206501
vt 0.529899 3.206501
vt 0.441552 3.206501
vt 0.435388 3.206501
vt 0.489616 3.207107
vt 0.539808 3.207459
vt 0.483497 3.207874
vt 0.483727 3.208732
vt 0.506216 3.208732
vt 0.483666 3.208924
vt 0.506276 3.208924
vt 0.489616 3.209043
vt 0.483666 3.209456
vt 0.506276 3.209456
vt 0.483727 3.209649
vt 0.506216 3.209649
vt 0.523736 3.209718
vt 0.529899 3.209718
vt 0.441552 3.209718
vt 0.435388 3.209718
vt 0.483497 3.209810
vt 0.488322 3.212471
vt 0.501621 3.212471
vt 0.487949 3.213095
vt 0.501993 3.213095
vt 0.490619 3.213521
vt 0.484261 3.214162
vt 0.505682 3.214162
vt 0.484170 3.214357
vt 0.505772 3.214357
vt 0.484560 3.214671
vt 0.484170 3.215397
vt 0.505772 3.215397
vt 0.490619 3.215458
vt 0.484261 3.215591
vt 0.505682 3.215591
vt 0.484560 3.216608
vt 0.488109 3.216668
vt 0.501834 3.216668
vt 0.488528 3.217095
vt 0.501414 3.217095
vt 0.484785 3.219003
vt 0.505157 3.219003
vt 0.484665 3.219200
vt 0.505277 3.219200
vt 0.492013 3.219821
vt 0.484665 3.220790
vt 0.505277 3.220790
vt 0.484785 3.220986
vt 0.505157 3.220986
vt 0.486039 3.221354
vt 0.492013 3.221757
vt 0.485298 3.223195
vt 0.504644 3.223195
vt 0.486039 3.223290
vt 0.485148 3.223395
vt 0.504794 3.223395
vt 0.523736 3.223666
vt 0.529899 3.223666
vt 0.441552 3.223666
vt 0.435388 3.223666
vt 0.485148 3.225581
vt 0.504794 3.225581
vt 0.485298 3.225781
vt 0.504644 3.225781
vt 0.493790 3.225968
vt 0.485796 3.226671
vt 0.504146 3.226671
vt 0.485616 3.226875
vt 0.504326 3.226875
vt 0.523736 3.226884
vt 0.529899 3.226884
vt 0.441552 3.226884
vt 0.435388 3.226884
vt 0.487926 3.227883
vt 0.493790 3.227905
vt 0.486276 3.229361
vt 0.503666 3.229361
vt 0.486066 3.229568
vt 0.503876 3.229568
vt 0.485616 3.229712
vt 0.504326 3.229712
vt 0.487926 3.229819
vt 0.485796 3.229915
vt 0.504146 3.229915
vt 0.487968 3.230693
vt 0.501974 3.230693
vt 0.487644 3.230924
vt 0.502298 3.230924
vt 0.486736 3.231188
vt 0.503206 3.231188
vt 0.486497 3.231400
vt 0.503445 3.231400
vt 0.495938 3.231928
vt 0.487584 3.231935
vt 0.502358 3.231935
vt 0.487173 3.232073
vt 0.502769 3.232073
vt 0.487288 3.232159
vt 0.502654 3.232159
vt 0.486905 3.232291
vt 0.503037 3.232291
vt 0.486066 3.233118
vt 0.503876 3.233118
vt 0.486276 3.233325
vt 0.503666 3.233325
vt 0.495938 3.233864
vt 0.490211 3.234222
vt 0.486497 3.235729
vt 0.503445 3.235729
vt 0.486736 3.235941
vt 0.503206 3.235941
vt 0.490211 3.236158
vt 0.487949 3.236307
vt 0.501993 3.236307
vt 0.488322 3.236930
vt 0.501621 3.236930
vt 0.486905 3.237470
vt 0.503037 3.237470
vt 0.498443 3.237664
vt 0.487173 3.237688
vt 0.502769 3.237688
vt 0.487644 3.238030
vt 0.502298 3.238030
vt 0.487968 3.238261
vt 0.501974 3.238261
vt 0.487288 3.238263
vt 0.502654 3.238263
vt 0.487584 3.238487
vt 0.502358 3.238487
vt 0.523736 3.238675
vt 0.529899 3.238675
vt 0.441552 3.238675
vt 0.435388 3.238675
vt 0.498443 3.239600
vt 0.492881 3.240335
vt 0.523736 3.241893
vt 0.529899 3.241893
vt 0.441552 3.241893
vt 0.435388 3.241893
vt 0.492881 3.242272
vt 0.501289 3.243144
vt 0.501289 3.245081
vt 0.495921 3.246189
vt 0.495921 3.248126
vt 0.504457 3.248337
vt 0.504457 3.250273
vt 0.523736 3.250813
vt 0.529899 3.250813
vt 0.441552 3.250813
vt 0.435388 3.250813
vt 0.499313 3.251751
vt 0.507926 3.253214
vt 0.499313 3.253687
vt 0.523736 3.254030
vt 0.529899 3.254030
vt 0.441552 3.254030
vt 0.435388 3.254030
vt 0.507926 3.255150
vt 0.506727 3.255911
vt 0.508412 3.255911
vt 0.508412 3.255911
vt 0.625554 3.255911
vt 0.458560 3.255911
vt 0.458560 3.255911
vt 0.456875 3.255911
vt 0.503040 3.256988
vt 0.511676 3.257747
vt 0.503040 3.258925
vt 0.494971 3.259018
vt 0.470316 3.259018
vt 0.596906 3.259281
vt 0.491780 3.259438
vt 0.498162 3.259438
vt 0.473507 3.259438
vt 0.467125 3.259438
vt 0.511676 3.259683
vt 0.523736 3.260248
vt 0.529899 3.260248
vt 0.441552 3.260248
vt 0.435388 3.260248
vt 0.488807 3.260669
vt 0.501135 3.260669
vt 0.476480 3.260669
vt 0.464152 3.260669
vt 0.515412 3.261634
vt 0.507079 3.261873
vt 0.486254 3.262628
vt 0.503688 3.262628
vt 0.479033 3.262628
vt 0.461599 3.262628
vt 0.596906 3.262652
vt 0.523736 3.263466
vt 0.529899 3.263466
vt 0.441552 3.263466
vt 0.435388 3.263466
vt 0.515412 3.263571
vt 0.518357 3.263664
vt 0.507079 3.263809
vt 0.484295 3.265182
vt 0.505647 3.265182
vt 0.480992 3.265182
vt 0.459640 3.265182
vt 0.521729 3.265355
vt 0.518357 3.265601
vt 0.506727 3.266022
vt 0.508412 3.266022
vt 0.508412 3.266022
vt 0.508412 3.266022
vt 0.625554 3.266022
vt 0.458560 3.266022
vt 0.458560 3.266022
vt 0.456875 3.266022
vt 0.523736 3.266034
vt 0.511408 3.266376
vt 0.523736 3.266531
vt 0.529899 3.266531
vt 0.441552 3.266531
vt 0.435388 3.266531
vt 0.521729 3.267292
vt 0.523736 3.267970
vt 0.488295 3.268093
vt 0.501647 3.268093
vt 0.483064 3.268155
vt 0.506879 3.268155
vt 0.482223 3.268155
vt 0.458408 3.268155
vt 0.511408 3.268312
vt 0.515219 3.269003
vt 0.523736 3.269749
vt 0.523736 3.269749
vt 0.529899 3.269749
vt 0.529899 3.269749
vt 0.441552 3.269749
vt 0.435388 3.269749
vt 0.515219 3.270939
vt 0.519354 3.271077
vt 0.482644 3.271345
vt 0.507299 3.271345
vt 0.482644 3.271345
vt 0.457988 3.271345
vt 0.523736 3.272559
vt 0.523736 3.272967
vt 0.529899 3.272967
vt 0.441552 3.272967
vt 0.435388 3.272967
vt 0.519354 3.273013
vt 0.523736 3.274495
vt 0.483064 3.274536
vt 0.506879 3.274536
vt 0.482223 3.274536
vt 0.458408 3.274536
vt 0.488807 3.274598
vt 0.501135 3.274598
vt 0.484295 3.277509
vt 0.505647 3.277509
vt 0.480992 3.277509
vt 0.459640 3.277509
vt 0.486254 3.280062
vt 0.503688 3.280062
vt 0.479033 3.280062
vt 0.461599 3.280062
vt 0.488807 3.282022
vt 0.501135 3.282022
vt 0.476480 3.282022
vt 0.464152 3.282022
vt 0.491780 3.283253
vt 0.498162 3.283253
vt 0.473507 3.283253
vt 0.467125 3.283253
vt 0.494971 3.283673
vt 0.470316 3.283673
vt 0.508412 3.381459
vt 0.625554 3.381459
vt 0.458560 3.381459
vt 0.458560 3.381459
vt 0.458560 3.381459
vt 0.456875 3.381459
vt 0.339733 3.381459
vt 0.596906 3.384829
vt 0.368381 3.384829
vt 0.596906 3.388199
vt 0.368381 3.388199
vt 0.508412 3.391570
vt 0.508412 3.391570
vt 0.625554 3.391570
vt 0.458560 3.391570
vt 0.456875 3.391570
vt 0.339733 3.391570
vt 0.492734 3.437070
vt 0.508412 3.437070
vt 0.520912 3.437070
vt 0.520912 3.437070
vt 0.625554 3.437070
vt 0.472553 3.437070
vt 0.464106 3.437070
vt 0.456875 3.437070
vt 0.456875 3.437070
vt 0.444375 3.437070
vt 0.339733 3.437070
vt 0.506861 3.930363
vt 0.527133 3.930363
vt 0.544489 3.930363
vt 0.574489 3.930363
vt 0.591845 3.930363
vt 0.825629 3.930363
vt 0.458426 3.930363
vt 0.390798 3.930363
vt 0.373442 3.930363
vt 0.139658 3.930363
vt 0.482644 3.954581
vt 0.527133 3.954581
vt 0.591845 3.954581
vt 0.849847 3.954581
vt 0.482644 3.954581
vt 0.438154 3.954581
vt 0.373442 3.954581
vt 0.115440 3.954581
vt 0.477643 3.084531
vt 0.462989 3.084531
vt 0.487968 3.084301
vt 0.501974 3.084301
vt 0.523736 3.084051
vt 0.529899 3.084051
vt 0.441552 3.084051
vt 0.435388 3.084051
vt 0.487968 3.081958
vt 0.501974 3.081958
vt 0.477643 3.081727
vt 0.462989 3.081727
vt 0.523736 3.080833
vt 0.529899 3.080833
vt 0.441552 3.080833
vt 0.435388 3.080833
vt 0.523736 3.079655
vt 0.529899 3.079655
vt 0.441552 3.079655
vt 0.435388 3.079655
vt 0.523736 3.076437
vt 0.529899 3.076437
vt 0.441552 3.076437
vt 0.435388 3.076437
vt 0.477338 3.076344
vt 0.463294 3.076344
vt 0.488322 3.075721
vt 0.501621 3.075721
vt 0.523736 3.075714
vt 0.529899 3.075714
vt 0.441552 3.075714
vt 0.435388 3.075714
vt 0.523736 3.072496
vt 0.529899 3.072496
vt 0.441552 3.072496
vt 0.435388 3.072496
vt 0.488322 3.069642
vt 0.501621 3.069642
vt 0.477338 3.069019
vt 0.463294 3.069019
vt 0.477178 3.065445
vt 0.463453 3.065445
vt 0.488528 3.065018
vt 0.501414 3.065018
vt 0.488528 3.061226
vt 0.501414 3.061226
vt 0.477178 3.060798
vt 0.463453 3.060798
vt 0.477046 3.057029
vt 0.463586 3.057029
vt 0.488691 3.056602
vt 0.501251 3.056602
vt 0.473010 3.053352
vt 0.472336 3.053352
vt 0.488691 3.053303
vt 0.501251 3.053303
vt 0.477046 3.052876
vt 0.463586 3.052876
vt 0.476992 3.050758
vt 0.463640 3.050758
vt 0.488807 3.048680
vt 0.501135 3.048680
vt 0.473010 3.047485
vt 0.472336 3.047485
vt 0.473010 3.041814
vt 0.472336 3.041814
vt 0.473010 3.041610
vt 0.472336 3.041610
vt 0.473010 3.035946
vt 0.472336 3.035946
vt 0.473010 3.030072
vt 0.472336 3.030072
vn -0.000006 1.000000 0.000005
vn -0.000006 1.000000 0.000005
vn -0.000006 1.000000 0.000005
vn -0.000006 1.000000 0.000005
vn -0.000006 1.000000 0.000005
vn -0.000006 1.000000 0.000005
vn -0.000000 0.000005 -1.000000
vn -0.000000 0.000005 -1.000000
vn -0.000000 0.000005 -1.000000
vn -0.000000 0.000005 -1.000000
vn -0.000000 0.000005 -1.000000
vn -0.000000 0.000005 -1.000000
vn -0.000000 0.000005 -1.000000
vn -0.000000 0.000005 -1.000000
vn -0.000000 0.000005 -1.000000
vn -0.000000 0.000005 -1.000000
vn -0.000000 0.000005 -1.000000
vn -0.000000 0.000005 -1.000000
vn -0.000000 0.000005 -1.000000
vn -0.000000 0.000005 -1.000000
vn -0.000000 0.000005 -1.000000
vn -0.000000 0.000005 -1.000000
vn -0.000000 0.000005 -1.000000
vn -0.000000 0.000005 -1.000000
vn 1.000000 0.000006 0.000000
vn 1.000000 0.000006 0.000000
vn 1.000000 0.000006 0.000000
vn 1.000000 0.000006 0.000000
vn 1.000000 0.000006 0.000000
vn 1.000000 0.000006 0.000000
vn -1.000000 -0.000006 -0.000000
vn -1.000000 -0.000006 -0.000000
vn -1.000000 -0.000006 -0.000000
vn -1.000000 -0.000006 -0.000000
vn -1.000000 -0.000006 -0.000000
vn -1.000000 -0.000006 -0.000000
vn 0.000000 -0.000005 1.000000
vn 0.000000 -0.000005 1.000000
vn 0.000000 -0.000005 1.000000
vn -0.000000 -0.000005 1.000000
vn -0.000000 -0.000005 1.000000
vn -0.000000 -0.000005 1.000000
vn 0.000000 -0.000005 1.000000
vn 0.000000 -0.000005 1.000000
vn 0.000000 -0.000005 1.000000
vn 0.000000 -0.000005 1.000000
vn 0.000000 -0.000005 1.000000
vn 0.000000 -0.000005 1.000000
vn -0.000000 -0.000005 1.000000
vn -0.000000 -0.000005 1.000000
vn -0.000000 -0.000005 1.000000
vn -0.000000 -0.000005 1.000000
vn -0.000000 -0.000005 1.000000
vn -0.000000 -0.000005 1.000000
vn 1.000000 0.000006 0.000000
vn 1.000000 0.000006 0.000000
vn 1.000000 0.000006 0.000000
vn 1.000000 0.000006 0.000000
vn 1.000000 0.000006 0.000000
vn 1.000000 0.000006 0.000000
vn 1.000000 0.000006 0.000000
vn 1.000000 0.000006 0.000000
vn 1.000000 0.000006 0.000000
vn 1.000000 0.000006 0.000000
vn 1.000000 0.000006 0.000000
vn 1.000000 0.000006 0.000000
vn -1.000000 -0.000006 -0.000000
vn -1.000000 -0.000006 -0.000000
vn -1.000000 -0.000006 -0.000000
vn -1.000000 -0.000006 -0.000000
vn -1.000000 -0.000006 -0.000000
vn -1.000000 -0.000006 -0.000000
vn 0.000006 -1.000000 -0.000005
vn 0.000006 -1.000000 -0.000005
vn 0.000006 -1.000000 -0.000005
vn 0.000006 -1.000000 -0.000005
vn 0.000006 -1.000000 -0.000005
vn 0.000006 -1.000000 -0.000005
vn 0.000006 -1.000000 -0.000005
vn 0.000006 -1.000000 -0.000005
vn 0.000006 -1.000000 -0.000005
vn 0.000006 -1.000000 -0.000005
vn 0.000006 -1.000000 -0.000005
vn 0.000006 -1.000000 -0.000005
vn -1.000000 -0.000006 -0.000000
vn -1.000000 -0.000006 -0.000000
vn -1.000000 -0.000006 -0.000000
vn -1.000000 -0.000006 -0.000000
vn -1.000000 -0.000006 -0.000000
vn -1.000000 -0.000006 -0.000000
vn -1.000000 -0.000006 -0.000045
vn -1.000000 -0.000006 -0.000045
vn -1.000000 -0.000006 -0.000045
vn -1.000000 -0.000006 -0.000000
vn -1.000000 -0.000006 -0.000000
vn -1.000000 -0.000006 -0.000000
vn 0.000000 -0.000005 1.000000
vn 0.000000 -0.000005 1.000000
vn 0.000000 -0.000005 1.000000
vn -1.000000 -0.000006 -0.000000
vn -1.000000 -0.000006 -0.000000
vn -1.000000 -0.000006 -0.000000
vn -1.000000 -0.000006 -0.000000
vn -1.000000 -0.000006 -0.000000
vn -1.000000 -0.000006 -0.000000
vn -1.000000 -0.000006 -0.000000
vn -1.000000 -0.000006 -0.000000
vn -1.000000 -0.000006 -0.000000
vn -1.000000 -0.000006 -0.000000
vn -1.000000 -0.000006 -0.000000
vn -1.000000 -0.000006 -0.000000
vn -1.000000 -0.000006 -0.000000
vn -1.000000 -0.000006 -0.000000
vn -1.000000 -0.000006 -0.000000
vn -1.000000 -0.000006 -0.000000
vn -1.000000 -0.000006 -0.000000
vn -1.000000 -0.000006 -0.000000
vn -1.000000 -0.000006 0.000010
vn -1.000000 -0.000006 0.000010
vn -1.000000 -0.000006 0.000010
vn 0.000000 -0.000005 1.000000
vn 0.000000 -0.000005 1.000000
vn 0.000000 -0.000005 1.000000
vn -1.000000 -0.000006 -0.000000
vn -1.000000 -0.000006 -0.000000
vn -1.000000 -0.000006 -0.000000
vn 0.000006 -1.000000 -0.000005
vn 0.000006 -1.000000 -0.000005
vn 0.000006 -1.000000 -0.000005
vn 0.000006 -1.000000 -0.000005
vn 0.000006 -1.000000 -0.000005
vn 0.000006 -1.000000 -0.000005
vn 0.000006 -1.000000 -0.000005
vn 0.000006 -1.000000 -0.000005
vn 0.000006 -1.000000 -0.000005
vn 0.000006 -1.000000 -0.000005
vn 0.000006 -1.000000 -0.000005
vn 0.000006 -1.000000 -0.000005
vn 0.000006 -1.000000 -0.000005
vn 0.000006 -1.000000 -0.000005
vn 0.000006 -1.000000 -0.000005
vn 0.000006 -1.000000 -0.000005
vn 0.000006 -1.000000 -0.000005
vn 0.000006 -1.000000 -0.000005
vn -1.000000 -0.000006 -0.000000
vn -1.000000 -0.000006 -0.000000
vn -1.000000 -0.000006 -0.000000
vn -1.000000 -0.000006 -0.000000
vn -1.000000 -0.000006 -0.000000
vn -1.000000 -0.000006 -0.000000
vn 0.000000 -0.000005 1.000000
vn 0.000000 -0.000005 1.000000
vn 0.000000 -0.000005 1.000000
vn 1.000000 0.000006 0.000000
vn 1.000000 0.000006 0.000000
vn 1.000000 0.000006 0.000000
vn 1.000000 0.000006 0.000000
vn 1.000000 0.000006 0.000000
vn 1.000000 0.000006 0.000000
vn 0.000000 0.000000 0.000000
vn 0.000000 0.000000 0.000000
vn 0.000000 0.000000 0.000000
vn 1.000000 0.000006 0.000000
vn 1.000000 0.000006 0.000000
vn 1.000000 0.000006 0.000000
vn 1.000000 0.000006 0.000000
vn 1.000000 0.000006 0.000000
vn 1.000000 0.000006 0.000000
vn 1.000000 0.000006 -0.000002
vn 1.000000 0.000006 -0.000002
vn 1.000000 0.000006 -0.000002
vn 1.000000 0.000006 0.000057
vn 1.000000 0.000006 0.000057
vn 1.000000 0.000006 0.000057
vn 1.000000 0.000006 -0.000003
vn 1.000000 0.000006 -0.000003
vn 1.000000 0.000006 -0.000003
vn 1.000000 0.000006 0.000000
vn 1.000000 0.000006 0.000000
vn 1.000000 0.000006 0.000000
vn -0.000000 0.000005 -1.000000
vn -0.000000 0.000005 -1.000000
vn -0.000000 0.000005 -1.000000
vn -0.000000 0.000005 -1.000000
vn -0.000000 0.000005 -1.000000
vn -0.000000 0.000005 -1.000000
vn 0.000006 -1.000000 -0.000005
vn 0.000006 -1.000000 -0.000005
vn 0.000006 -1.000000 -0.000005
vn 0.000006 -1.000000 -0.000005
vn 0.000006 -1.000000 -0.000005
vn 0.000006 -1.000000 -0.000005
vn 0.000000 0.000005 -1.000000
vn 0.000000 0.000005 -1.000000
vn 0.000000 0.000005 -1.000000
vn -0.000000 0.000005 -1.000000
vn -0.000000 0.000005 -1.000000
vn -0.000000 0.000005 -1.000000
vn 0.000006 -1.000000 -0.000005
vn 0.000006 -1.000000 -0.000005
vn 0.000006 -1.000000 -0.000005
vn 0.000006 -1.000000 -0.000005
vn 0.000006 -1.000000 -0.000005
vn 0.000006 -1.000000 -0.000005
vn 0.000006 -1.000000 -0.000005
vn 0.000006 -1.000000 -0.000005
vn 0.000006 -1.000000 -0.000005
vn 0.000006 -1.000000 -0.000005
vn 0.000006 -1.000000 -0.000005
vn 0.000006 -1.000000 -0.000005
vn -0.000000 0.000005 -1.000000
vn -0.000000 0.000005 -1.000000
vn -0.000000 0.000005 -1.000000
vn -0.000000 0.000005 -1.000000
vn -0.000000 0.000005 -1.000000
vn -0.000000 0.000005 -1.000000
vn -0.000000 -0.000005 1.000000
vn -0.000000 -0.000005 1.000000
vn -0.000000 -0.000005 1.000000
vn -0.000000 -0.000005 1.000000
vn -0.000000 -0.000005 1.000000
vn -0.000000 -0.000005 1.000000
vn -0.000000 -0.000005 1.000000
vn -0.000000 -0.000005 1.000000
vn -0.000000 -0.000005 1.000000
vn 0.000000 -0.000005 1.000000
vn 0.000000 -0.000005 1.000000
vn 0.000000 -0.000005 1.000000
vn 0.000000 -0.000005 1.000000
vn 0.000000 -0.000005 1.000000
vn 0.000000 -0.000005 1.000000
vn 0.000000 -0.000005 1.000000
vn 0.000000 -0.000005 1.000000
vn 0.000000 -0.000005 1.000000
vn 0.000000 -0.000005 1.000000
vn 0.000000 -0.000005 1.000000
vn 0.000000 -0.000005 1.000000
vn 0.000000 -0.000005 1.000000
vn 0.000000 -0.000005 1.000000
vn 0.000000 -0.000005 1.000000
vn 0.000000 -0.000005 1.000000
vn 0.000000 -0.000005 1.000000
vn 0.000000 -0.000005 1.000000
vn 0.000000 -0.000005 1.000000
vn 0.000000 -0.000005 1.000000
vn 0.000000 -0.000005 1.000000
vn 0.000000 -0.000005 1.000000
vn 0.000000 -0.000005 1.000000
vn 0.000000 -0.000005 1.000000
vn 0.000000 -0.000005 1.000000
vn 0.000000 -0.000005 1.000000
vn 0.000000 -0.000005 1.000000
vn 0.000000 -0.000005 1.000000
vn 0.000000 -0.000005 1.000000
vn 0.000000 -0.000005 1.000000
vn 0.000000 -0.000005 1.000000
vn 0.000000 -0.000005 1.000000
vn 0.000000 -0.000005 1.000000
vn -1.000000 -0.000006 -0.000000
vn -1.000000 -0.000006 -0.000000
vn -1.000000 -0.000006 -0.000000
vn -1.000000 -0.000006 -0.000000
vn -1.000000 -0.000006 -0.000000
vn -1.000000 -0.000006 -0.000000
vn -1.000000 -0.000006 -0.000000
vn -1.000000 -0.000006 -0.000000
vn -1.000000 -0.000006 -0.000000
vn -1.000000 -0.000006 -0.000000
vn -1.000000 -0.000006 -0.000000
vn -1.000000 -0.000006 -0.000000
vn -0.085824 0.728937 0.679180
vn -0.606685 -0.539559 0.583789
vn -0.085786 -0.728948 0.679173
vn -0.606685 -0.539559 0.583789
vn -0.085824 0.728937 0.679180
vn -0.606747 0.539484 0.583794
vn -0.085788 0.728875 0.679250
vn -0.747342 0.664440 0.000035
vn -0.606686 0.539474 0.583867
vn -0.747342 0.664440 0.000035
vn -0.085788 0.728875 0.679250
vn -0.116848 0.993150 0.000005
vn -0.747281 0.664508 0.000035
vn -0.606705 -0.539481 0.583840
vn -0.606712 0.539551 0.583768
vn -0.606705 -0.539481 0.583840
vn -0.747281 0.664508 0.000035
vn -0.747273 -0.664518 0.000029
vn -0.747303 -0.664484 0.000029
vn -0.085779 -0.728883 0.679243
vn -0.606764 -0.539476 0.583784
vn -0.085779 -0.728883 0.679243
vn -0.747303 -0.664484 0.000029
vn -0.116835 -0.993151 -0.000005
vn -0.085824 0.728937 0.679180
vn -0.606727 -0.539596 0.583711
vn -0.085786 -0.728948 0.679173
vn -0.606727 -0.539596 0.583711
vn -0.085824 0.728937 0.679180
vn -0.606747 0.539484 0.583794
vn -0.085788 0.728875 0.679250
vn -0.747342 0.664440 0.000035
vn -0.606686 0.539474 0.583867
vn -0.747342 0.664440 0.000035
vn -0.085788 0.728875 0.679250
vn -0.116848 0.993150 0.000005
vn -0.606712 0.539551 0.583768
vn -0.747273 -0.664518 0.000029
vn -0.606705 -0.539565 0.583763
vn -0.747273 -0.664518 0.000029
vn -0.606712 0.539551 0.583768
vn -0.747281 0.664508 0.000035
vn -0.747333 -0.664450 0.000029
vn -0.085779 -0.728883 0.679243
vn -0.606747 -0.539518 0.583762
vn -0.085779 -0.728883 0.679243
vn -0.747333 -0.664450 0.000029
vn -0.116836 -0.993151 -0.000005
vn -0.085824 0.728937 0.679180
vn -0.606685 -0.539559 0.583789
vn -0.085786 -0.728948 0.679173
vn -0.606685 -0.539559 0.583789
vn -0.085824 0.728937 0.679180
vn -0.606747 0.539484 0.583794
vn -0.085788 0.728876 0.679250
vn -0.747342 0.664440 0.000035
vn -0.606686 0.539474 0.583867
vn -0.747342 0.664440 0.000035
vn -0.085788 0.728876 0.679250
vn -0.116848 0.993150 0.000005
vn -0.747281 0.664508 0.000035
vn -0.606705 -0.539481 0.583840
vn -0.606712 0.539551 0.583768
vn -0.606705 -0.539481 0.583840
vn -0.747281 0.664508 0.000035
vn -0.747273 -0.664518 0.000029
vn -0.747333 -0.664449 0.000029
vn -0.085779 -0.728883 0.679243
vn -0.606763 -0.539477 0.583784
vn -0.085779 -0.728883 0.679243
vn -0.747333 -0.664449 0.000029
vn -0.116835 -0.993151 -0.000005
vn 0.707136 -0.707077 0.000040
vn 0.865994 -0.500054 -0.000009
vn 0.707136 -0.707077 -0.000010
vn 0.865994 -0.500054 -0.000009
vn 0.707136 -0.707077 0.000040
vn 0.866018 -0.500012 0.000004
vn 0.000000 -0.000005 1.000000
vn 0.000000 -0.000005 1.000000
vn 0.000000 -0.000005 1.000000
vn 0.000000 -0.000025 1.000000
vn 0.000000 -0.000025 1.000000
vn 0.000000 -0.000025 1.000000
vn 0.000000 -0.000005 1.000000
vn 0.000000 -0.000005 1.000000
vn 0.000000 -0.000005 1.000000
vn -0.000000 0.000011 1.000000
vn -0.000000 0.000011 1.000000
vn -0.000000 0.000011 1.000000
vn 0.000000 -0.000005 1.000000
vn 0.000000 -0.000005 1.000000
vn 0.000000 -0.000005 1.000000
vn -0.000000 0.000002 1.000000
vn -0.000000 0.000002 1.000000
vn -0.000000 0.000002 1.000000
vn 0.000000 -0.000005 1.000000
vn 0.000000 -0.000005 1.000000
vn 0.000000 -0.000005 1.000000
vn 0.000000 -0.000009 1.000000
vn 0.000000 -0.000009 1.000000
vn 0.000000 -0.000009 1.000000
vn -0.000000 0.000028 1.000000
vn -0.000000 0.000028 1.000000
vn -0.000000 0.000028 1.000000
vn 0.000000 -0.000005 1.000000
vn 0.000000 -0.000005 1.000000
vn 0.000000 -0.000005 1.000000
vn 0.000000 -0.000005 1.000000
vn 0.000000 -0.000005 1.000000
vn 0.000000 -0.000005 1.000000
vn 0.000000 -0.000005 1.000000
vn 0.000000 -0.000005 1.000000
vn 0.000000 -0.000005 1.000000
vn 0.000000 -0.000000 1.000000
vn 0.000000 -0.000000 1.000000
vn 0.000000 -0.000000 1.000000
vn 0.000000 -0.000005 1.000000
vn 0.000000 -0.000005 1.000000
vn 0.000000 -0.000005 1.000000
vn 0.000000 -0.000015 1.000000
vn 0.000000 -0.000015 1.000000
vn 0.000000 -0.000015 1.000000
vn 0.000000 -0.000021 1.000000
vn 0.000000 -0.000021 1.000000
vn 0.000000 -0.000021 1.000000
vn 0.000000 -0.000008 1.000000
vn 0.000000 -0.000008 1.000000
vn 0.000000 -0.000008 1.000000
vn 0.000000 -0.000005 1.000000
vn 0.000000 -0.000005 1.000000
vn 0.000000 -0.000005 1.000000
vn 0.000000 -0.000005 1.000000
vn 0.000000 -0.000005 1.000000
vn 0.000000 -0.000005 1.000000
vn -0.000000 0.000004 1.000000
vn -0.000000 0.000004 1.000000
vn -0.000000 0.000004 1.000000
vn 0.000000 -0.000005 1.000000
vn 0.000000 -0.000005 1.000000
vn 0.000000 -0.000005 1.000000
vn -0.000000 0.000001 1.000000
vn -0.000000 0.000001 1.000000
vn -0.000000 0.000001 1.000000
vn 0.000000 -0.000019 1.000000
vn 0.000000 -0.000019 1.000000
vn 0.000000 -0.000019 1.000000
vn -0.000000 0.000002 1.000000
vn -0.000000 0.000002 1.000000
vn -0.000000 0.000002 1.000000
vn 0.000000 -0.000031 1.000000
vn 0.000000 -0.000031 1.000000
vn 0.000000 -0.000031 1.000000
vn -0.000000 0.000005 1.000000
vn -0.000000 0.000005 1.000000
vn -0.000000 0.000005 1.000000
vn 0.000000 -0.000005 1.000000
vn 0.000000 -0.000005 1.000000
vn 0.000000 -0.000005 1.000000
vn 0.000000 -0.000005 1.000000
vn 0.000000 -0.000005 1.000000
vn 0.000000 -0.000005 1.000000
vn 0.866039 -0.499977 0.000004
vn 0.965923 -0.258829 -0.000045
vn 0.866032 -0.499989 -0.000009
vn 0.965923 -0.258829 -0.000045
vn 0.866039 -0.499977 0.000004
vn 0.965927 -0.258816 0.000005
vn 0.965937 -0.258778 0.000005
vn 1.000000 -0.000014 -0.000006
vn 0.965937 -0.258778 -0.000008
vn 1.000000 -0.000014 -0.000006
vn 0.965937 -0.258778 0.000005
vn 1.000000 -0.000013 0.000006
vn 0.965924 0.258828 0.000007
vn 0.866025 0.500001 -0.000004
vn 0.965924 0.258828 -0.000005
vn 0.866025 0.500001 -0.000004
vn 0.965924 0.258828 0.000007
vn 0.866025 0.500001 0.000009
vn -0.000000 0.000005 -1.000000
vn -0.000000 0.000005 -1.000000
vn -0.000000 0.000005 -1.000000
vn -0.000000 0.000005 -1.000000
vn -0.000000 0.000005 -1.000000
vn -0.000000 0.000005 -1.000000
vn -0.000000 0.000005 -1.000000
vn -0.000000 0.000005 -1.000000
vn -0.000000 0.000005 -1.000000
vn -0.000000 0.000005 -1.000000
vn -0.000000 0.000005 -1.000000
vn -0.000000 0.000005 -1.000000
vn -0.000000 0.000003 -1.000000
vn -0.000000 0.000003 -1.000000
vn -0.000000 0.000003 -1.000000
vn -0.000000 0.000005 -1.000000
vn -0.000000 0.000005 -1.000000
vn -0.000000 0.000005 -1.000000
vn -0.000000 0.000013 -1.000000
vn -0.000000 0.000013 -1.000000
vn -0.000000 0.000013 -1.000000
vn -0.000000 0.000005 -1.000000
vn -0.000000 0.000005 -1.000000
vn -0.000000 0.000005 -1.000000
vn 0.000000 -0.000001 -1.000000
vn 0.000000 -0.000001 -1.000000
vn 0.000000 -0.000001 -1.000000
vn -0.000000 0.000005 -1.000000
vn -0.000000 0.000005 -1.000000
vn -0.000000 0.000005 -1.000000
vn -0.000000 0.000006 -1.000000
vn -0.000000 0.000006 -1.000000
vn -0.000000 0.000006 -1.000000
vn -0.000000 0.000005 -1.000000
vn -0.000000 0.000005 -1.000000
vn -0.000000 0.000005 -1.000000
vn -0.000000 0.000004 -1.000000
vn -0.000000 0.000004 -1.000000
vn -0.000000 0.000004 -1.000000
vn -0.000000 0.000005 -1.000000
vn -0.000000 0.000005 -1.000000
vn -0.000000 0.000005 -1.000000
vn -0.000000 0.000011 -1.000000
vn -0.000000 0.000011 -1.000000
vn -0.000000 0.000011 -1.000000
vn 0.000000 -0.000006 -1.000000
vn 0.000000 -0.000006 -1.000000
vn 0.000000 -0.000006 -1.000000
vn -0.000000 0.000008 -1.000000
vn -0.000000 0.000008 -1.000000
vn -0.000000 0.000008 -1.000000
vn -0.000000 0.000005 -1.000000
vn -0.000000 0.000005 -1.000000
vn -0.000000 0.000005 -1.000000
vn -0.000000 0.000008 -1.000000
vn -0.000000 0.000008 -1.000000
vn -0.000000 0.000008 -1.000000
vn -0.000000 0.000005 -1.000000
vn -0.000000 0.000005 -1.000000
vn -0.000000 0.000005 -1.000000
vn -0.000000 0.000005 -1.000000
vn -0.000000 0.000005 -1.000000
vn -0.000000 0.000005 -1.000000
vn -0.000000 0.000005 -1.000000
vn -0.000000 0.000005 -1.000000
vn -0.000000 0.000005 -1.000000
vn 1.000000 0.000043 0.000006
vn 0.965942 0.258760 -0.000005
vn 1.000000 0.000043 -0.000006
vn 0.965942 0.258760 -0.000005
vn 1.000000 0.000043 0.000006
vn 0.965929 0.258806 0.000008
vn 0.866009 0.500028 0.000009
vn 0.707111 0.707103 -0.000003
vn 0.865989 0.500064 -0.000004
vn 0.707111 0.707103 -0.000003
vn 0.866009 0.500028 0.000009
vn 0.707140 0.707074 0.000010
vn 0.707082 0.707131 -0.000003
vn 0.500053 0.865995 0.000010
vn 0.500033 0.866007 -0.000002
vn 0.500053 0.865995 0.000010
vn 0.707082 0.707131 -0.000003
vn 0.707065 0.707148 0.000010
vn 0.499963 0.866047 -0.000002
vn 0.258834 0.965922 0.000011
vn 0.258820 0.965926 -0.000002
vn 0.258834 0.965922 0.000011
vn 0.499963 0.866047 -0.000002
vn 0.499976 0.866040 0.000010
vn 0.258768 0.965940 -0.000002
vn 0.000003 1.000000 0.000011
vn 0.000003 1.000000 -0.000001
vn 0.000003 1.000000 0.000011
vn 0.258768 0.965940 -0.000002
vn 0.258768 0.965940 0.000011
vn -0.000016 1.000000 -0.000001
vn -0.258780 0.965936 0.000011
vn -0.258780 0.965936 -0.000002
vn -0.258780 0.965936 0.000011
vn -0.000016 1.000000 -0.000001
vn -0.000016 1.000000 0.000011
vn -0.258846 0.965919 -0.000002
vn -0.499975 0.866040 0.000010
vn -0.499984 0.866035 -0.000002
vn -0.499975 0.866040 0.000010
vn -0.258846 0.965919 -0.000002
vn -0.258836 0.965921 0.000011
vn -0.500064 0.865988 -0.000002
vn -0.707091 0.707122 0.000010
vn -0.707074 0.707139 -0.000003
vn -0.707091 0.707122 0.000010
vn -0.500064 0.865988 -0.000002
vn -0.500044 0.866000 0.000010
vn -0.707120 0.707093 0.000010
vn -0.866016 0.500017 -0.000004
vn -0.707149 0.707064 -0.000003
vn -0.866016 0.500017 -0.000004
vn -0.707120 0.707093 0.000010
vn -0.865995 0.500053 0.000009
vn -0.965920 -0.258841 0.000043
vn -0.866032 -0.499988 -0.000009
vn -0.965923 -0.258828 -0.000008
vn -0.866032 -0.499988 -0.000009
vn -0.965920 -0.258841 0.000043
vn -0.866026 -0.500000 0.000004
vn -0.865988 -0.500065 0.000004
vn -0.707127 -0.707087 -0.000047
vn -0.866012 -0.500024 -0.000009
vn -0.707127 -0.707087 -0.000047
vn -0.865988 -0.500065 0.000004
vn -0.707127 -0.707087 0.000003
vn -0.500033 -0.866007 0.000002
vn -0.707094 -0.707120 -0.000010
vn -0.707094 -0.707120 0.000003
vn -0.707094 -0.707120 -0.000010
vn -0.500033 -0.866007 0.000002
vn -0.500033 -0.866007 -0.000010
vn -0.258836 -0.965921 0.000002
vn -0.499965 -0.866046 -0.000010
vn -0.499978 -0.866038 0.000002
vn -0.499965 -0.866046 -0.000010
vn -0.258836 -0.965921 0.000002
vn -0.258915 -0.965900 -0.000011
vn -0.000040 -1.000000 0.000001
vn -0.258852 -0.965917 -0.000011
vn -0.258765 -0.965940 0.000002
vn -0.258852 -0.965917 -0.000011
vn -0.000040 -1.000000 0.000001
vn -0.000033 -1.000000 -0.000049
vn 0.258864 -0.965914 0.000002
vn 0.000053 -1.000000 -0.000011
vn 0.000046 -1.000000 0.000039
vn 0.000053 -1.000000 -0.000011
vn 0.258864 -0.965914 0.000002
vn 0.258778 -0.965937 -0.000011
vn 0.499977 -0.866039 0.000002
vn 0.258848 -0.965918 -0.000011
vn 0.258930 -0.965896 0.000002
vn 0.258848 -0.965918 -0.000011
vn 0.499977 -0.866039 0.000002
vn 0.499986 -0.866033 -0.000010
vn 0.707103 -0.707111 0.000003
vn 0.500044 -0.866000 -0.000010
vn 0.500044 -0.866000 0.000002
vn 0.500044 -0.866000 -0.000010
vn 0.707103 -0.707111 0.000003
vn 0.707103 -0.707111 -0.000010
vn -0.866032 0.499989 0.000009
vn -0.965927 0.258815 -0.000005
vn -0.866032 0.499989 -0.000004
vn -0.965927 0.258815 -0.000005
vn -0.866032 0.499989 0.000009
vn -0.965927 0.258815 0.000008
vn -0.965933 0.258794 0.000007
vn -1.000000 -0.000000 0.000000
vn -0.965945 0.258748 -0.000005
vn -1.000000 -0.000000 0.000000
vn -0.965933 0.258794 0.000007
vn -1.000000 0.000003 0.000000
vn -1.000000 0.000003 0.000000
vn -0.965933 -0.258791 -0.000007
vn -1.000000 -0.000000 0.000000
vn -0.965933 -0.258791 -0.000007
vn -1.000000 0.000003 0.000000
vn -0.965934 -0.258790 0.000005
vn 0.000000 -0.000014 1.000000
vn 0.000000 -0.000014 1.000000
vn 0.000000 -0.000014 1.000000
vn 0.000000 -0.000001 1.000000
vn 0.000000 -0.000001 1.000000
vn 0.000000 -0.000001 1.000000
vn -0.000000 0.000003 1.000000
vn -0.000000 0.000003 1.000000
vn -0.000000 0.000003 1.000000
vn 0.000000 -0.000014 1.000000
vn 0.000000 -0.000014 1.000000
vn 0.000000 -0.000014 1.000000
vn -0.000000 0.000000 1.000000
vn -0.000000 0.000000 1.000000
vn -0.000000 0.000000 1.000000
vn 0.000000 -0.000005 1.000000
vn 0.000000 -0.000005 1.000000
vn 0.000000 -0.000005 1.000000
vn 0.000000 -0.000005 1.000000
vn 0.000000 -0.000005 1.000000
vn 0.000000 -0.000005 1.000000
vn 0.000000 -0.000012 1.000000
vn 0.000000 -0.000012 1.000000
vn 0.000000 -0.000012 1.000000
vn 0.000000 -0.000005 1.000000
vn 0.000000 -0.000005 1.000000
vn 0.000000 -0.000005 1.000000
vn 0.000000 -0.000021 1.000000
vn 0.000000 -0.000021 1.000000
vn 0.000000 -0.000021 1.000000
vn 0.000000 -0.000005 1.000000
vn 0.000000 -0.000005 1.000000
vn 0.000000 -0.000005 1.000000
vn -0.000000 0.000015 1.000000
vn -0.000000 0.000015 1.000000
vn -0.000000 0.000015 1.000000
vn 0.000000 -0.000005 1.000000
vn 0.000000 -0.000005 1.000000
vn 0.000000 -0.000005 1.000000
vn 0.000000 -0.000005 1.000000
vn 0.000000 -0.000005 1.000000
vn 0.000000 -0.000005 1.000000
vn 0.000000 -0.000005 1.000000
vn 0.000000 -0.000005 1.000000
vn 0.000000 -0.000005 1.000000
vn 0.000000 -0.000015 1.000000
vn 0.000000 -0.000015 1.000000
vn 0.000000 -0.000015 1.000000
vn -0.000000 0.000021 1.000000
vn -0.000000 0.000021 1.000000
vn -0.000000 0.000021 1.000000
vn 0.000000 -0.000012 1.000000
vn 0.000000 -0.000012 1.000000
vn 0.000000 -0.000012 1.000000
vn 0.000000 -0.000005 1.000000
vn 0.000000 -0.000005 1.000000
vn 0.000000 -0.000005 1.000000
vn 0.000000 -0.000011 1.000000
vn 0.000000 -0.000011 1.000000
vn 0.000000 -0.000011 1.000000
vn 0.000000 -0.000005 1.000000
vn 0.000000 -0.000005 1.000000
vn 0.000000 -0.000005 1.000000
vn 0.000000 -0.000005 1.000000
vn 0.000000 -0.000005 1.000000
vn 0.000000 -0.000005 1.000000
vn 0.000000 -0.000009 1.000000
vn 0.000000 -0.000009 1.000000
vn 0.000000 -0.000009 1.000000
vn 0.000000 -0.000002 1.000000
vn 0.000000 -0.000002 1.000000
vn 0.000000 -0.000002 1.000000
vn 0.000000 -0.000005 1.000000
vn 0.000000 -0.000005 1.000000
vn 0.000000 -0.000005 1.000000
vn 0.000000 -0.000014 1.000000
vn 0.000000 -0.000014 1.000000
vn 0.000000 -0.000014 1.000000
vn 0.000000 -0.000005 1.000000
vn 0.000000 -0.000005 1.000000
vn 0.000000 -0.000005 1.000000
vn -0.000000 0.000011 1.000000
vn -0.000000 0.000011 1.000000
vn -0.000000 0.000011 1.000000
vn 0.965936 -0.258783 0.000005
vn 1.000000 -0.000025 -0.000006
vn 0.965945 -0.258748 -0.000008
vn 1.000000 -0.000025 -0.000006
vn 0.965936 -0.258783 0.000005
vn 1.000000 -0.000013 0.000006
vn 0.499995 0.866028 -0.000002
vn 0.258822 0.965925 0.000011
vn 0.258913 0.965901 -0.000002
vn 0.258822 0.965925 0.000011
vn 0.499995 0.866028 -0.000002
vn 0.499997 0.866027 0.000048
vn 0.965923 0.258828 0.000045
vn 0.866025 0.500001 -0.000004
vn 0.965923 0.258828 -0.000005
vn 0.866025 0.500001 -0.000004
vn 0.965923 0.258828 0.000045
vn 0.866025 0.500001 0.000009
vn 0.865989 0.500064 0.000009
vn 0.707128 0.707085 -0.000040
vn 0.865989 0.500064 -0.000004
vn 0.707128 0.707085 -0.000040
vn 0.865989 0.500064 0.000009
vn 0.707128 0.707085 0.000010
vn 0.707094 0.707120 -0.000003
vn 0.500033 0.866007 0.000010
vn 0.500033 0.866007 -0.000002
vn 0.500033 0.866007 0.000010
vn 0.707094 0.707120 -0.000003
vn 0.707094 0.707120 0.000010
vn -0.866031 0.499990 0.000009
vn -0.965927 0.258816 -0.000043
vn -0.866031 0.499990 -0.000004
vn -0.965927 0.258816 -0.000043
vn -0.866031 0.499990 0.000009
vn -0.965927 0.258816 0.000008
vn -0.965937 0.258778 0.000007
vn -1.000000 -0.000008 -0.000000
vn -0.965937 0.258778 -0.000005
vn -1.000000 -0.000008 -0.000000
vn -0.965937 0.258778 0.000007
vn -1.000000 -0.000011 -0.000000
vn -1.000000 -0.000011 -0.000000
vn -0.965932 -0.258796 -0.000007
vn -1.000000 -0.000008 -0.000000
vn -0.965932 -0.258796 -0.000007
vn -1.000000 -0.000011 -0.000000
vn -0.965929 -0.258806 0.000005
vn -0.965920 -0.258841 0.000043
vn -0.866032 -0.499988 -0.000009
vn -0.965923 -0.258828 -0.000008
vn -0.866032 -0.499988 -0.000009
vn -0.965920 -0.258841 0.000043
vn -0.866026 -0.500000 0.000004
vn -0.865989 -0.500064 0.000004
vn -0.707128 -0.707085 -0.000047
vn -0.865989 -0.500064 -0.000009
vn -0.707128 -0.707085 -0.000047
vn -0.865989 -0.500064 0.000004
vn -0.707128 -0.707085 0.000003
vn -0.499927 -0.866068 0.000002
vn -0.707081 -0.707133 -0.000010
vn -0.707064 -0.707150 0.000003
vn -0.707081 -0.707133 -0.000010
vn -0.499927 -0.866068 0.000002
vn -0.500031 -0.866008 -0.000010
vn -0.000040 -1.000000 0.000001
vn -0.258852 -0.965917 -0.000011
vn -0.258673 -0.965965 0.000002
vn -0.258852 -0.965917 -0.000011
vn -0.000040 -1.000000 0.000001
vn -0.000033 -1.000000 -0.000049
vn -0.258756 -0.965943 0.000002
vn -0.499975 -0.866040 -0.000010
vn -0.499874 -0.866098 0.000002
vn -0.499975 -0.866040 -0.000010
vn -0.258756 -0.965943 0.000002
vn -0.258915 -0.965900 -0.000011
vn 1.000000 0.000026 0.000006
vn 0.965933 0.258791 -0.000005
vn 1.000000 0.000027 -0.000006
vn 0.965933 0.258791 -0.000005
vn 1.000000 0.000026 0.000006
vn 0.965934 0.258790 0.000008
vn -0.707137 0.707076 0.000047
vn -0.865995 0.500053 -0.000004
vn -0.707137 0.707076 -0.000003
vn -0.865995 0.500053 -0.000004
vn -0.707137 0.707076 0.000047
vn -0.865995 0.500053 0.000009
vn -0.500044 0.866000 -0.000002
vn -0.707103 0.707111 0.000010
vn -0.707103 0.707111 -0.000003
vn -0.707103 0.707111 0.000010
vn -0.500044 0.866000 -0.000002
vn -0.500044 0.866000 0.000010
vn -0.258833 0.965922 -0.000002
vn -0.500007 0.866021 0.000010
vn -0.500005 0.866022 -0.000002
vn -0.500007 0.866021 0.000010
vn -0.258833 0.965922 -0.000002
vn -0.258928 0.965897 0.000011
vn -0.000053 1.000000 -0.000001
vn -0.258864 0.965914 0.000011
vn -0.258778 0.965937 -0.000002
vn -0.258864 0.965914 0.000011
vn -0.000053 1.000000 -0.000001
vn -0.000046 1.000000 0.000049
vn 0.258852 0.965917 -0.000002
vn 0.000040 1.000000 0.000011
vn 0.000033 1.000000 -0.000039
vn 0.000040 1.000000 0.000011
vn 0.258852 0.965917 -0.000002
vn 0.258765 0.965940 0.000011
vn -0.000000 0.000005 -1.000000
vn -0.000000 0.000005 -1.000000
vn -0.000000 0.000005 -1.000000
vn -0.000000 0.000005 -1.000000
vn -0.000000 0.000005 -1.000000
vn -0.000000 0.000005 -1.000000
vn -0.000000 0.000005 -1.000000
vn -0.000000 0.000005 -1.000000
vn -0.000000 0.000005 -1.000000
vn -0.000000 0.000002 -1.000000
vn -0.000000 0.000002 -1.000000
vn -0.000000 0.000002 -1.000000
vn -0.000000 0.000005 -1.000000
vn -0.000000 0.000005 -1.000000
vn -0.000000 0.000005 -1.000000
vn -0.000000 0.000001 -1.000000
vn -0.000000 0.000001 -1.000000
vn -0.000000 0.000001 -1.000000
vn -0.000000 0.000005 -1.000000
vn -0.000000 0.000005 -1.000000
vn -0.000000 0.000005 -1.000000
vn 0.000000 -0.000001 -1.000000
vn 0.000000 -0.000001 -1.000000
vn 0.000000 -0.000001 -1.000000
vn -0.000000 0.000005 -1.000000
vn -0.000000 0.000005 -1.000000
vn -0.000000 0.000005 -1.000000
vn -0.000000 0.000006 -1.000000
vn -0.000000 0.000006 -1.000000
vn -0.000000 0.000006 -1.000000
vn -0.000000 0.000005 -1.000000
vn -0.000000 0.000005 -1.000000
vn -0.000000 0.000005 -1.000000
vn -0.000000 0.000004 -1.000000
vn -0.000000 0.000004 -1.000000
vn -0.000000 0.000004 -1.000000
vn -0.000000 0.000005 -1.000000
vn -0.000000 0.000005 -1.000000
vn -0.000000 0.000005 -1.000000
vn -0.000000 0.000010 -1.000000
vn -0.000000 0.000010 -1.000000
vn -0.000000 0.000010 -1.000000
vn -0.000000 0.000005 -1.000000
vn -0.000000 0.000005 -1.000000
vn -0.000000 0.000005 -1.000000
vn 0.000000 -0.000004 -1.000000
vn 0.000000 -0.000004 -1.000000
vn 0.000000 -0.000004 -1.000000
vn -0.000000 0.000005 -1.000000
vn -0.000000 0.000005 -1.000000
vn -0.000000 0.000005 -1.000000
vn -0.000000 0.000007 -1.000000
vn -0.000000 0.000007 -1.000000
vn -0.000000 0.000007 -1.000000
vn -0.000000 0.000005 -1.000000
vn -0.000000 0.000005 -1.000000
vn -0.000000 0.000005 -1.000000
vn -0.000000 0.000005 -1.000000
vn -0.000000 0.000005 -1.000000
vn -0.000000 0.000005 -1.000000
vn -0.000000 0.000005 -1.000000
vn -0.000000 0.000005 -1.000000
vn -0.000000 0.000005 -1.000000
vn -0.000000 0.000005 -1.000000
vn -0.000000 0.000005 -1.000000
vn -0.000000 0.000005 -1.000000
vn 0.258864 -0.965914 0.000002
vn 0.000053 -1.000000 -0.000011
vn 0.000046 -1.000000 0.000039
vn 0.000053 -1.000000 -0.000011
vn 0.258864 -0.965914 0.000002
vn 0.258685 -0.965962 -0.000011
vn 0.499987 -0.866033 0.000002
vn 0.258767 -0.965940 -0.000011
vn 0.258930 -0.965896 0.000002
vn 0.258767 -0.965940 -0.000011
vn 0.499987 -0.866033 0.000002
vn 0.499882 -0.866093 -0.000010
vn 0.707090 -0.707124 0.000003
vn 0.499938 -0.866061 -0.000010
vn 0.500042 -0.866001 0.000002
vn 0.499938 -0.866061 -0.000010
vn 0.707090 -0.707124 0.000003
vn 0.707073 -0.707141 -0.000010
vn 0.707137 -0.707076 0.000040
vn 0.865995 -0.500053 -0.000009
vn 0.707137 -0.707076 -0.000010
vn 0.865995 -0.500053 -0.000009
vn 0.707137 -0.707076 0.000040
vn 0.865995 -0.500053 0.000004
vn 0.866039 -0.499977 0.000004
vn 0.965923 -0.258829 -0.000045
vn 0.866032 -0.499989 -0.000009
vn 0.965923 -0.258829 -0.000045
vn 0.866039 -0.499977 0.000004
vn 0.965927 -0.258816 0.000005
vn -0.722759 0.205444 -0.659858
vn -0.000003 0.430509 -0.902586
vn -0.724724 0.249240 -0.642382
vn -0.000003 0.430509 -0.902586
vn -0.722759 0.205444 -0.659858
vn -0.000004 0.369410 -0.929267
vn 0.000000 -0.000005 1.000000
vn 0.000000 -0.000005 1.000000
vn 0.000000 -0.000005 1.000000
vn 0.000000 -0.000013 1.000000
vn 0.000000 -0.000013 1.000000
vn 0.000000 -0.000013 1.000000
vn 0.711598 0.038279 0.701543
vn -0.707124 0.000026 0.707090
vn 0.707124 -0.000033 0.707090
vn -0.707124 0.000026 0.707090
vn 0.711598 0.038279 0.701543
vn -0.456394 0.013364 0.889677
vn 0.696401 0.097905 0.710944
vn -0.456370 0.013378 0.889690
vn 0.711594 0.038280 0.701548
vn -0.456370 0.013378 0.889690
vn 0.696401 0.097905 0.710944
vn -0.000001 0.060380 0.998176
vn -0.592090 -0.768250 0.243356
vn 0.000002 -0.922718 0.385476
vn -0.664938 -0.696725 0.269131
vn 0.000002 -0.922718 0.385476
vn -0.592090 -0.768250 0.243356
vn 0.000006 -0.947570 0.319548
vn 0.000001 -0.060491 0.998169
vn -0.711594 -0.038287 0.701547
vn -0.696400 -0.097912 0.710943
vn -0.711594 -0.038287 0.701547
vn 0.000001 -0.060491 0.998169
vn 0.456369 -0.013392 0.889690
vn 0.000005 -0.490922 0.871203
vn -0.685755 -0.356592 0.634494
vn -0.683946 -0.398285 0.611218
vn -0.685755 -0.356592 0.634494
vn 0.000005 -0.490922 0.871203
vn 0.000002 -0.430526 0.902578
vn 0.000000 -0.308009 0.951383
vn -0.691110 -0.228693 0.685614
vn -0.689351 -0.271642 0.671570
vn -0.691110 -0.228693 0.685614
vn 0.000000 -0.308009 0.951383
vn 0.000001 -0.246301 0.969193
vn -0.000000 -0.246274 0.969200
vn -0.692896 -0.185301 0.696820
vn -0.691108 -0.228669 0.685624
vn -0.692896 -0.185301 0.696820
vn -0.000000 -0.246274 0.969200
vn -0.000001 -0.184398 0.982852
vn 0.456394 -0.013373 0.889677
vn -0.707124 0.000026 0.707090
vn -0.711598 -0.038285 0.701543
vn -0.707124 0.000026 0.707090
vn 0.456394 -0.013373 0.889677
vn 0.707124 -0.000033 0.707090
vn -0.730470 0.378736 -0.568307
vn -0.000005 0.665709 -0.746212
vn -0.732408 0.420276 -0.535675
vn -0.000005 0.665709 -0.746212
vn -0.730470 0.378736 -0.568307
vn -0.000003 0.608933 -0.793222
vn -0.728568 0.336227 -0.596774
vn -0.000004 0.608928 -0.793226
vn -0.730483 0.378652 -0.568347
vn -0.000004 0.608928 -0.793226
vn -0.728568 0.336227 -0.596774
vn -0.000006 0.550525 -0.834818
vn -0.717239 0.073502 -0.692940
vn -0.000002 0.246280 -0.969199
vn -0.719059 0.117401 -0.684961
vn -0.000002 0.246280 -0.969199
vn -0.717239 0.073502 -0.692940
vn -0.000002 0.184407 -0.982850
vn -0.000007 0.760966 -0.648792
vn -0.745409 0.557710 -0.365137
vn -0.749641 0.477900 -0.457876
vn -0.745409 0.557710 -0.365137
vn -0.000007 0.760966 -0.648792
vn -0.000006 0.860465 -0.509510
vn -0.724708 0.249280 -0.642385
vn -0.000004 0.490916 -0.871207
vn -0.726624 0.292916 -0.621465
vn -0.000004 0.490916 -0.871207
vn -0.724708 0.249280 -0.642385
vn -0.000003 0.430521 -0.902581
vn -0.726615 0.293004 -0.621433
vn -0.000004 0.550520 -0.834822
vn -0.728557 0.336202 -0.596802
vn -0.000004 0.550520 -0.834822
vn -0.726615 0.293004 -0.621433
vn -0.000004 0.490916 -0.871207
vn -0.732435 0.420306 -0.535613
vn -0.000006 0.760930 -0.648834
vn -0.749652 0.477875 -0.457883
vn -0.000006 0.760930 -0.648834
vn -0.732435 0.420306 -0.535613
vn -0.000006 0.665719 -0.746203
vn -0.719052 0.117381 -0.684971
vn -0.000001 0.307970 -0.951396
vn -0.720906 0.161359 -0.673987
vn -0.000001 0.307970 -0.951396
vn -0.719052 0.117381 -0.684971
vn -0.000001 0.246308 -0.969192
vn -0.000007 0.922711 -0.385492
vn -0.792520 0.571179 -0.213697
vn -0.747329 0.603953 -0.277020
vn -0.792520 0.571179 -0.213697
vn -0.000007 0.922711 -0.385492
vn -0.000006 0.947564 -0.319566
vn 0.683946 0.398279 0.611222
vn -0.000002 0.430514 0.902584
vn 0.685717 0.356689 0.634481
vn -0.000002 0.430514 0.902584
vn 0.683946 0.398279 0.611222
vn -0.000005 0.490910 0.871210
vn 0.685742 0.356644 0.634479
vn -0.000003 0.369399 0.929271
vn 0.687524 0.314413 0.654565
vn -0.000003 0.369399 0.929271
vn 0.685742 0.356644 0.634479
vn -0.000002 0.430498 0.902592
vn 0.462431 -0.008883 0.886611
vn 0.996911 -0.078537 -0.000011
vn 0.996911 -0.078540 -0.000000
vn 0.996911 -0.078537 -0.000011
vn 0.462431 -0.008883 0.886611
vn 0.996911 -0.078539 0.000008
vn 0.996911 -0.078539 0.000008
vn 0.462431 -0.008883 0.886611
vn 0.996911 -0.078539 -0.000018
vn 0.996911 -0.078539 -0.000018
vn 0.462431 -0.008883 0.886611
vn 0.996911 -0.078538 -0.000003
vn 0.996911 -0.078538 -0.000003
vn 0.462431 -0.008883 0.886611
vn 0.996911 -0.078539 -0.000000
vn 0.996911 -0.078539 -0.000000
vn 0.462431 -0.008883 0.886611
vn 0.713566 -0.013776 0.700453
vn 0.996911 -0.078539 -0.000000
vn 0.713566 -0.013776 0.700453
vn 0.996911 -0.078539 0.000018
vn 0.996911 -0.078539 0.000018
vn 0.713566 -0.013776 0.700453
vn 0.715364 0.029862 0.698113
vn 0.996911 -0.078539 0.000018
vn 0.715364 0.029862 0.698113
vn 0.717155 0.073543 0.693023
vn 0.996911 -0.078539 0.000018
vn 0.717155 0.073543 0.693023
vn 0.996911 -0.078539 0.000011
vn 0.996911 -0.078539 0.000011
vn 0.717155 0.073543 0.693023
vn 0.718976 0.117433 0.685043
vn 0.996911 -0.078539 0.000011
vn 0.718976 0.117433 0.685043
vn 0.720864 0.161411 0.674020
vn 0.996911 -0.078539 0.000011
vn 0.720864 0.161411 0.674020
vn 0.996911 -0.078540 0.000002
vn 0.996911 -0.078540 0.000002
vn 0.720864 0.161411 0.674020
vn 0.722701 0.205425 0.659927
vn 0.996911 -0.078540 0.000002
vn 0.722701 0.205425 0.659927
vn 0.996911 -0.078537 0.000010
vn 0.996911 -0.078537 0.000010
vn 0.722701 0.205425 0.659927
vn 0.724676 0.249312 0.642408
vn 0.996911 -0.078537 0.000010
vn 0.724676 0.249312 0.642408
vn 0.726560 0.293052 0.621475
vn 0.996911 -0.078537 0.000010
vn 0.726560 0.293052 0.621475
vn 0.996911 -0.078538 -0.000010
vn 0.996911 -0.078538 -0.000010
vn 0.726560 0.293052 0.621475
vn 0.728497 0.336266 0.596839
vn 0.996911 -0.078538 -0.000010
vn 0.728497 0.336266 0.596839
vn 0.996911 -0.078539 0.000021
vn 0.996911 -0.078539 0.000021
vn 0.728497 0.336266 0.596839
vn 0.730459 0.378757 0.568307
vn 0.996911 -0.078539 0.000021
vn 0.730459 0.378757 0.568307
vn 0.996911 -0.078541 0.000003
vn 0.996911 -0.078541 0.000003
vn 0.730459 0.378757 0.568307
vn 0.732340 0.420342 0.535716
vn 0.996911 -0.078541 0.000003
vn 0.732340 0.420342 0.535716
vn 0.996911 -0.078539 -0.000000
vn 0.996911 -0.078539 -0.000000
vn 0.732340 0.420342 0.535716
vn 0.749582 0.477946 0.457925
vn 0.996911 -0.078539 -0.000000
vn 0.749582 0.477946 0.457925
vn 0.996911 -0.078540 -0.000002
vn 0.996911 -0.078540 -0.000002
vn 0.749582 0.477946 0.457925
vn 0.745332 0.557851 0.365079
vn 0.996911 -0.078540 -0.000002
vn 0.745332 0.557851 0.365079
vn 0.747283 0.604034 0.276967
vn 0.996911 -0.078540 -0.000002
vn 0.747283 0.604034 0.276967
vn 0.996911 -0.078540 0.000008
vn 0.996911 -0.078540 0.000008
vn 0.747283 0.604034 0.276967
vn 0.792394 0.571352 0.213703
vn -0.666512 -0.654683 0.356584
vn 0.000004 -0.760967 0.648790
vn -0.662184 -0.591558 0.459970
vn 0.000004 -0.760967 0.648790
vn -0.666512 -0.654683 0.356584
vn 0.000007 -0.860464 0.509511
vn -0.664932 -0.696709 0.269188
vn 0.000002 -0.860487 0.509472
vn -0.666536 -0.654681 0.356543
vn 0.000002 -0.860487 0.509472
vn -0.664932 -0.696709 0.269188
vn 0.000009 -0.922692 0.385537
vn 0.662184 0.591550 0.459978
vn -0.000007 0.860464 0.509511
vn -0.000004 0.760936 0.648827
vn -0.000007 0.860464 0.509511
vn 0.662184 0.591550 0.459978
vn 0.666511 0.654678 0.356595
vn 0.000001 -0.122409 0.992480
vn -0.696414 -0.097935 0.710927
vn -0.694644 -0.141672 0.705265
vn -0.696414 -0.097935 0.710927
vn 0.000001 -0.122409 0.992480
vn 0.000001 -0.060504 0.998168
vn 0.662209 0.591516 0.459988
vn -0.000006 0.665705 0.746215
vn 0.678690 0.517974 0.520656
vn -0.000006 0.665705 0.746215
vn 0.662209 0.591516 0.459988
vn 0.000001 0.760919 0.648847
vn -1.000000 -0.000006 0.000111
vn -0.707067 -0.000042 0.707147
vn -0.456419 0.013385 0.889664
vn -0.707067 -0.000042 0.707147
vn -1.000000 -0.000006 0.000111
vn -0.711552 -0.038253 0.701591
vn -0.711552 -0.038253 0.701591
vn -1.000000 -0.000006 0.000111
vn -0.896422 0.000012 -0.443201
vn -0.711552 -0.038253 0.701591
vn -0.710573 0.010713 -0.703542
vn -0.715547 -0.007207 -0.698528
vn -0.710573 0.010713 -0.703542
vn -0.711552 -0.038253 0.701591
vn -0.896422 0.000012 -0.443201
vn 0.449240 0.027670 -0.892982
vn 0.707090 0.000035 0.707124
vn 0.456419 -0.013394 0.889664
vn 0.707090 0.000035 0.707124
vn 0.449240 0.027670 -0.892982
vn 0.711550 0.038246 0.701594
vn 0.711550 0.038246 0.701594
vn 0.449240 0.027670 -0.892982
vn 0.710579 0.010917 -0.703533
vn 0.711550 0.038246 0.701594
vn 0.896194 -0.000023 -0.443662
vn 0.999195 0.040120 0.000003
vn 0.896194 -0.000023 -0.443662
vn 0.711550 0.038246 0.701594
vn 0.710579 0.010917 -0.703533
vn -0.000001 -0.184372 0.982857
vn -0.694617 -0.141713 0.705283
vn -0.692888 -0.185300 0.696829
vn -0.694617 -0.141713 0.705283
vn -0.000001 -0.184372 0.982857
vn -0.000001 -0.122422 0.992478
vn 0.000006 -0.665714 0.746207
vn -0.680451 -0.479254 0.554348
vn -0.678691 -0.517939 0.520689
vn -0.680451 -0.479254 0.554348
vn 0.000006 -0.665714 0.746207
vn 0.000005 -0.608978 0.793187
vn -0.000000 0.000003 1.000000
vn -0.000000 0.000003 1.000000
vn -0.000000 0.000003 1.000000
vn 0.000000 -0.000005 1.000000
vn 0.000000 -0.000005 1.000000
vn 0.000000 -0.000005 1.000000
vn 0.000002 -0.550566 0.834792
vn -0.683944 -0.398354 0.611175
vn -0.682117 -0.439299 0.584579
vn -0.683944 -0.398354 0.611175
vn 0.000002 -0.550566 0.834792
vn 0.000003 -0.490922 0.871203
vn 0.000004 -0.369393 0.929273
vn -0.689332 -0.271745 0.671548
vn -0.687523 -0.314367 0.654588
vn -0.689332 -0.271745 0.671548
vn 0.000004 -0.369393 0.929273
vn 0.000004 -0.308021 0.951379
vn 0.678693 0.517949 0.520677
vn -0.000005 0.608981 0.793185
vn 0.680452 0.479190 0.554403
vn -0.000005 0.608981 0.793185
vn 0.678693 0.517949 0.520677
vn -0.000006 0.665716 0.746205
vn 0.680456 0.479151 0.554431
vn -0.000004 0.550518 0.834824
vn 0.682131 0.439334 0.584537
vn -0.000004 0.550518 0.834824
vn 0.680456 0.479151 0.554431
vn -0.000004 0.608959 0.793202
vn -0.000001 -0.760923 0.648842
vn -0.678689 -0.517983 0.520649
vn -0.662210 -0.591523 0.459977
vn -0.678689 -0.517983 0.520649
vn -0.000001 -0.760923 0.648842
vn 0.000006 -0.665709 0.746211
vn -0.996911 0.078542 0.000000
vn -0.996911 0.078542 0.000000
vn -0.996911 0.078542 0.000000
vn -0.996911 0.078536 0.000000
vn -0.996911 0.078536 0.000000
vn -0.996911 0.078536 0.000000
vn -0.996911 0.078539 0.000000
vn -0.996911 0.078539 0.000000
vn -0.996911 0.078539 0.000000
vn -0.996911 0.078543 0.000000
vn -0.996911 0.078543 0.000000
vn -0.996911 0.078543 0.000000
vn -0.996911 0.078539 0.000000
vn -0.996911 0.078539 0.000000
vn -0.996911 0.078539 0.000000
vn -0.996911 0.078540 0.000050
vn -0.996911 0.078540 0.000050
vn -0.996911 0.078540 0.000050
vn -0.996911 0.078539 -0.000018
vn -0.996911 0.078539 -0.000018
vn -0.996911 0.078539 -0.000018
vn -0.996911 0.078540 -0.000024
vn -0.996911 0.078540 -0.000024
vn -0.996911 0.078540 -0.000024
vn -0.996911 0.078537 -0.000013
vn -0.996911 0.078537 -0.000013
vn -0.996911 0.078537 -0.000013
vn -0.996911 0.078538 0.000022
vn -0.996911 0.078538 0.000022
vn -0.996911 0.078538 0.000022
vn -0.996911 0.078541 -0.000013
vn -0.996911 0.078541 -0.000013
vn -0.996911 0.078541 -0.000013
vn -0.996911 0.078536 -0.000020
vn -0.996911 0.078536 -0.000020
vn -0.996911 0.078536 -0.000020
vn -0.996911 0.078540 0.000000
vn -0.996911 0.078540 0.000000
vn -0.996911 0.078540 0.000000
vn -0.996911 0.078539 0.000021
vn -0.996911 0.078539 0.000021
vn -0.996911 0.078539 0.000021
vn -0.996911 0.078540 0.000000
vn -0.996911 0.078540 0.000000
vn -0.996911 0.078540 0.000000
vn -0.996911 0.078536 -0.000040
vn -0.996911 0.078536 -0.000040
vn -0.996911 0.078536 -0.000040
vn -0.996911 0.078538 0.000009
vn -0.996911 0.078538 0.000009
vn -0.996911 0.078538 0.000009
vn -0.996911 0.078541 0.000000
vn -0.996911 0.078541 0.000000
vn -0.996911 0.078541 0.000000
vn -0.996911 0.078541 -0.000009
vn -0.996911 0.078541 -0.000009
vn -0.996911 0.078541 -0.000009
vn -0.996911 0.078536 0.000000
vn -0.996911 0.078536 0.000000
vn -0.996911 0.078536 0.000000
vn -0.996911 0.078534 0.000018
vn -0.996911 0.078534 0.000018
vn -0.996911 0.078534 0.000018
vn -0.996911 0.078534 0.000015
vn -0.996911 0.078534 0.000015
vn -0.996911 0.078534 0.000015
vn -0.996911 0.078541 -0.000023
vn -0.996911 0.078541 -0.000023
vn -0.996911 0.078541 -0.000023
vn -0.996911 0.078539 0.000000
vn -0.996911 0.078539 0.000000
vn -0.996911 0.078539 0.000000
vn -0.996911 0.078537 0.000000
vn -0.996911 0.078537 0.000000
vn -0.996911 0.078537 0.000000
vn -0.996911 0.078538 0.000010
vn -0.996911 0.078538 0.000010
vn -0.996911 0.078538 0.000010
vn -0.996911 0.078541 0.000000
vn -0.996911 0.078541 0.000000
vn -0.996911 0.078541 0.000000
vn -0.996911 0.078540 0.000007
vn -0.996911 0.078540 0.000007
vn -0.996911 0.078540 0.000007
vn -0.996911 0.078539 0.000000
vn -0.996911 0.078539 0.000000
vn -0.996911 0.078539 0.000000
vn -0.996910 0.078546 -0.000003
vn -0.996910 0.078546 -0.000003
vn -0.996910 0.078546 -0.000003
vn 0.000002 -0.430506 0.902588
vn -0.687525 -0.314417 0.654563
vn -0.685752 -0.356559 0.634516
vn -0.687525 -0.314417 0.654563
vn 0.000002 -0.430506 0.902588
vn 0.000003 -0.369408 0.929268
vn 0.687524 0.314371 0.654585
vn -0.000004 0.308018 0.951381
vn 0.689331 0.271749 0.671547
vn -0.000004 0.308018 0.951381
vn 0.687524 0.314371 0.654585
vn -0.000004 0.369389 0.929275
vn 0.689350 0.271634 0.671573
vn -0.000001 0.246201 0.969219
vn 0.691110 0.228684 0.685617
vn -0.000001 0.246201 0.969219
vn 0.689350 0.271634 0.671573
vn -0.000000 0.308002 0.951386
vn 0.664933 0.696705 0.269198
vn -0.000006 0.947578 0.319523
vn -0.000002 0.922710 0.385495
vn -0.000006 0.947578 0.319523
vn 0.664933 0.696705 0.269198
vn 0.592091 0.768258 0.243329
vn 0.666536 0.654664 0.356575
vn -0.000009 0.922692 0.385537
vn -0.000002 0.860487 0.509472
vn -0.000009 0.922692 0.385537
vn 0.666536 0.654664 0.356575
vn 0.664932 0.696696 0.269222
vn 0.691108 0.228657 0.685628
vn 0.000001 0.184382 0.982855
vn 0.692827 0.185301 0.696889
vn 0.000001 0.184382 0.982855
vn 0.691108 0.228657 0.685628
vn 0.000000 0.246212 0.969216
vn 0.692855 0.185298 0.696862
vn 0.000001 0.122409 0.992480
vn 0.694617 0.141709 0.705285
vn 0.000001 0.122409 0.992480
vn 0.692855 0.185298 0.696862
vn 0.000001 0.184358 0.982859
vn 0.000004 -0.608968 0.793195
vn -0.682131 -0.439340 0.584532
vn -0.680456 -0.479157 0.554426
vn -0.682131 -0.439340 0.584532
vn 0.000004 -0.608968 0.793195
vn 0.000004 -0.550607 0.834765
vn 0.694645 0.141669 0.705265
vn -0.000001 0.060398 0.998174
vn 0.696413 0.097932 0.710928
vn -0.000001 0.060398 0.998174
vn 0.694645 0.141669 0.705265
vn -0.000001 0.122399 0.992481
vn 0.682117 0.439283 0.584592
vn -0.000003 0.490897 0.871217
vn 0.683944 0.398337 0.611186
vn -0.000003 0.490897 0.871217
vn 0.682117 0.439283 0.584592
vn -0.000002 0.550502 0.834834
vn -0.713651 -0.013755 -0.700367
vn -0.000001 0.122402 -0.992481
vn -0.715417 0.029791 -0.698062
vn -0.000001 0.122402 -0.992481
vn -0.713651 -0.013755 -0.700367
vn -0.000003 0.060401 -0.998174
vn -0.715544 -0.007253 -0.698530
vn -0.696341 -0.097876 0.711006
vn -0.711550 -0.038290 0.701592
vn -0.696341 -0.097876 0.711006
vn -0.715544 -0.007253 -0.698530
vn -0.694578 -0.141694 0.705326
vn -0.694578 -0.141694 0.705326
vn -0.715544 -0.007253 -0.698530
vn -0.692844 -0.185281 0.696878
vn -0.692844 -0.185281 0.696878
vn -0.715544 -0.007253 -0.698530
vn -0.691048 -0.228679 0.685681
vn -0.691048 -0.228679 0.685681
vn -0.715544 -0.007253 -0.698530
vn -0.689252 -0.271722 0.671639
vn -0.689252 -0.271722 0.671639
vn -0.715544 -0.007253 -0.698530
vn -0.713583 -0.013807 -0.700435
vn -0.689252 -0.271722 0.671639
vn -0.713583 -0.013807 -0.700435
vn -0.687471 -0.314418 0.654618
vn -0.687471 -0.314418 0.654618
vn -0.713583 -0.013807 -0.700435
vn -0.715377 0.029834 -0.698101
vn -0.687471 -0.314418 0.654618
vn -0.715377 0.029834 -0.698101
vn -0.717168 0.073511 -0.693012
vn -0.687471 -0.314418 0.654618
vn -0.717168 0.073511 -0.693012
vn -0.685692 -0.356596 0.634560
vn -0.685692 -0.356596 0.634560
vn -0.717168 0.073511 -0.693012
vn -0.718999 0.117459 -0.685014
vn -0.685692 -0.356596 0.634560
vn -0.718999 0.117459 -0.685014
vn -0.720867 0.161451 -0.674006
vn -0.685692 -0.356596 0.634560
vn -0.720867 0.161451 -0.674006
vn -0.683894 -0.398333 0.611244
vn -0.683894 -0.398333 0.611244
vn -0.720867 0.161451 -0.674006
vn -0.722707 0.205462 -0.659909
vn -0.683894 -0.398333 0.611244
vn -0.722707 0.205462 -0.659909
vn -0.682076 -0.439278 0.584643
vn -0.682076 -0.439278 0.584643
vn -0.722707 0.205462 -0.659909
vn -0.724681 0.249346 -0.642390
vn -0.682076 -0.439278 0.584643
vn -0.724681 0.249346 -0.642390
vn -0.726562 0.293023 -0.621486
vn -0.682076 -0.439278 0.584643
vn -0.726562 0.293023 -0.621486
vn -0.680405 -0.479191 0.554460
vn -0.680405 -0.479191 0.554460
vn -0.726562 0.293023 -0.621486
vn -0.728501 0.336250 -0.596844
vn -0.680405 -0.479191 0.554460
vn -0.728501 0.336250 -0.596844
vn -0.678640 -0.517998 0.520698
vn -0.678640 -0.517998 0.520698
vn -0.728501 0.336250 -0.596844
vn -0.730427 0.378761 -0.568345
vn -0.678640 -0.517998 0.520698
vn -0.730427 0.378761 -0.568345
vn -0.662125 -0.591591 0.460012
vn -0.662125 -0.591591 0.460012
vn -0.730427 0.378761 -0.568345
vn -0.732377 0.420341 -0.535665
vn -0.662125 -0.591591 0.460012
vn -0.732377 0.420341 -0.535665
vn -0.666448 -0.654716 0.356643
vn -0.666448 -0.654716 0.356643
vn -0.732377 0.420341 -0.535665
vn -0.749589 0.477961 -0.457897
vn -0.666448 -0.654716 0.356643
vn -0.749589 0.477961 -0.457897
vn -0.664878 -0.696741 0.269237
vn -0.664878 -0.696741 0.269237
vn -0.749589 0.477961 -0.457897
vn -0.745341 0.557841 -0.365076
vn -0.664878 -0.696741 0.269237
vn -0.745341 0.557841 -0.365076
vn -0.747261 0.604059 -0.276973
vn -0.664878 -0.696741 0.269237
vn -0.747261 0.604059 -0.276973
vn -0.592051 -0.768276 0.243368
vn -0.592051 -0.768276 0.243368
vn -0.747261 0.604059 -0.276973
vn -0.792487 0.571231 -0.213680
vn -0.000002 0.184404 0.982851
vn 0.715410 0.029835 0.698068
vn -0.000001 0.122405 0.992480
vn 0.715410 0.029835 0.698068
vn -0.000002 0.184404 0.982851
vn 0.717213 0.073485 0.692968
vn -0.000004 0.369383 0.929277
vn 0.720915 0.161410 0.673965
vn -0.000004 0.308010 0.951383
vn 0.720915 0.161410 0.673965
vn -0.000004 0.369383 0.929277
vn 0.722761 0.205367 0.659880
vn 0.000000 0.122395 0.992482
vn 0.713652 -0.013740 0.700365
vn 0.000001 0.060394 0.998175
vn 0.713652 -0.013740 0.700365
vn 0.000000 0.122395 0.992482
vn 0.715416 0.029778 0.698064
vn -0.000007 0.665717 0.746205
vn 0.730534 0.378728 0.568230
vn -0.000001 0.608942 0.793215
vn 0.730534 0.378728 0.568230
vn -0.000007 0.665717 0.746205
vn 0.732400 0.420270 0.535689
vn -0.715619 -0.007210 -0.698454
vn 0.000000 0.060393 -0.998175
vn -0.713626 -0.013778 -0.700392
vn 0.000000 0.060393 -0.998175
vn -0.715619 -0.007210 -0.698454
vn 0.449172 0.027705 -0.893016
vn 0.449172 0.027705 -0.893016
vn -0.715619 -0.007210 -0.698454
vn 0.710653 0.010927 -0.703458
vn 0.710653 0.010927 -0.703458
vn -0.715619 -0.007210 -0.698454
vn -0.710643 0.010653 -0.703472
vn 0.999195 0.040128 -0.000001
vn 0.696356 0.097870 0.710992
vn 0.711550 0.038281 0.701592
vn 0.696356 0.097870 0.710992
vn 0.999195 0.040128 -0.000001
vn 0.694573 0.141688 0.705332
vn 0.694573 0.141688 0.705332
vn 0.999195 0.040128 -0.000001
vn 0.692775 0.185278 0.696947
vn 0.692775 0.185278 0.696947
vn 0.999195 0.040128 -0.000001
vn 0.691025 0.228676 0.685705
vn 0.691025 0.228676 0.685705
vn 0.999195 0.040128 -0.000001
vn 0.689263 0.271720 0.671628
vn 0.689263 0.271720 0.671628
vn 0.999195 0.040128 -0.000001
vn 0.996910 0.078554 -0.000023
vn 0.689263 0.271720 0.671628
vn 0.996910 0.078554 -0.000023
vn 0.687459 0.314414 0.654632
vn 0.687459 0.314414 0.654632
vn 0.996910 0.078554 -0.000023
vn 0.996910 0.078556 0.000024
vn 0.687459 0.314414 0.654632
vn 0.996910 0.078556 0.000024
vn 0.996910 0.078550 0.000001
vn 0.687459 0.314414 0.654632
vn 0.996910 0.078550 0.000001
vn 0.685664 0.356665 0.634551
vn 0.685664 0.356665 0.634551
vn 0.996910 0.078550 0.000001
vn 0.996910 0.078552 0.000014
vn 0.685664 0.356665 0.634551
vn 0.996910 0.078552 0.000014
vn 0.996910 0.078550 0.000016
vn 0.685664 0.356665 0.634551
vn 0.996910 0.078550 0.000016
vn 0.683890 0.398322 0.611256
vn 0.683890 0.398322 0.611256
vn 0.996910 0.078550 0.000016
vn 0.996910 0.078551 0.000003
vn 0.683890 0.398322 0.611256
vn 0.996910 0.078551 0.000003
vn 0.682078 0.439265 0.584650
vn 0.682078 0.439265 0.584650
vn 0.996910 0.078551 0.000003
vn 0.996910 0.078550 0.000034
vn 0.682078 0.439265 0.584650
vn 0.996910 0.078550 0.000034
vn 0.996910 0.078551 -0.000013
vn 0.682078 0.439265 0.584650
vn 0.996910 0.078551 -0.000013
vn 0.680375 0.479210 0.554480
vn 0.680375 0.479210 0.554480
vn 0.996910 0.078551 -0.000013
vn 0.996910 0.078553 0.000000
vn 0.680375 0.479210 0.554480
vn 0.996910 0.078553 0.000000
vn 0.678632 0.518001 0.520706
vn 0.678632 0.518001 0.520706
vn 0.996910 0.078553 0.000000
vn 0.996910 0.078551 0.000001
vn 0.678632 0.518001 0.520706
vn 0.996910 0.078551 0.000001
vn 0.662121 0.591589 0.460020
vn 0.662121 0.591589 0.460020
vn 0.996910 0.078551 0.000001
vn 0.996910 0.078554 0.000011
vn 0.662121 0.591589 0.460020
vn 0.996910 0.078554 0.000011
vn 0.666448 0.654707 0.356660
vn 0.666448 0.654707 0.356660
vn 0.996910 0.078554 0.000011
vn 0.996910 0.078553 -0.000001
vn 0.666448 0.654707 0.356660
vn 0.996910 0.078553 -0.000001
vn 0.664876 0.696740 0.269246
vn 0.664876 0.696740 0.269246
vn 0.996910 0.078553 -0.000001
vn 0.996910 0.078553 -0.000002
vn 0.664876 0.696740 0.269246
vn 0.996910 0.078553 -0.000002
vn 0.996910 0.078553 -0.000008
vn 0.664876 0.696740 0.269246
vn 0.996910 0.078553 -0.000008
vn 0.592048 0.768315 0.243249
vn 0.592048 0.768315 0.243249
vn 0.996910 0.078553 -0.000008
vn 0.996910 0.078552 -0.000023
vn -0.000002 0.246271 0.969201
vn 0.717209 0.073544 0.692967
vn -0.000001 0.184397 0.982852
vn 0.717209 0.073544 0.692967
vn -0.000002 0.246271 0.969201
vn 0.719053 0.117359 0.684974
vn -0.000003 0.608905 0.793243
vn 0.728566 0.336222 0.596780
vn -0.000002 0.550501 0.834835
vn 0.728566 0.336222 0.596780
vn -0.000003 0.608905 0.793243
vn 0.730510 0.378660 0.568306
vn -0.000004 0.550512 0.834827
vn 0.726611 0.292993 0.621443
vn -0.000002 0.490908 0.871212
vn 0.726611 0.292993 0.621443
vn -0.000004 0.550512 0.834827
vn 0.728550 0.336173 0.596827
vn -0.000002 0.430500 0.902591
vn 0.722757 0.205452 0.659858
vn -0.000001 0.369401 0.929270
vn 0.722757 0.205452 0.659858
vn -0.000002 0.430500 0.902591
vn 0.724722 0.249260 0.642377
vn -0.000000 0.030499 0.999535
vn -0.000000 0.030499 0.999535
vn -0.000000 0.030499 0.999535
vn -0.000000 0.031024 0.999519
vn -0.000000 0.030980 0.999520
vn 0.462410 -0.008884 0.886622
vn 0.462410 -0.008884 0.886622
vn -0.000000 0.030980 0.999520
vn -0.000002 0.060384 0.998175
vn 0.462410 -0.008884 0.886622
vn -0.000002 0.060384 0.998175
vn 0.713626 -0.013813 0.700391
vn -0.720921 0.161439 -0.673951
vn -0.000003 0.369392 -0.929273
vn -0.722764 0.205381 -0.659872
vn -0.000003 0.369392 -0.929273
vn -0.720921 0.161439 -0.673951
vn -0.000004 0.308020 -0.951380
vn -0.000007 0.860483 0.509479
vn 0.747320 0.603980 0.276983
vn 0.745399 0.557773 0.365062
vn 0.747320 0.603980 0.276983
vn -0.000007 0.860483 0.509479
vn -0.000001 0.922689 0.385545
vn -0.896407 -0.000046 -0.443232
vn 0.710625 0.010876 -0.703487
vn -0.710628 0.010662 -0.703487
vn 0.710625 0.010876 -0.703487
vn -0.896407 -0.000046 -0.443232
vn 0.896173 -0.000035 -0.443705
vn -0.000007 0.760924 0.648841
vn 0.732426 0.420283 0.535644
vn -0.000007 0.665711 0.746209
vn 0.732426 0.420283 0.535644
vn -0.000007 0.760924 0.648841
vn 0.749649 0.477825 0.457941
vn -0.000007 0.860487 -0.509473
vn -0.747331 0.603938 -0.277047
vn -0.745404 0.557770 -0.365054
vn -0.747331 0.603938 -0.277047
vn -0.000007 0.860487 -0.509473
vn -0.000006 0.922710 -0.385494
vn -0.000008 0.922704 0.385509
vn 0.792423 0.571309 0.213709
vn 0.747325 0.603992 0.276947
vn 0.792423 0.571309 0.213709
vn -0.000008 0.922704 0.385509
vn -0.000006 0.947589 0.319492
vn -0.000002 0.760960 0.648799
vn 0.745400 0.557727 0.365129
vn 0.749635 0.477899 0.457886
vn 0.745400 0.557727 0.365129
vn -0.000002 0.760960 0.648799
vn -0.000002 0.860460 0.509518
vn -0.000003 0.307961 0.951399
vn 0.719058 0.117456 0.684952
vn -0.000001 0.246299 0.969194
vn 0.719058 0.117456 0.684952
vn -0.000003 0.307961 0.951399
vn 0.720905 0.161363 0.673987
vn -0.000005 0.490879 0.871228
vn 0.724703 0.249274 0.642392
vn -0.000002 0.430483 0.902599
vn 0.724703 0.249274 0.642392
vn -0.000005 0.490879 0.871228
vn 0.726620 0.292965 0.621446
vn -0.715406 0.029794 -0.698074
vn -0.000001 0.184371 -0.982857
vn -0.717215 0.073506 -0.692965
vn -0.000001 0.184371 -0.982857
vn -0.715406 0.029794 -0.698074
vn -0.000003 0.122420 -0.992478
s off
g Shed Door
usemtl pasted___GFBXASC045pintuFBXASC032FBXASC040LooseFBXASC032MeshFBXASC041SG
f 1046/1308/1573 1049/1477/1574 1052/1309/1575
f 1049/1477/1576 1046/1308/1577 1055/1476/1578
f 1057/1060/1579 1059/1831/1580 1061/1064/1581
f 1059/1831/1582 1057/1060/1583 1048/1839/1584
f 1059/1831/1585 1048/1839/1586 1063/1834/1587
f 1063/1834/1588 1065/1074/1589 1067/1073/1590
f 1065/1074/1591 1063/1834/1592 1054/1842/1593
f 1054/1842/1594 1063/1834/1595 1048/1839/1596
f 1047/1836/1597 1076/1052/1598 1056/1837/1599
f 1056/1837/1600 1076/1052/1601 1066/1056/1602
f 1050/1841/1603 1072/1068/1604 1053/1840/1605
f 1072/1068/1606 1050/1841/1607 1058/1070/1608
f 1045/1838/1609 1077/1058/1610 1075/1059/1611
f 1077/1058/1612 1045/1838/1613 1078/1830/1614
f 1078/1830/1615 1045/1838/1616 1079/1825/1617
f 1079/1825/1618 1071/1045/1619 1069/1048/1620
f 1071/1045/1621 1079/1825/1622 1051/1835/1623
f 1045/1838/1624 1051/1835/1625 1079/1825/1626
f 1074/1054/1627 1060/1829/1628 1083/1828/1629
f 1060/1829/1630 1074/1054/1631 1062/1055/1632
f 1070/1051/1633 1081/1827/1634 1080/1826/1635
f 1081/1827/1636 1070/1051/1637 1073/1053/1638
f 1064/1833/1639 1082/1069/1640 1084/1832/1641
f 1082/1069/1642 1064/1833/1643 1068/1071/1644
usemtl pasted___GFBXASC045pintuFBXASC032FBXASC040LooseFBXASC032MeshFBXASC041SG1
f 1085/1314/1645 1091/1212/1646 1092/1211/1647
f 1091/1212/1648 1085/1314/1649 1094/1262/1650
f 1094/1262/1651 1085/1314/1652 1097/1292/1653
f 1097/1292/1654 1085/1314/1655 1087/1316/1656
f 1103/1820/1657 1105/1811/1658 1101/1063/1659
f 1105/1811/1660 1103/1820/1661 1109/1821/1662
f 1101/1063/1663 1105/1811/1664 1112/1801/1665
f 1105/1811/1666 1109/1821/1667 1117/1812/1668
f 1110/1800/1669 1118/1735/1670 1121/1688/1671
f 1120/1736/1672 1112/1801/1673 1127/1802/1674
f 1120/1736/1675 1127/1802/1676 1132/1737/1677
f 1136/1690/1678 1138/1352/1679 1123/1689/1680
f 1138/1352/1681 1136/1690/1682 1144/1353/1683
f 1101/1063/1684 1146/1318/1685 1150/1066/1686
f 1146/1318/1687 1101/1063/1688 1123/1689/1689
f 1123/1689/1690 1101/1063/1691 1112/1801/1692
f 1145/1317/1693 1121/1688/1694 1137/1351/1695
f 1150/1066/1696 1146/1318/1697 1155/1319/1698
f 1157/1263/1699 1102/1215/1700 1104/1213/1701
f 1102/1215/1702 1157/1263/1703 1107/1264/1704
f 1148/1265/1705 1099/1216/1706 1100/1214/1707
f 1099/1216/1708 1148/1265/1709 1160/1293/1710
f 1099/1216/1711 1160/1293/1712 1090/1321/1713
f 1099/1216/1714 1090/1321/1715 1089/1323/1716
f 1164/1823/1717 1095/1065/1718 1158/1822/1719
f 1095/1065/1720 1164/1823/1721 1098/1067/1722
f 1128/1731/1723 1113/1808/1724 1124/1797/1725
f 1135/1686/1726 1119/1730/1727 1122/1684/1728
f 1119/1730/1729 1135/1686/1730 1131/1733/1731
f 1130/1732/1732 1134/1685/1733 1141/1347/1734
f 1116/1809/1735 1167/1816/1736 1108/1815/1737
f 1167/1816/1738 1116/1809/1739 1131/1733/1740
f 1167/1816/1741 1131/1733/1742 1142/1348/1743
f 1168/1817/1744 1143/1349/1745 1154/1312/1746
f 1167/1816/1747 1153/1311/1748 1149/1049/1749
f 1167/1816/1750 1149/1049/1751 1161/1050/1752
f 1170/1805/1753 1115/1813/1754 1126/1803/1755
f 1115/1813/1756 1170/1805/1757 1172/1807/1758
f 1097/1292/1759 1148/1265/1760 1094/1262/1761
f 1148/1265/1762 1097/1292/1763 1160/1293/1764
f 1162/1819/1765 1159/1072/1766 1096/1061/1767
f 1159/1072/1768 1162/1819/1769 1165/1824/1770
f 1163/1295/1771 1107/1264/1772 1157/1263/1773
f 1107/1264/1774 1163/1295/1775 1166/1294/1776
f 1086/1315/1777 1166/1294/1778 1163/1295/1779
f 1166/1294/1780 1086/1315/1781 1088/1320/1782
f 1174/1333/1783 1140/1354/1784 1152/1322/1785
f 1140/1354/1786 1174/1333/1787 1176/1341/1788
f 1151/1313/1789 1093/1046/1790 1147/1057/1791
f 1093/1046/1792 1151/1313/1793 1173/1332/1794
f 1093/1046/1795 1173/1332/1796 1156/1814/1797
f 1156/1814/1798 1173/1332/1799 1175/1340/1800
f 1156/1814/1801 1175/1340/1802 1139/1350/1803
f 1156/1814/1804 1139/1350/1805 1177/1696/1806
f 1177/1696/1807 1139/1350/1808 1133/1687/1809
f 1156/1814/1810 1177/1696/1811 1178/1716/1812
f 1156/1814/1813 1178/1716/1814 1129/1734/1815
f 1156/1814/1816 1129/1734/1817 1169/1804/1818
f 1169/1804/1819 1129/1734/1820 1125/1798/1821
f 1156/1814/1822 1169/1804/1823 1171/1806/1824
f 1156/1814/1825 1171/1806/1826 1114/1810/1827
f 1156/1814/1828 1114/1810/1829 1106/1818/1830
f 1105/1811/1831 1127/1802/1832 1111/1799/1833
f 1127/1802/1834 1105/1811/1835 1117/1812/1836
f 1144/1353/1837 1146/1318/1838 1138/1352/1839
f 1146/1318/1840 1144/1353/1841 1155/1319/1842
usemtl pasted___GFBXASC045pintuFBXASC032FBXASC040LooseFBXASC032MeshFBXASC041SG2
f 1179/1530/1843 1209/1519/1844 1181/1518/1845
f 1209/1519/1846 1179/1530/1847 1212/1522/1848
f 1180/1398/1849 1199/1371/1850 1214/1370/1851
f 1199/1371/1852 1180/1398/1853 1183/1399/1854
f 1200/1524/1855 1211/1520/1856 1213/1523/1857
f 1211/1520/1858 1200/1524/1859 1198/1521/1860
f 1197/1896/1861 1182/1907/1862 1210/1895/1863
f 1182/1907/1864 1197/1896/1865 1188/1908/1866
f 1184/1405/1867 1215/1395/1868 1186/1393/1869
f 1215/1395/1870 1184/1405/1871 1218/1400/1872
f 1185/1384/1873 1208/1344/1874 1220/1343/1875
f 1208/1344/1876 1185/1384/1877 1189/1385/1878
f 1219/1401/1879 1206/1397/1880 1217/1396/1881
f 1206/1397/1882 1219/1401/1883 1207/1402/1884
f 1205/1906/1885 1187/1911/1886 1216/1905/1887
f 1187/1911/1888 1205/1906/1889 1190/1912/1890
f 1191/1240/1891 1221/1228/1892 1194/1206/1893
f 1221/1228/1894 1191/1240/1895 1224/1231/1896
f 1192/1368/1897 1203/1326/1898 1225/1325/1899
f 1203/1326/1900 1192/1368/1901 1193/1369/1902
f 1204/1233/1903 1222/1229/1904 1226/1232/1905
f 1222/1229/1906 1204/1233/1907 1201/1230/1908
f 1202/1910/1909 1195/1913/1910 1223/1909/1911
f 1195/1913/1912 1202/1910/1913 1196/1914/1914
usemtl pasted___GFBXASC045pintuFBXASC032FBXASC040LooseFBXASC032MeshFBXASC041SG3
f 1229/1656/1915 1231/1661/1916 1235/1655/1917
f 1231/1661/1918 1229/1656/1919 1237/1662/1920
f 1239/1698/1921 1242/1697/1922 1245/1694/1923
f 1242/1697/1924 1239/1698/1925 1248/1707/1926
f 1242/1697/1927 1248/1707/1928 1251/1706/1929
f 1251/1706/1930 1248/1707/1931 1233/1713/1932
f 1251/1706/1933 1233/1713/1934 1254/1712/1935
f 1254/1712/1936 1233/1713/1937 1230/1725/1938
f 1254/1712/1939 1230/1725/1940 1257/1724/1941
f 1257/1724/1942 1230/1725/1943 1260/1749/1944
f 1257/1724/1945 1260/1749/1946 1263/1747/1947
f 1263/1747/1948 1260/1749/1949 1266/1778/1950
f 1266/1778/1951 1260/1749/1952 1269/1763/1953
f 1266/1778/1954 1269/1763/1955 1272/1774/1956
f 1266/1778/1957 1272/1774/1958 1275/1780/1959
f 1266/1778/1960 1275/1780/1961 1278/1777/1962
f 1257/1724/1963 1281/1746/1964 1284/1748/1965
f 1281/1746/1966 1257/1724/1967 1263/1747/1968
f 1284/1748/1969 1281/1746/1970 1278/1777/1971
f 1284/1748/1972 1278/1777/1973 1287/1762/1974
f 1287/1762/1975 1278/1777/1976 1289/1773/1977
f 1289/1773/1978 1278/1777/1979 1292/1779/1980
f 1292/1779/1981 1278/1777/1982 1275/1780/1983
f 1292/1779/1984 1275/1780/1985 1295/1784/1986
f 1292/1779/1987 1295/1784/1988 1298/1783/1989
f 1298/1783/1990 1295/1784/1991 1301/1788/1992
f 1298/1783/1993 1301/1788/1994 1304/1787/1995
f 1304/1787/1996 1301/1788/1997 1307/1792/1998
f 1304/1787/1999 1307/1792/2000 1310/1791/2001
f 1310/1791/2002 1307/1792/2003 1313/1795/2004
f 1238/1703/2005 1261/1717/2006 1232/1702/2007
f 1261/1717/2008 1238/1703/2009 1317/1718/2010
f 1318/1756/2011 1271/1767/2012 1262/1754/2013
f 1271/1767/2014 1318/1756/2015 1321/1768/2016
f 1323/1673/2017 1277/1679/2018 1273/1672/2019
f 1277/1679/2020 1323/1673/2021 1327/1680/2022
f 1328/1699/2023 1331/1700/2024 1334/1695/2025
f 1331/1700/2026 1328/1699/2027 1337/1709/2028
f 1337/1709/2029 1328/1699/2030 1340/1708/2031
f 1227/1715/2032 1337/1709/2033 1340/1708/2034
f 1227/1715/2035 1340/1708/2036 1343/1714/2037
f 1227/1715/2038 1343/1714/2039 1236/1727/2040
f 1236/1727/2041 1343/1714/2042 1346/1726/2043
f 1236/1727/2044 1346/1726/2045 1316/1751/2046
f 1316/1751/2047 1346/1726/2048 1349/1750/2049
f 1316/1751/2050 1349/1750/2051 1319/1765/2052
f 1319/1765/2053 1349/1750/2054 1352/1764/2055
f 1319/1765/2056 1352/1764/2057 1322/1776/2058
f 1322/1776/2059 1352/1764/2060 1354/1775/2061
f 1322/1776/2062 1354/1775/2063 1325/1782/2064
f 1325/1782/2065 1354/1775/2066 1357/1781/2067
f 1325/1782/2068 1357/1781/2069 1360/1786/2070
f 1360/1786/2071 1357/1781/2072 1363/1785/2073
f 1360/1786/2074 1363/1785/2075 1366/1790/2076
f 1366/1790/2077 1363/1785/2078 1369/1789/2079
f 1366/1790/2080 1369/1789/2081 1372/1794/2082
f 1372/1794/2083 1369/1789/2084 1375/1793/2085
f 1372/1794/2086 1375/1793/2087 1378/1796/2088
f 1320/1741/2089 1274/1755/2090 1270/1740/2091
f 1274/1755/2092 1320/1741/2093 1324/1757/2094
f 1326/1583/2095 1297/1595/2096 1276/1582/2097
f 1297/1595/2098 1326/1583/2099 1362/1596/2100
f 1296/1468/2101 1368/1473/2102 1303/1472/2103
f 1368/1473/2104 1296/1468/2105 1361/1469/2106
f 1302/1364/2107 1373/1375/2108 1308/1374/2109
f 1373/1375/2110 1302/1364/2111 1367/1365/2112
f 1309/1128/2113 1379/1149/2114 1314/1148/2115
f 1379/1149/2116 1309/1128/2117 1374/1129/2118
f 1315/1290/2119 1377/1285/2120 1312/1284/2121
f 1377/1285/2122 1315/1290/2123 1380/1291/2124
f 1311/1434/2125 1370/1429/2126 1305/1428/2127
f 1370/1429/2128 1311/1434/2129 1376/1435/2130
f 1306/1543/2131 1364/1528/2132 1299/1527/2133
f 1364/1528/2134 1306/1543/2135 1371/1544/2136
f 1365/1664/2137 1293/1657/2138 1300/1663/2139
f 1293/1657/2140 1365/1664/2141 1358/1658/2142
f 1350/1682/2143 1259/1674/2144 1285/1681/2145
f 1259/1674/2146 1350/1682/2147 1348/1675/2148
f 1347/1598/2149 1256/1584/2150 1258/1597/2151
f 1256/1584/2152 1347/1598/2153 1345/1585/2154
f 1341/1471/2155 1255/1474/2156 1344/1475/2157
f 1255/1474/2158 1341/1471/2159 1252/1470/2160
f 1329/1367/2161 1253/1376/2162 1342/1377/2163
f 1253/1376/2164 1329/1367/2165 1243/1366/2166
f 1336/1131/2167 1244/1150/2168 1330/1151/2169
f 1244/1150/2170 1336/1131/2171 1247/1130/2172
f 1333/1289/2173 1246/1282/2174 1335/1283/2175
f 1246/1282/2176 1333/1289/2177 1241/1288/2178
f 1338/1433/2179 1240/1426/2180 1332/1427/2181
f 1240/1426/2182 1338/1433/2183 1249/1432/2184
f 1228/1542/2185 1250/1525/2186 1339/1526/2187
f 1250/1525/2188 1228/1542/2189 1234/1541/2190
f 1359/1720/2191 1290/1704/2192 1294/1719/2193
f 1290/1704/2194 1359/1720/2195 1355/1705/2196
f 1356/1770/2197 1288/1758/2198 1291/1769/2199
f 1288/1758/2200 1356/1770/2201 1353/1759/2202
f 1353/1759/2203 1286/1742/2204 1288/1758/2205
f 1286/1742/2206 1353/1759/2207 1351/1743/2208
f 1381/1123/2209 1384/1121/2210 1387/1104/2211
f 1384/1121/2212 1381/1123/2213 1390/1180/2214
f 1390/1180/2215 1381/1123/2216 1393/1145/2217
f 1390/1180/2218 1393/1145/2219 1396/1176/2220
f 1390/1180/2221 1396/1176/2222 1399/1208/2223
f 1390/1180/2224 1399/1208/2225 1402/1207/2226
f 1402/1207/2227 1399/1208/2228 1405/1234/2229
f 1405/1234/2230 1399/1208/2231 1408/1235/2232
f 1405/1234/2233 1408/1235/2234 1411/1241/2235
f 1411/1241/2236 1408/1235/2237 1414/1242/2238
f 1411/1241/2239 1414/1242/2240 1417/1251/2241
f 1417/1251/2242 1414/1242/2243 1420/1252/2244
f 1417/1251/2245 1420/1252/2246 1423/1255/2247
f 1426/1076/2248 1429/1075/2249 1432/1047/2250
f 1429/1075/2251 1426/1076/2252 1435/1083/2253
f 1435/1083/2254 1426/1076/2255 1438/1084/2256
f 1435/1083/2257 1438/1084/2258 1441/1087/2259
f 1441/1087/2260 1438/1084/2261 1444/1088/2262
f 1441/1087/2263 1444/1088/2264 1447/1103/2265
f 1447/1103/2266 1444/1088/2267 1387/1104/2268
f 1447/1103/2269 1387/1104/2270 1450/1122/2271
f 1450/1122/2272 1387/1104/2273 1453/1120/2274
f 1453/1120/2275 1387/1104/2276 1384/1121/2277
f 1450/1122/2278 1453/1120/2279 1456/1179/2280
f 1450/1122/2281 1456/1179/2282 1459/1144/2283
f 1459/1144/2284 1456/1179/2285 1461/1175/2286
f 1461/1175/2287 1456/1179/2288 1402/1207/2289
f 1402/1207/2290 1456/1179/2291 1390/1180/2292
f 1466/1137/2293 1394/1167/2294 1383/1134/2295
f 1394/1167/2296 1466/1137/2297 1468/1169/2298
f 1416/1863/2299 1471/1860/2300 1421/1859/2301
f 1471/1860/2302 1416/1863/2303 1475/1864/2304
f 1478/1096/2305 1400/1109/2306 1398/1095/2307
f 1400/1109/2308 1478/1096/2309 1480/1110/2310
f 1481/1080/2311 1409/1091/2312 1401/1079/2313
f 1409/1091/2314 1481/1080/2315 1483/1092/2316
f 1410/1855/2317 1474/1848/2318 1415/1847/2319
f 1474/1848/2320 1410/1855/2321 1484/1856/2322
f 1486/1204/2323 1463/1160/2324 1403/1202/2325
f 1463/1160/2326 1486/1204/2327 1490/1161/2328
f 1489/1173/2329 1460/1141/2330 1462/1172/2331
f 1460/1141/2332 1489/1173/2333 1492/1142/2334
f 1492/1142/2335 1451/1118/2336 1460/1141/2337
f 1451/1118/2338 1492/1142/2339 1494/1119/2340
f 1495/1112/2341 1448/1097/2342 1452/1111/2343
f 1448/1097/2344 1495/1112/2345 1497/1098/2346
f 1498/1094/2347 1442/1081/2348 1449/1093/2349
f 1442/1081/2350 1498/1094/2351 1500/1082/2352
f 1503/1858/2353 1443/1849/2354 1501/1850/2355
f 1443/1849/2356 1503/1858/2357 1436/1857/2358
f 1507/1878/2359 1431/1873/2360 1510/1874/2361
f 1431/1873/2362 1507/1878/2363 1434/1877/2364
f 1509/1866/2365 1437/1861/2366 1504/1862/2367
f 1437/1861/2368 1509/1866/2369 1430/1865/2370
f 1469/1117/2371 1397/1135/2372 1395/1116/2373
f 1397/1135/2374 1469/1117/2375 1477/1138/2376
f 1512/1223/2377 1404/1185/2378 1406/1221/2379
f 1404/1185/2380 1512/1223/2381 1487/1187/2382
f 1412/1222/2383 1513/1188/2384 1407/1186/2385
f 1513/1188/2386 1412/1222/2387 1515/1224/2388
f 1418/1203/2389 1516/1162/2390 1413/1159/2391
f 1516/1162/2392 1418/1203/2393 1518/1205/2394
f 1425/1171/2395 1519/1143/2396 1419/1140/2397
f 1519/1143/2398 1425/1171/2399 1522/1174/2400
f 1422/1875/2401 1521/1872/2402 1424/1871/2403
f 1521/1872/2404 1422/1875/2405 1472/1876/2406
f 1508/1077/2407 1523/1078/2408 1505/1062/2409
f 1523/1078/2410 1508/1077/2411 1502/1085/2412
f 1523/1078/2413 1502/1085/2414 1526/1086/2415
f 1526/1086/2416 1502/1085/2417 1499/1089/2418
f 1526/1086/2419 1499/1089/2420 1529/1090/2421
f 1529/1090/2422 1499/1089/2423 1496/1105/2424
f 1529/1090/2425 1496/1105/2426 1532/1106/2427
f 1532/1106/2428 1496/1105/2429 1493/1124/2430
f 1532/1106/2431 1493/1124/2432 1464/1125/2433
f 1464/1125/2434 1493/1124/2435 1491/1146/2436
f 1464/1125/2437 1491/1146/2438 1467/1147/2439
f 1467/1147/2440 1491/1146/2441 1488/1177/2442
f 1467/1147/2443 1488/1177/2444 1476/1178/2445
f 1476/1178/2446 1488/1177/2447 1485/1209/2448
f 1476/1178/2449 1485/1209/2450 1479/1210/2451
f 1479/1210/2452 1485/1209/2453 1511/1236/2454
f 1479/1210/2455 1511/1236/2456 1482/1237/2457
f 1482/1237/2458 1511/1236/2459 1514/1243/2460
f 1482/1237/2461 1514/1243/2462 1473/1244/2463
f 1473/1244/2464 1514/1243/2465 1517/1253/2466
f 1473/1244/2467 1517/1253/2468 1470/1254/2469
f 1470/1254/2470 1517/1253/2471 1520/1256/2472
f 1524/1170/2473 1433/1136/2474 1506/1139/2475
f 1433/1136/2476 1524/1170/2477 1427/1168/2478
f 1527/1201/2479 1428/1156/2480 1525/1157/2481
f 1428/1156/2482 1527/1201/2483 1439/1199/2484
f 1530/1219/2485 1440/1181/2486 1528/1183/2487
f 1440/1181/2488 1530/1219/2489 1445/1218/2490
f 1531/1184/2491 1388/1217/2492 1446/1182/2493
f 1388/1217/2494 1531/1184/2495 1533/1220/2496
f 1534/1158/2497 1382/1198/2498 1389/1155/2499
f 1382/1198/2500 1534/1158/2501 1465/1200/2502
f 1536/1297/2503 1538/1279/2504 1541/1278/2505
f 1538/1279/2506 1536/1297/2507 1545/1298/2508
f 1266/1778/2509 1281/1746/2510 1263/1747/2511
f 1281/1746/2512 1266/1778/2513 1278/1777/2514
f 1549/1491/2515 1551/1464/2516 1554/1463/2517
f 1551/1464/2518 1549/1491/2519 1557/1488/2520
f 1561/1517/2521 1556/1486/2522 1548/1487/2523
f 1556/1486/2524 1561/1517/2525 1563/1516/2526
f 1454/1903/2527 1566/1898/2528 1569/1897/2529
f 1566/1898/2530 1454/1903/2531 1385/1904/2532
f 1571/1422/2533 1575/1442/2534 1578/1421/2535
f 1575/1442/2536 1571/1422/2537 1583/1443/2538
f 1585/1258/2539 1589/1273/2540 1591/1257/2541
f 1589/1273/2542 1585/1258/2543 1595/1274/2544
f 1597/1336/2545 1601/1357/2546 1603/1335/2547
f 1601/1357/2548 1597/1336/2549 1607/1358/2550
f 1606/1361/2551 1610/1382/2552 1600/1360/2553
f 1610/1382/2554 1606/1361/2555 1613/1383/2556
f 1582/1447/2557 1551/1464/2558 1574/1444/2559
f 1551/1464/2560 1582/1447/2561 1554/1463/2562
f 1616/1099/2563 1618/1844/2564 1621/1843/2565
f 1618/1844/2566 1616/1099/2567 1625/1100/2568
f 1628/1153/2569 1624/1114/2570 1615/1113/2571
f 1624/1114/2572 1628/1153/2573 1631/1154/2574
f 1634/1380/2575 1636/1363/2576 1639/1362/2577
f 1636/1363/2578 1634/1380/2579 1643/1381/2580
f 1646/1882/2581 1648/1883/2582 1652/1881/2583
f 1648/1883/2584 1646/1882/2585 1654/1884/2586
f 1542/1271/2587 1657/1261/2588 1660/1260/2589
f 1657/1261/2590 1542/1271/2591 1539/1272/2592
f 1661/1245/2593 1630/1194/2594 1627/1193/2595
f 1630/1194/2596 1661/1245/2597 1658/1246/2598
f 1622/1853/2599 1645/1868/2600 1651/1867/2601
f 1645/1868/2602 1622/1853/2603 1619/1854/2604
f 1640/1355/2605 1663/1338/2606 1666/1337/2607
f 1663/1338/2608 1640/1355/2609 1637/1356/2610
f 1670/1900/2611 1457/1901/2612 1673/1899/2613
f 1457/1901/2614 1670/1900/2615 1391/1902/2616
f 1677/1636/2617 1678/1601/2618 1682/1602/2619
f 1678/1601/2620 1677/1636/2621 1685/1635/2622
f 1683/1630/2623 1687/1591/2624 1691/1592/2625
f 1687/1591/2626 1683/1630/2627 1679/1629/2628
f 1694/1481/2629 1564/1511/2630 1555/1480/2631
f 1564/1511/2632 1694/1481/2633 1698/1545/2634
f 1698/1545/2635 1694/1481/2636 1701/1561/2637
f 1701/1561/2638 1694/1481/2639 1704/1579/2640
f 1704/1579/2641 1694/1481/2642 1707/1607/2643
f 1707/1607/2644 1694/1481/2645 1710/1508/2646
f 1707/1607/2647 1710/1508/2648 1689/1637/2649
f 1689/1637/2650 1710/1508/2651 1713/1536/2652
f 1689/1637/2653 1713/1536/2654 1716/1558/2655
f 1689/1637/2656 1716/1558/2657 1680/1665/2658
f 1680/1665/2659 1716/1558/2660 1719/1576/2661
f 1680/1665/2662 1719/1576/2663 1722/1600/2664
f 1680/1665/2665 1722/1600/2666 1686/1669/2667
f 1686/1669/2668 1722/1600/2669 1725/1631/2670
f 1686/1669/2671 1725/1631/2672 1728/1678/2673
f 1728/1678/2674 1725/1631/2675 1731/1659/2676
f 1728/1678/2677 1731/1659/2678 1734/1667/2679
f 1728/1678/2680 1734/1667/2681 1737/1693/2682
f 1737/1693/2683 1734/1667/2684 1740/1671/2685
f 1737/1693/2686 1740/1671/2687 1743/1723/2688
f 1743/1723/2689 1740/1671/2690 1746/1683/2691
f 1743/1723/2692 1746/1683/2693 1749/1752/2694
f 1749/1752/2695 1746/1683/2696 1752/1701/2697
f 1749/1752/2698 1752/1701/2699 1755/1760/2700
f 1755/1760/2701 1752/1701/2702 1758/1721/2703
f 1755/1760/2704 1758/1721/2705 1761/1771/2706
f 1761/1771/2707 1758/1721/2708 1764/1729/2709
f 1761/1771/2710 1764/1729/2711 1767/1744/2712
f 1761/1771/2713 1767/1744/2714 1280/1772/2715
f 1280/1772/2716 1767/1744/2717 1283/1745/2718
f 1768/1885/2719 1772/1880/2720 1775/1879/2721
f 1772/1880/2722 1768/1885/2723 1777/1886/2724
f 1568/1893/2725 1778/1888/2726 1769/1887/2727
f 1778/1888/2728 1568/1893/2729 1565/1894/2730
f 1780/1547/2731 1754/1564/2732 1747/1546/2733
f 1754/1564/2734 1780/1547/2735 1784/1565/2736
f 1786/1409/2737 1579/1418/2738 1789/1408/2739
f 1579/1418/2740 1786/1409/2741 1572/1419/2742
f 1781/1641/2743 1741/1610/2744 1792/1611/2745
f 1741/1610/2746 1781/1641/2747 1748/1640/2748
f 1695/1493/2749 1552/1465/2750 1558/1492/2751
f 1552/1465/2752 1695/1493/2753 1576/1448/2754
f 1576/1448/2755 1695/1493/2756 1797/1484/2757
f 1576/1448/2758 1800/1452/2759 1802/1449/2760
f 1800/1452/2761 1576/1448/2762 1797/1484/2763
f 1804/1446/2764 1553/1462/2765 1581/1445/2766
f 1553/1462/2767 1804/1446/2768 1547/1489/2769
f 1547/1489/2770 1804/1446/2771 1807/1450/2772
f 1547/1489/2773 1811/1482/2774 1815/1490/2775
f 1811/1482/2776 1547/1489/2777 1807/1450/2778
f 1612/1387/2779 1790/1406/2780 1609/1386/2781
f 1790/1406/2782 1612/1387/2783 1787/1407/2784
f 1816/1846/2785 1820/1101/2786 1822/1845/2787
f 1820/1101/2788 1816/1846/2789 1826/1102/2790
f 1390/1180/2791 1453/1120/2792 1384/1121/2793
f 1453/1120/2794 1390/1180/2795 1456/1179/2796
f 1828/1192/2797 1592/1247/2798 1831/1191/2799
f 1592/1247/2800 1828/1192/2801 1586/1248/2802
f 1834/1303/2803 1604/1329/2804 1837/1302/2805
f 1604/1329/2806 1834/1303/2807 1598/1330/2808
f 1793/1650/2809 1735/1619/2810 1840/1620/2811
f 1735/1619/2812 1793/1650/2813 1742/1649/2814
f 1841/1654/2815 1726/1621/2816 1844/1622/2817
f 1726/1621/2818 1841/1654/2819 1736/1653/2820
f 1771/1870/2821 1823/1851/2822 1774/1869/2823
f 1823/1851/2824 1771/1870/2825 1817/1852/2826
f 1806/1455/2827 1573/1430/2828 1584/1454/2829
f 1573/1430/2830 1806/1455/2831 1788/1414/2832
f 1788/1414/2833 1806/1455/2834 1614/1392/2835
f 1614/1392/2836 1806/1455/2837 1608/1378/2838
f 1608/1378/2839 1806/1455/2840 1599/1346/2841
f 1599/1346/2842 1806/1455/2843 1848/1431/2844
f 1599/1346/2845 1848/1431/2846 1836/1331/2847
f 1836/1331/2848 1848/1431/2849 1851/1415/2850
f 1836/1331/2851 1851/1415/2852 1644/1394/2853
f 1836/1331/2854 1644/1394/2855 1596/1306/2856
f 1596/1306/2857 1644/1394/2858 1638/1379/2859
f 1596/1306/2860 1638/1379/2861 1665/1359/2862
f 1596/1306/2863 1665/1359/2864 1587/1286/2865
f 1587/1286/2866 1665/1359/2867 1546/1339/2868
f 1587/1286/2869 1546/1339/2870 1830/1270/2871
f 1830/1270/2872 1546/1339/2873 1540/1310/2874
f 1830/1270/2875 1540/1310/2876 1659/1296/2877
f 1830/1270/2878 1659/1296/2879 1827/1266/2880
f 1827/1266/2881 1659/1296/2882 1632/1280/2883
f 1827/1266/2884 1632/1280/2885 1818/1238/2886
f 1818/1238/2887 1632/1280/2888 1626/1269/2889
f 1818/1238/2890 1626/1269/2891 1773/1190/2892
f 1773/1190/2893 1626/1269/2894 1620/1259/2895
f 1773/1190/2896 1620/1259/2897 1779/1152/2898
f 1779/1152/2899 1620/1259/2900 1647/1239/2901
f 1779/1152/2902 1647/1239/2903 1567/1132/2904
f 1567/1132/2905 1647/1239/2906 1656/1226/2907
f 1567/1132/2908 1656/1226/2909 1671/1197/2910
f 1567/1132/2911 1671/1197/2912 1386/1127/2913
f 1386/1127/2914 1671/1197/2915 1392/1195/2916
f 1594/1277/2917 1838/1299/2918 1588/1276/2919
f 1838/1299/2920 1594/1277/2921 1835/1300/2922
f 1692/1609/2923 1705/1577/2924 1853/1578/2925
f 1705/1577/2926 1692/1609/2927 1688/1608/2928
f 1854/1589/2929 1702/1566/2930 1856/1567/2931
f 1702/1566/2932 1854/1589/2933 1706/1588/2934
f 1858/1457/2935 1279/1466/2936 1759/1456/2937
f 1279/1466/2938 1858/1457/2939 1267/1467/2940
f 1783/1499/2941 1760/1506/2942 1753/1498/2943
f 1760/1506/2944 1783/1499/2945 1859/1507/2946
f 1857/1574/2947 1699/1551/2948 1862/1552/2949
f 1699/1551/2950 1857/1574/2951 1703/1573/2952
f 1863/1560/2953 1696/1532/2954 1865/1533/2955
f 1696/1532/2956 1863/1560/2957 1700/1559/2958
f 1825/1108/2959 1832/1163/2960 1819/1107/2961
f 1832/1163/2962 1825/1108/2963 1829/1164/2964
f 1866/1540/2965 1562/1509/2966 1560/1510/2967
f 1562/1509/2968 1866/1540/2969 1697/1539/2970
f 1845/1646/2971 1684/1614/2972 1676/1615/2973
f 1684/1614/2974 1845/1646/2975 1727/1645/2976
f 1868/1416/2977 1849/1412/2978 1870/1411/2979
f 1849/1412/2980 1868/1416/2981 1847/1417/2982
f 1803/1437/2983 1580/1420/2984 1577/1436/2985
f 1580/1420/2986 1803/1437/2987 1791/1410/2988
f 1791/1410/2989 1803/1437/2990 1611/1390/2991
f 1611/1390/2992 1803/1437/2993 1602/1372/2994
f 1602/1372/2995 1803/1437/2996 1605/1342/2997
f 1605/1342/2998 1803/1437/2999 1869/1423/3000
f 1605/1342/3001 1869/1423/3002 1839/1324/3003
f 1839/1324/3004 1869/1423/3005 1872/1413/3006
f 1839/1324/3007 1872/1413/3008 1635/1391/3009
f 1839/1324/3010 1635/1391/3011 1590/1301/3012
f 1590/1301/3013 1635/1391/3014 1641/1373/3015
f 1590/1301/3016 1641/1373/3017 1668/1345/3018
f 1590/1301/3019 1668/1345/3020 1593/1281/3021
f 1593/1281/3022 1668/1345/3023 1537/1334/3024
f 1593/1281/3025 1537/1334/3026 1833/1268/3027
f 1833/1268/3028 1537/1334/3029 1543/1307/3030
f 1833/1268/3031 1543/1307/3032 1662/1287/3033
f 1833/1268/3034 1662/1287/3035 1821/1250/3036
f 1821/1250/3037 1662/1287/3038 1629/1275/3039
f 1821/1250/3040 1629/1275/3041 1824/1225/3042
f 1824/1225/3043 1629/1275/3044 1617/1267/3045
f 1824/1225/3046 1617/1267/3047 1776/1165/3048
f 1776/1165/3049 1617/1267/3050 1623/1249/3051
f 1776/1165/3052 1623/1249/3053 1770/1133/3054
f 1770/1133/3055 1623/1249/3056 1653/1227/3057
f 1770/1133/3058 1653/1227/3059 1570/1126/3060
f 1570/1126/3061 1653/1227/3062 1650/1196/3063
f 1570/1126/3064 1650/1196/3065 1674/1189/3066
f 1570/1126/3067 1674/1189/3068 1455/1115/3069
f 1455/1115/3070 1674/1189/3071 1458/1166/3072
f 1874/1557/3073 1711/1534/3074 1876/1535/3075
f 1711/1534/3076 1874/1557/3077 1715/1556/3078
f 1880/1606/3079 1720/1580/3080 1882/1581/3081
f 1720/1580/3082 1880/1606/3083 1724/1605/3084
f 1877/1538/3085 1708/1512/3086 1885/1513/3087
f 1708/1512/3088 1877/1538/3089 1712/1537/3090
f 1889/1648/3091 1744/1623/3092 1891/1624/3093
f 1744/1623/3094 1889/1648/3095 1751/1647/3096
f 1801/1438/3097 1846/1425/3098 1867/1424/3099
f 1846/1425/3100 1801/1438/3101 1805/1439/3102
f 1805/1439/3103 1801/1438/3104 1809/1441/3105
f 1809/1441/3106 1801/1438/3107 1799/1440/3108
f 1814/1478/3109 1559/1503/3110 1550/1479/3111
f 1559/1503/3112 1814/1478/3113 1864/1531/3114
f 1864/1531/3115 1814/1478/3116 1861/1555/3117
f 1861/1555/3118 1814/1478/3119 1855/1575/3120
f 1855/1575/3121 1814/1478/3122 1852/1599/3123
f 1852/1599/3124 1814/1478/3125 1887/1502/3126
f 1852/1599/3127 1887/1502/3128 1690/1632/3129
f 1690/1632/3130 1887/1502/3131 1878/1529/3132
f 1690/1632/3133 1878/1529/3134 1875/1550/3135
f 1690/1632/3136 1875/1550/3137 1681/1660/3138
f 1681/1660/3139 1875/1550/3140 1896/1570/3141
f 1681/1660/3142 1896/1570/3143 1884/1590/3144
f 1681/1660/3145 1884/1590/3146 1675/1668/3147
f 1675/1668/3148 1884/1590/3149 1881/1618/3150
f 1675/1668/3151 1881/1618/3152 1843/1676/3153
f 1843/1676/3154 1881/1618/3155 1899/1644/3156
f 1843/1676/3157 1899/1644/3158 1902/1666/3159
f 1843/1676/3160 1902/1666/3161 1842/1691/3162
f 1842/1691/3163 1902/1666/3164 1905/1670/3165
f 1842/1691/3166 1905/1670/3167 1794/1711/3168
f 1794/1711/3169 1905/1670/3170 1893/1677/3171
f 1794/1711/3172 1893/1677/3173 1782/1739/3174
f 1782/1739/3175 1893/1677/3176 1890/1692/3177
f 1782/1739/3178 1890/1692/3179 1785/1753/3180
f 1785/1753/3181 1890/1692/3182 1908/1710/3183
f 1785/1753/3184 1908/1710/3185 1860/1761/3186
f 1860/1761/3187 1908/1710/3188 1911/1722/3189
f 1860/1761/3190 1911/1722/3191 1914/1728/3192
f 1860/1761/3193 1914/1728/3194 1268/1766/3195
f 1268/1766/3196 1914/1728/3197 1265/1738/3198
f 1895/1572/3199 1714/1553/3200 1873/1554/3201
f 1714/1553/3202 1895/1572/3203 1718/1571/3204
f 1892/1652/3205 1738/1625/3206 1903/1626/3207
f 1738/1625/3208 1892/1652/3209 1745/1651/3210
f 1904/1643/3211 1732/1616/3212 1900/1617/3213
f 1732/1616/3214 1904/1643/3215 1739/1642/3216
f 1898/1628/3217 1723/1593/3218 1879/1594/3219
f 1723/1593/3220 1898/1628/3221 1730/1627/3222
f 1813/1497/3223 1795/1494/3224 1810/1495/3225
f 1795/1494/3226 1813/1497/3227 1693/1496/3228
f 1693/1496/3229 1813/1497/3230 1886/1515/3231
f 1693/1496/3232 1886/1515/3233 1709/1514/3234
f 1667/1327/3235 1544/1305/3236 1535/1304/3237
f 1544/1305/3238 1667/1327/3239 1664/1328/3240
f 1909/1501/3241 1766/1504/3242 1762/1500/3243
f 1766/1504/3244 1909/1501/3245 1913/1505/3246
f 1796/1483/3247 1808/1453/3248 1798/1451/3249
f 1808/1453/3250 1796/1483/3251 1812/1485/3252
f 1907/1639/3253 1750/1612/3254 1888/1613/3255
f 1750/1612/3256 1907/1639/3257 1757/1638/3258
f 1655/1890/3259 1672/1891/3260 1649/1889/3261
f 1672/1891/3262 1655/1890/3263 1669/1892/3264
f 1912/1459/3265 1282/1460/3266 1765/1458/3267
f 1282/1460/3268 1912/1459/3269 1264/1461/3270
f 1906/1549/3271 1763/1562/3272 1756/1548/3273
f 1763/1562/3274 1906/1549/3275 1910/1563/3276
f 1883/1587/3277 1717/1568/3278 1894/1569/3279
f 1717/1568/3280 1883/1587/3281 1721/1586/3282
f 1901/1634/3283 1729/1603/3284 1897/1604/3285
f 1729/1603/3286 1901/1634/3287 1733/1633/3288
f 1871/1403/3289 1642/1389/3290 1633/1388/3291
f 1642/1389/3292 1871/1403/3293 1850/1404/3294
g default
v 0.212483 2.920027 -0.757968
v 0.212483 2.920027 -0.757968
v 0.212483 2.920027 -0.757968
v -0.016754 2.981452 6.599096
v -0.016754 2.981452 6.599096
v -0.016754 2.981452 6.599096
v -0.016754 2.981451 -0.757960
v -0.016754 2.981451 -0.757960
v -0.016754 2.981451 -0.757960
v 0.212483 2.920028 6.599087
v 0.212483 2.920028 6.599087
v 0.212483 2.920028 6.599087
v -0.074169 1.850255 6.599099
v -0.074169 1.850255 6.599099
v -0.074169 1.850255 6.599099
v -0.074169 1.850255 -0.757957
v -0.074169 1.850255 -0.757957
v -0.074169 1.850255 -0.757957
v -0.303375 1.911679 6.599077
v -0.303375 1.911679 6.599077
v -0.303375 1.911679 6.599077
v -0.303375 1.911678 -0.757948
v -0.303375 1.911678 -0.757948
v -0.303375 1.911678 -0.757948
v 0.212483 3.841770 -0.757964
v 0.212483 3.841770 -0.757964
v 0.212483 3.841770 -0.757964
v -0.016754 3.903193 6.599100
v -0.016754 3.903193 6.599100
v -0.016754 3.903193 6.599100
v -0.016754 3.903194 -0.757955
v -0.016754 3.903194 -0.757955
v -0.016754 3.903194 -0.757955
v 0.212483 3.841773 6.599092
v 0.212483 3.841773 6.599092
v 0.212483 3.841773 6.599092
v -0.074169 2.771998 6.599072
v -0.074169 2.771998 6.599072
v -0.074169 2.771998 6.599072
v -0.074169 2.771999 -0.757952
v -0.074169 2.771999 -0.757952
v -0.074169 2.771999 -0.757952
v -0.303375 2.833425 6.599082
v -0.303375 2.833425 6.599082
v -0.303375 2.833425 6.599082
v -0.303375 2.833424 -0.757974
v -0.303375 2.833424 -0.757974
v -0.303375 2.833424 -0.757974
v -0.303375 3.755168 6.599086
v -0.303375 3.755168 6.599086
v -0.303375 3.755168 6.599086
v 0.212483 4.763515 6.599096
v 0.212483 4.763515 6.599096
v 0.212483 4.763515 6.599096
v -0.074169 3.693744 6.599077
v -0.074169 3.693744 6.599077
v -0.074169 3.693744 6.599077
v -0.016754 4.824939 6.599104
v -0.016754 4.824939 6.599104
v -0.016754 4.824939 6.599104
v 0.212483 4.763515 -0.757960
v 0.212483 4.763515 -0.757960
v 0.212483 4.763515 -0.757960
v -0.074169 3.693745 -0.757948
v -0.074169 3.693745 -0.757948
v -0.074169 3.693745 -0.757948
v -0.303375 3.755169 -0.757970
v -0.303375 3.755169 -0.757970
v -0.303375 3.755169 -0.757970
v -0.016754 4.824940 -0.757951
v -0.016754 4.824940 -0.757951
v -0.016754 4.824940 -0.757951
v -0.016754 5.746689 -0.757977
v -0.016754 5.746689 -0.757977
v -0.016754 5.746689 -0.757977
v -0.303375 4.676913 6.599090
v -0.303375 4.676913 6.599090
v -0.303375 4.676913 6.599090
v -0.303375 4.676914 -0.757966
v -0.303375 4.676914 -0.757966
v -0.303375 4.676914 -0.757966
v -0.016754 5.746688 6.599078
v -0.016754 5.746688 6.599078
v -0.016754 5.746688 6.599078
v -0.074169 4.615489 6.599081
v -0.074169 4.615489 6.599081
v -0.074169 4.615489 6.599081
v -0.074169 4.615490 -0.757975
v -0.074169 4.615490 -0.757975
v -0.074169 4.615490 -0.757975
v 0.212483 5.685265 -0.757956
v 0.212483 5.685265 -0.757956
v 0.212483 5.685265 -0.757956
v 0.212483 5.685264 6.599100
v 0.212483 5.685264 6.599100
v 0.212483 5.685264 6.599100
v -0.016754 1.137960 -0.757968
v -0.016754 1.137960 -0.757968
v -0.016754 1.137960 -0.757968
v -0.303375 0.068191 6.599099
v -0.303375 0.068191 6.599099
v -0.303375 0.068191 6.599099
v -0.303375 0.068188 -0.757956
v -0.303375 0.068188 -0.757956
v -0.303375 0.068188 -0.757956
v -0.016754 1.137961 6.599088
v -0.016754 1.137961 6.599088
v -0.016754 1.137961 6.599088
v -0.074169 0.006766 6.599091
v -0.074169 0.006766 6.599091
v -0.074169 0.006766 6.599091
v -0.074169 0.006765 -0.757965
v -0.074169 0.006765 -0.757965
v -0.074169 0.006765 -0.757965
v 0.212483 1.076537 -0.757946
v 0.212483 1.076537 -0.757946
v 0.212483 1.076537 -0.757946
v 0.212483 1.076537 6.599079
v 0.212483 1.076537 6.599079
v 0.212483 1.076537 6.599079
v -0.016754 2.059706 -0.757964
v -0.016754 2.059706 -0.757964
v -0.016754 2.059706 -0.757964
v -0.303375 0.989934 6.599073
v -0.303375 0.989934 6.599073
v -0.303375 0.989934 6.599073
v -0.303375 0.989933 -0.757952
v -0.303375 0.989933 -0.757952
v -0.303375 0.989933 -0.757952
v -0.016754 2.059706 6.599092
v -0.016754 2.059706 6.599092
v -0.016754 2.059706 6.599092
v -0.074169 0.928510 6.599095
v -0.074169 0.928510 6.599095
v -0.074169 0.928510 6.599095
v -0.074169 0.928510 -0.757961
v -0.074169 0.928510 -0.757961
v -0.074169 0.928510 -0.757961
v 0.212483 1.998281 -0.757973
v 0.212483 1.998281 -0.757973
v 0.212483 1.998281 -0.757973
v 0.212483 1.998282 6.599083
v 0.212483 1.998282 6.599083
v 0.212483 1.998282 6.599083
v -0.303375 12.050879 6.599093
v -0.303375 12.050879 6.599093
v -0.303375 12.050879 6.599093
v 0.212483 13.059226 6.599103
v 0.212483 13.059226 6.599103
v 0.212483 13.059226 6.599103
v -0.074169 11.989448 6.599084
v -0.074169 11.989448 6.599084
v -0.074169 11.989448 6.599084
v -0.016754 13.120658 6.599082
v -0.016754 13.120658 6.599082
v -0.016754 13.120658 6.599082
v 0.212483 13.059219 -0.757953
v 0.212483 13.059219 -0.757953
v 0.212483 13.059219 -0.757953
v -0.074169 11.989441 -0.757971
v -0.074169 11.989441 -0.757971
v -0.074169 11.989441 -0.757971
v -0.303375 12.050873 -0.757962
v -0.303375 12.050873 -0.757962
v -0.303375 12.050873 -0.757962
v -0.016754 13.120651 -0.757974
v -0.016754 13.120651 -0.757974
v -0.016754 13.120651 -0.757974
v -0.303375 7.442145 6.599103
v -0.303375 7.442145 6.599103
v -0.303375 7.442145 6.599103
v 0.212483 8.450492 6.599082
v 0.212483 8.450492 6.599082
v 0.212483 8.450492 6.599082
v -0.074169 7.380721 6.599094
v -0.074169 7.380721 6.599094
v -0.074169 7.380721 6.599094
v -0.016754 8.511916 6.599091
v -0.016754 8.511916 6.599091
v -0.016754 8.511916 6.599091
v 0.212483 8.450493 -0.757974
v 0.212483 8.450493 -0.757974
v 0.212483 8.450493 -0.757974
v -0.074169 7.380722 -0.757962
v -0.074169 7.380722 -0.757962
v -0.074169 7.380722 -0.757962
v -0.303375 7.442146 -0.757953
v -0.303375 7.442146 -0.757953
v -0.303375 7.442146 -0.757953
v -0.016754 8.511917 -0.757965
v -0.016754 8.511917 -0.757965
v -0.016754 8.511917 -0.757965
v 0.212483 10.293991 -0.757965
v 0.212483 10.293991 -0.757965
v 0.212483 10.293991 -0.757965
v -0.303375 9.285637 -0.757975
v -0.303375 9.285637 -0.757975
v -0.303375 9.285637 -0.757975
v -0.074169 9.224213 -0.757953
v -0.074169 9.224213 -0.757953
v -0.074169 9.224213 -0.757953
v -0.016754 10.355408 -0.757956
v -0.016754 10.355408 -0.757956
v -0.016754 10.355408 -0.757956
v -0.074169 9.224212 6.599102
v -0.074169 9.224212 6.599102
v -0.074169 9.224212 6.599102
v 0.212483 10.293998 6.599091
v 0.212483 10.293998 6.599091
v 0.212483 10.293998 6.599091
v -0.016754 10.355414 6.599099
v -0.016754 10.355414 6.599099
v -0.016754 10.355414 6.599099
v -0.303375 9.285644 6.599081
v -0.303375 9.285644 6.599081
v -0.303375 9.285644 6.599081
v 0.212483 13.980972 -0.757979
v 0.212483 13.980972 -0.757979
v 0.212483 13.980972 -0.757979
v -0.016754 14.042396 6.599086
v -0.016754 14.042396 6.599086
v -0.016754 14.042396 6.599086
v -0.016754 14.042389 -0.757970
v -0.016754 14.042389 -0.757970
v -0.016754 14.042389 -0.757970
v 0.212483 13.980979 6.599077
v 0.212483 13.980979 6.599077
v 0.212483 13.980979 6.599077
v -0.074169 12.911201 6.599089
v -0.074169 12.911201 6.599089
v -0.074169 12.911201 6.599089
v -0.074169 12.911194 -0.757967
v -0.074169 12.911194 -0.757967
v -0.074169 12.911194 -0.757967
v -0.303375 12.972632 6.599098
v -0.303375 12.972632 6.599098
v -0.303375 12.972632 6.599098
v -0.303375 12.972626 -0.757958
v -0.303375 12.972626 -0.757958
v -0.303375 12.972626 -0.757958
v 0.212483 11.215729 -0.757961
v 0.212483 11.215729 -0.757961
v 0.212483 11.215729 -0.757961
v -0.303375 10.207382 -0.757971
v -0.303375 10.207382 -0.757971
v -0.303375 10.207382 -0.757971
v -0.074169 10.145966 -0.757980
v -0.074169 10.145966 -0.757980
v -0.074169 10.145966 -0.757980
v -0.016754 11.277161 -0.757952
v -0.016754 11.277161 -0.757952
v -0.016754 11.277161 -0.757952
v -0.074169 10.145972 6.599076
v -0.074169 10.145972 6.599076
v -0.074169 10.145972 6.599076
v 0.212483 11.215735 6.599095
v 0.212483 11.215735 6.599095
v 0.212483 11.215735 6.599095
v -0.016754 11.277167 6.599103
v -0.016754 11.277167 6.599103
v -0.016754 11.277167 6.599103
v -0.303375 10.207389 6.599085
v -0.303375 10.207389 6.599085
v -0.303375 10.207389 6.599085
v 0.212483 7.528748 -0.757978
v 0.212483 7.528748 -0.757978
v 0.212483 7.528748 -0.757978
v -0.303375 6.520401 -0.757957
v -0.303375 6.520401 -0.757957
v -0.303375 6.520401 -0.757957
v -0.074169 6.458977 -0.757966
v -0.074169 6.458977 -0.757966
v -0.074169 6.458977 -0.757966
v -0.016754 7.590172 -0.757969
v -0.016754 7.590172 -0.757969
v -0.016754 7.590172 -0.757969
v -0.074169 6.458976 6.599090
v -0.074169 6.458976 6.599090
v -0.074169 6.458976 6.599090
v 0.212483 7.528754 6.599078
v 0.212483 7.528754 6.599078
v 0.212483 7.528754 6.599078
v -0.016754 7.590171 6.599087
v -0.016754 7.590171 6.599087
v -0.016754 7.590171 6.599087
v -0.303375 6.520400 6.599098
v -0.303375 6.520400 6.599098
v -0.303375 6.520400 6.599098
v -0.016754 9.433662 -0.757961
v -0.016754 9.433662 -0.757961
v -0.016754 9.433662 -0.757961
v -0.303375 8.363891 6.599076
v -0.303375 8.363891 6.599076
v -0.303375 8.363891 6.599076
v -0.303375 8.363892 -0.757979
v -0.303375 8.363892 -0.757979
v -0.303375 8.363892 -0.757979
v -0.016754 9.433669 6.599095
v -0.016754 9.433669 6.599095
v -0.016754 9.433669 6.599095
v -0.074169 8.302466 6.599098
v -0.074169 8.302466 6.599098
v -0.074169 8.302466 6.599098
v -0.074169 8.302467 -0.757957
v -0.074169 8.302467 -0.757957
v -0.074169 8.302467 -0.757957
v 0.212483 9.372238 -0.757969
v 0.212483 9.372238 -0.757969
v 0.212483 9.372238 -0.757969
v 0.212483 9.372245 6.599086
v 0.212483 9.372245 6.599086
v 0.212483 9.372245 6.599086
v 0.212483 12.137482 -0.757957
v 0.212483 12.137482 -0.757957
v 0.212483 12.137482 -0.757957
v -0.016754 12.198905 6.599077
v -0.016754 12.198905 6.599077
v -0.016754 12.198905 6.599077
v -0.016754 12.198898 -0.757978
v -0.016754 12.198898 -0.757978
v -0.016754 12.198898 -0.757978
v 0.212483 12.137488 6.599099
v 0.212483 12.137488 6.599099
v 0.212483 12.137488 6.599099
v -0.074169 11.067710 6.599080
v -0.074169 11.067710 6.599080
v -0.074169 11.067710 6.599080
v -0.074169 11.067703 -0.757976
v -0.074169 11.067703 -0.757976
v -0.074169 11.067703 -0.757976
v -0.303375 11.129142 6.599089
v -0.303375 11.129142 6.599089
v -0.303375 11.129142 6.599089
v -0.303375 11.129135 -0.757967
v -0.303375 11.129135 -0.757967
v -0.303375 11.129135 -0.757967
v -0.074169 5.537234 6.599085
v -0.074169 5.537234 6.599085
v -0.074169 5.537234 6.599085
v 0.212483 6.607010 -0.757951
v 0.212483 6.607010 -0.757951
v 0.212483 6.607010 -0.757951
v -0.074169 5.537235 -0.757970
v -0.074169 5.537235 -0.757970
v -0.074169 5.537235 -0.757970
v 0.212483 6.607009 6.599104
v 0.212483 6.607009 6.599104
v 0.212483 6.607009 6.599104
v -0.303375 5.598656 -0.757962
v -0.303375 5.598656 -0.757962
v -0.303375 5.598656 -0.757962
v -0.303375 5.598655 6.599094
v -0.303375 5.598655 6.599094
v -0.303375 5.598655 6.599094
v -0.016754 6.668433 6.599082
v -0.016754 6.668433 6.599082
v -0.016754 6.668433 6.599082
v -0.016754 6.668427 -0.757973
v -0.016754 6.668427 -0.757973
v -0.016754 6.668427 -0.757973
v -0.074169 13.832938 6.599093
v -0.074169 13.832938 6.599093
v -0.074169 13.832938 6.599093
v 0.212483 14.902710 -0.757975
v 0.212483 14.902710 -0.757975
v 0.212483 14.902710 -0.757975
v -0.074169 13.832932 -0.757963
v -0.074169 13.832932 -0.757963
v -0.074169 13.832932 -0.757963
v 0.212483 14.902717 6.599081
v 0.212483 14.902717 6.599081
v 0.212483 14.902717 6.599081
v -0.303375 13.894363 -0.757954
v -0.303375 13.894363 -0.757954
v -0.303375 13.894363 -0.757954
v -0.303375 13.894370 6.599102
v -0.303375 13.894370 6.599102
v -0.303375 13.894370 6.599102
v -0.016754 14.964149 6.599090
v -0.016754 14.964149 6.599090
v -0.016754 14.964149 6.599090
v -0.016754 14.964142 -0.757966
v -0.016754 14.964142 -0.757966
v -0.016754 14.964142 -0.757966
v 0.195656 15.761566 -0.757953
v 0.195656 15.761566 -0.757953
v 0.195656 15.761566 -0.757953
v -0.303375 14.816025 -0.757980
v -0.303375 14.816025 -0.757980
v -0.303375 14.816025 -0.757980
v -0.074169 14.754684 -0.757958
v -0.074169 14.754684 -0.757958
v -0.074169 14.754684 -0.757958
v -0.079004 15.653473 -0.757961
v -0.079004 15.653473 -0.757961
v -0.079004 15.653473 -0.757961
v -0.074169 14.754691 6.599097
v -0.074169 14.754691 6.599097
v -0.074169 14.754691 6.599097
v 0.195656 15.761573 6.599103
v 0.195656 15.761573 6.599103
v 0.195656 15.761573 6.599103
v -0.079004 15.653480 6.599095
v -0.079004 15.653480 6.599095
v -0.079004 15.653480 6.599095
v -0.303375 14.816108 6.599106
v -0.303375 14.816108 6.599106
v -0.303375 14.816108 6.599106
vt 0.650387 1.062473
vt 0.689531 1.062473
vt 0.702159 1.062473
vt 0.844846 1.062473
vt 0.857475 1.062473
vt 0.896618 1.062473
vt 0.909246 1.062473
vt 0.957233 1.062473
vt 0.534215 1.062473
vt 0.546844 1.062473
vt 0.585987 1.062473
vt 0.598615 1.062473
vt 0.637759 1.062473
vt 0.495072 1.062473
vt 0.482444 1.062473
vt 0.443300 1.062473
vt 0.430672 1.062473
vt 0.391528 1.062473
vt 0.378900 1.062473
vt 0.339756 1.062473
vt 0.327128 1.062473
vt 0.287985 1.062473
vt 0.275356 1.062473
vt 0.273827 1.062473
vt 0.260027 1.062473
vt 0.259955 1.062473
vt 0.246154 1.062473
vt 0.246082 1.062473
vt 0.236213 1.062473
vt 0.232282 1.062473
vt 0.232210 1.062473
vt 0.223585 1.062473
vt 0.218410 1.062473
vt 0.218338 1.062473
vt 0.204538 1.062473
vt 0.204466 1.062473
vt 0.190666 1.062473
vt 0.190593 1.062473
vt 0.184441 1.062473
vt 0.176793 1.062473
vt 0.176721 1.062473
vt 0.171813 1.062473
vt 0.162921 1.062473
vt 0.162849 1.062473
vt 0.149049 1.062473
vt 0.148977 1.062473
vt 0.135177 1.062473
vt 0.135105 1.062473
vt 0.741303 1.062473
vt 0.753931 1.062473
vt 0.793075 1.062473
vt 0.805703 1.062473
vt 0.132669 1.062473
vt 0.121305 1.062473
vt 0.121232 1.062473
vt 0.120041 1.062473
vt 0.107432 1.062473
vt 0.107360 1.062473
vt 0.093560 1.062473
vt 0.093488 1.062473
vt 0.079688 1.062473
vt 0.079616 1.062473
vt 0.068269 1.062473
vt 0.065816 1.062473
vt 0.065744 1.062473
vt 0.051944 1.062473
vt 0.555810 1.460275
vt 0.609408 1.460275
vt 0.663006 1.460275
vt 0.716604 1.460275
vt 0.770202 1.460275
vt 0.823800 1.460275
vt 0.877399 1.460275
vt 0.930997 1.460275
vt 0.502212 1.460275
vt 0.448614 1.460275
vt 0.395015 1.460275
vt 0.341417 1.460275
vt 0.287819 1.460275
vt 0.234221 1.460275
vt 0.180623 1.460275
vt 0.127025 1.460275
vt 0.980938 1.461255
vt 0.559381 1.473605
vt 0.612980 1.473605
vt 0.666578 1.473605
vt 0.720176 1.473605
vt 0.773774 1.473605
vt 0.827372 1.473605
vt 0.880970 1.473605
vt 0.934568 1.473605
vt 0.505783 1.473605
vt 0.452185 1.473605
vt 0.398587 1.473605
vt 0.344989 1.473605
vt 0.291391 1.473605
vt 0.237793 1.473605
vt 0.184195 1.473605
vt 0.130596 1.473605
vt 0.547202 1.476943
vt 0.600800 1.476943
vt 0.654398 1.476943
vt 0.707997 1.476943
vt 0.761595 1.476943
vt 0.815193 1.476943
vt 0.868791 1.476943
vt 0.922389 1.476943
vt 0.493604 1.476943
vt 0.440006 1.476943
vt 0.386408 1.476943
vt 0.332810 1.476943
vt 0.279212 1.476943
vt 0.225614 1.476943
vt 0.172015 1.476943
vt 0.118417 1.476943
vt 0.064819 1.476943
vt 0.974652 1.477226
vt 0.909246 1.490273
vt 0.909246 1.490273
vt 0.925961 1.490273
vt 0.925961 1.490273
vt 0.947028 1.490273
vt 0.957233 1.490273
vt 0.534215 1.490273
vt 0.534215 1.490273
vt 0.546844 1.490273
vt 0.546844 1.490273
vt 0.550774 1.490273
vt 0.550774 1.490273
vt 0.585987 1.490273
vt 0.585987 1.490273
vt 0.598615 1.490273
vt 0.598615 1.490273
vt 0.604372 1.490273
vt 0.604372 1.490273
vt 0.637759 1.490273
vt 0.637759 1.490273
vt 0.650387 1.490273
vt 0.650387 1.490273
vt 0.657970 1.490273
vt 0.657970 1.490273
vt 0.689531 1.490273
vt 0.689531 1.490273
vt 0.702159 1.490273
vt 0.702159 1.490273
vt 0.711568 1.490273
vt 0.711568 1.490273
vt 0.741303 1.490273
vt 0.741303 1.490273
vt 0.753931 1.490273
vt 0.753931 1.490273
vt 0.765166 1.490273
vt 0.765166 1.490273
vt 0.793074 1.490273
vt 0.793074 1.490273
vt 0.805703 1.490273
vt 0.805703 1.490273
vt 0.818765 1.490273
vt 0.818765 1.490273
vt 0.844846 1.490273
vt 0.844846 1.490273
vt 0.857475 1.490273
vt 0.857475 1.490273
vt 0.872363 1.490273
vt 0.872363 1.490273
vt 0.896618 1.490273
vt 0.896618 1.490273
vt 0.497176 1.490273
vt 0.497176 1.490273
vt 0.495072 1.490273
vt 0.495072 1.490273
vt 0.482444 1.490273
vt 0.482444 1.490273
vt 0.443578 1.490273
vt 0.443578 1.490273
vt 0.443300 1.490273
vt 0.443300 1.490273
vt 0.430672 1.490273
vt 0.430672 1.490273
vt 0.427325 1.490273
vt 0.410161 1.490273
vt 0.391528 1.490273
vt 0.391528 1.490273
vt 0.389980 1.490273
vt 0.389980 1.490273
vt 0.378900 1.490273
vt 0.378900 1.490273
vt 0.339756 1.490273
vt 0.339756 1.490273
vt 0.336381 1.490273
vt 0.336381 1.490273
vt 0.327128 1.490273
vt 0.327128 1.490273
vt 0.287985 1.490273
vt 0.287985 1.490273
vt 0.287699 1.490273
vt 0.282783 1.490273
vt 0.282783 1.490273
vt 0.275356 1.490273
vt 0.275356 1.490273
vt 0.273899 1.490273
vt 0.273827 1.490273
vt 0.273827 1.490273
vt 0.260027 1.490273
vt 0.260027 1.490273
vt 0.259955 1.490273
vt 0.259955 1.490273
vt 0.246154 1.490273
vt 0.246154 1.490273
vt 0.246082 1.490273
vt 0.246082 1.490273
vt 0.236213 1.490273
vt 0.236213 1.490273
vt 0.232282 1.490273
vt 0.232282 1.490273
vt 0.232210 1.490273
vt 0.232210 1.490273
vt 0.229185 1.490273
vt 0.229185 1.490273
vt 0.223585 1.490273
vt 0.223585 1.490273
vt 0.218410 1.490273
vt 0.218410 1.490273
vt 0.218338 1.490273
vt 0.218338 1.490273
vt 0.204538 1.490273
vt 0.204538 1.490273
vt 0.204466 1.490273
vt 0.204466 1.490273
vt 0.190666 1.490273
vt 0.190666 1.490273
vt 0.190593 1.490273
vt 0.190593 1.490273
vt 0.184441 1.490273
vt 0.184441 1.490273
vt 0.176793 1.490273
vt 0.176793 1.490273
vt 0.176721 1.490273
vt 0.176721 1.490273
vt 0.175587 1.490273
vt 0.175587 1.490273
vt 0.171813 1.490273
vt 0.171813 1.490273
vt 0.162921 1.490273
vt 0.162921 1.490273
vt 0.162849 1.490273
vt 0.162849 1.490273
vt 0.149049 1.490273
vt 0.149049 1.490273
vt 0.148977 1.490273
vt 0.148977 1.490273
vt 0.135177 1.490273
vt 0.135177 1.490273
vt 0.135105 1.490273
vt 0.135105 1.490273
vt 0.132669 1.490273
vt 0.132669 1.490273
vt 0.121989 1.490273
vt 0.121989 1.490273
vt 0.121305 1.490273
vt 0.121305 1.490273
vt 0.121232 1.490273
vt 0.121232 1.490273
vt 0.107432 1.490273
vt 0.107432 1.490273
vt 0.107360 1.490273
vt 0.107360 1.490273
vt 0.093560 1.490273
vt 0.093560 1.490273
vt 0.093488 1.490273
vt 0.093488 1.490273
vt 0.079688 1.490273
vt 0.079688 1.490273
vt 0.079616 1.490273
vt 0.079616 1.490273
vt 0.068391 1.490273
vt 0.068391 1.490273
vt 0.068269 1.490273
vt 0.068269 1.490273
vt 0.065816 1.490273
vt 0.065816 1.490273
vt 0.065743 1.490273
vt 0.065743 1.490273
vt 0.051944 1.490273
vt 0.051944 1.490273
vt 0.120041 1.490273
vt 0.120041 1.490273
vt 0.974652 1.503320
vt 0.547202 1.503603
vt 0.600800 1.503603
vt 0.654398 1.503603
vt 0.707997 1.503603
vt 0.761595 1.503603
vt 0.815193 1.503603
vt 0.868791 1.503603
vt 0.922389 1.503603
vt 0.493604 1.503603
vt 0.440006 1.503603
vt 0.386408 1.503603
vt 0.332810 1.503603
vt 0.279212 1.503603
vt 0.225614 1.503603
vt 0.172015 1.503603
vt 0.118417 1.503603
vt 0.064819 1.503603
vt 0.559381 1.506941
vt 0.612980 1.506941
vt 0.666578 1.506941
vt 0.720176 1.506941
vt 0.773774 1.506941
vt 0.827372 1.506941
vt 0.880970 1.506941
vt 0.934568 1.506941
vt 0.505783 1.506941
vt 0.452185 1.506941
vt 0.398587 1.506941
vt 0.344989 1.506941
vt 0.291391 1.506941
vt 0.237793 1.506941
vt 0.184195 1.506941
vt 0.130596 1.506941
vt 0.980938 1.519291
vt 0.877399 1.520271
vt 0.930997 1.520271
vt 0.555810 1.520271
vt 0.609408 1.520271
vt 0.663006 1.520271
vt 0.716604 1.520271
vt 0.770202 1.520271
vt 0.823800 1.520271
vt 0.502212 1.520271
vt 0.448614 1.520271
vt 0.395015 1.520271
vt 0.341417 1.520271
vt 0.287819 1.520271
vt 0.234221 1.520271
vt 0.180623 1.520271
vt 0.127025 1.520271
vt 0.909247 1.918074
vt 0.947028 1.918074
vt 0.534216 1.918074
vt 0.546844 1.918074
vt 0.585987 1.918074
vt 0.598616 1.918074
vt 0.637759 1.918074
vt 0.650387 1.918074
vt 0.689531 1.918074
vt 0.702159 1.918074
vt 0.741303 1.918074
vt 0.753931 1.918074
vt 0.793075 1.918074
vt 0.805703 1.918074
vt 0.844846 1.918074
vt 0.857475 1.918074
vt 0.896618 1.918074
vt 0.495072 1.918074
vt 0.482444 1.918074
vt 0.443300 1.918074
vt 0.430672 1.918074
vt 0.427325 1.918074
vt 0.410161 1.918074
vt 0.391528 1.918074
vt 0.378900 1.918074
vt 0.339756 1.918074
vt 0.327128 1.918074
vt 0.287985 1.918074
vt 0.287699 1.918074
vt 0.275356 1.918074
vt 0.273899 1.918074
vt 0.273827 1.918074
vt 0.260027 1.918074
vt 0.259955 1.918074
vt 0.246155 1.918074
vt 0.246082 1.918074
vt 0.236213 1.918074
vt 0.232282 1.918074
vt 0.232210 1.918074
vt 0.223585 1.918074
vt 0.218410 1.918074
vt 0.218338 1.918074
vt 0.204538 1.918074
vt 0.204466 1.918074
vt 0.190666 1.918074
vt 0.190593 1.918074
vt 0.184441 1.918074
vt 0.176793 1.918074
vt 0.176721 1.918074
vt 0.171813 1.918074
vt 0.162921 1.918074
vt 0.162849 1.918074
vt 0.149049 1.918074
vt 0.148977 1.918074
vt 0.135177 1.918074
vt 0.135105 1.918074
vt 0.132669 1.918074
vt 0.121305 1.918074
vt 0.121232 1.918074
vt 0.120041 1.918074
vt 0.107432 1.918074
vt 0.107360 1.918074
vt 0.093560 1.918074
vt 0.093488 1.918074
vt 0.079688 1.918074
vt 0.079616 1.918074
vt 0.068269 1.918074
vt 0.065816 1.918074
vt 0.065744 1.918074
vt 0.051944 1.918074
vn 0.258820 0.965926 -0.000000
vn 0.258820 0.965926 -0.000000
vn 0.258820 0.965926 -0.000000
vn 0.258817 0.965927 -0.000000
vn 0.258817 0.965927 -0.000000
vn 0.258817 0.965927 -0.000000
vn 0.258817 0.965927 -0.000000
vn 0.258817 0.965927 -0.000000
vn 0.258817 0.965927 -0.000000
vn 0.258817 0.965927 -0.000000
vn 0.258817 0.965927 -0.000000
vn 0.258817 0.965927 -0.000000
vn -0.965926 0.258820 0.000000
vn -0.965926 0.258820 0.000000
vn -0.965926 0.258820 0.000000
vn -0.965926 0.258820 0.000000
vn -0.965926 0.258820 0.000000
vn -0.965926 0.258820 0.000000
vn -0.258818 -0.965926 0.000000
vn -0.258818 -0.965926 0.000000
vn -0.258818 -0.965926 0.000000
vn -0.258817 -0.965926 0.000000
vn -0.258817 -0.965926 0.000000
vn -0.258817 -0.965926 0.000000
vn -0.965926 0.258820 0.000000
vn -0.965926 0.258820 0.000000
vn -0.965926 0.258820 0.000000
vn -0.965926 0.258820 0.000000
vn -0.965926 0.258820 0.000000
vn -0.965926 0.258820 0.000000
vn 0.965926 -0.258820 -0.000000
vn 0.965926 -0.258820 -0.000000
vn 0.965926 -0.258820 -0.000000
vn 0.965925 -0.258821 -0.000000
vn 0.965925 -0.258821 -0.000000
vn 0.965925 -0.258821 -0.000000
vn 0.965926 -0.258820 -0.000000
vn 0.965926 -0.258820 -0.000000
vn 0.965926 -0.258820 -0.000000
vn 0.965926 -0.258820 -0.000000
vn 0.965926 -0.258820 -0.000000
vn 0.965926 -0.258820 -0.000000
vn 0.258817 0.965927 -0.000000
vn 0.258817 0.965927 -0.000000
vn 0.258817 0.965927 -0.000000
vn 0.258820 0.965926 -0.000000
vn 0.258820 0.965926 -0.000000
vn 0.258820 0.965926 -0.000000
vn 0.258831 0.965923 -0.000000
vn 0.258831 0.965923 -0.000000
vn 0.258831 0.965923 -0.000000
vn 0.258809 0.965928 -0.000000
vn 0.258809 0.965928 -0.000000
vn 0.258809 0.965928 -0.000000
vn 0.965926 -0.258820 -0.000000
vn 0.965926 -0.258820 -0.000000
vn 0.965926 -0.258820 -0.000000
vn 0.965926 -0.258820 -0.000000
vn 0.965926 -0.258820 -0.000000
vn 0.965926 -0.258820 -0.000000
vn 0.258817 0.965927 -0.000000
vn 0.258817 0.965927 -0.000000
vn 0.258817 0.965927 -0.000000
vn 0.258817 0.965927 -0.000000
vn 0.258817 0.965927 -0.000000
vn 0.258817 0.965927 -0.000000
vn -0.258817 -0.965927 0.000000
vn -0.258817 -0.965927 0.000000
vn -0.258817 -0.965927 0.000000
vn -0.258820 -0.965926 0.000000
vn -0.258820 -0.965926 0.000000
vn -0.258820 -0.965926 0.000000
vn -0.000000 -0.000000 -1.000000
vn -0.000000 -0.000000 -1.000000
vn -0.000000 -0.000000 -1.000000
vn -0.000000 -0.000000 -1.000000
vn -0.000000 -0.000000 -1.000000
vn -0.000000 -0.000000 -1.000000
vn -0.965926 0.258820 0.000000
vn -0.965926 0.258820 0.000000
vn -0.965926 0.258820 0.000000
vn -0.965926 0.258820 0.000000
vn -0.965926 0.258820 0.000000
vn -0.965926 0.258820 0.000000
vn -0.000000 -0.000000 -1.000000
vn -0.000000 -0.000000 -1.000000
vn -0.000000 -0.000000 -1.000000
vn -0.000000 -0.000000 -1.000000
vn -0.000000 -0.000000 -1.000000
vn -0.000000 -0.000000 -1.000000
vn -0.965925 0.258821 0.000000
vn -0.965925 0.258821 0.000000
vn -0.965925 0.258821 0.000000
vn -0.965926 0.258820 0.000000
vn -0.965926 0.258820 0.000000
vn -0.965926 0.258820 0.000000
vn 0.258817 0.965926 -0.000000
vn 0.258817 0.965926 -0.000000
vn 0.258817 0.965926 -0.000000
vn 0.258817 0.965926 -0.000000
vn 0.258817 0.965926 -0.000000
vn 0.258817 0.965926 -0.000000
vn -0.258817 -0.965927 0.000000
vn -0.258817 -0.965927 0.000000
vn -0.258817 -0.965927 0.000000
vn -0.258820 -0.965926 0.000000
vn -0.258820 -0.965926 0.000000
vn -0.258820 -0.965926 0.000000
vn -0.000000 -0.000000 -1.000000
vn -0.000000 -0.000000 -1.000000
vn -0.000000 -0.000000 -1.000000
vn -0.000000 -0.000000 -1.000000
vn -0.000000 -0.000000 -1.000000
vn -0.000000 -0.000000 -1.000000
vn -0.000000 -0.000000 -1.000000
vn -0.000000 -0.000000 -1.000000
vn -0.000000 -0.000000 -1.000000
vn -0.000000 -0.000000 -1.000000
vn -0.000000 -0.000000 -1.000000
vn -0.000000 -0.000000 -1.000000
vn -0.258818 -0.965926 0.000000
vn -0.258818 -0.965926 0.000000
vn -0.258818 -0.965926 0.000000
vn -0.258818 -0.965926 0.000000
vn -0.258818 -0.965926 0.000000
vn -0.258818 -0.965926 0.000000
vn -0.965926 0.258820 0.000000
vn -0.965926 0.258820 0.000000
vn -0.965926 0.258820 0.000000
vn -0.965926 0.258820 0.000000
vn -0.965926 0.258820 0.000000
vn -0.965926 0.258820 0.000000
vn 0.000000 0.000001 1.000000
vn 0.000000 0.000001 1.000000
vn 0.000000 0.000001 1.000000
vn 0.000000 -0.000002 1.000000
vn 0.000000 -0.000002 1.000000
vn 0.000000 -0.000002 1.000000
vn 0.258817 0.965927 -0.000000
vn 0.258817 0.965927 -0.000000
vn 0.258817 0.965927 -0.000000
vn 0.258824 0.965925 -0.000000
vn 0.258824 0.965925 -0.000000
vn 0.258824 0.965925 -0.000000
vn 0.258824 0.965925 -0.000000
vn 0.258824 0.965925 -0.000000
vn 0.258824 0.965925 -0.000000
vn 0.258813 0.965927 -0.000000
vn 0.258813 0.965927 -0.000000
vn 0.258813 0.965927 -0.000000
vn -0.258817 -0.965927 0.000000
vn -0.258817 -0.965927 0.000000
vn -0.258817 -0.965927 0.000000
vn -0.258824 -0.965925 0.000000
vn -0.258824 -0.965925 0.000000
vn -0.258824 -0.965925 0.000000
vn -0.258817 -0.965927 0.000000
vn -0.258817 -0.965927 0.000000
vn -0.258817 -0.965927 0.000000
vn -0.258817 -0.965927 0.000000
vn -0.258817 -0.965927 0.000000
vn -0.258817 -0.965927 0.000000
vn -0.965926 0.258820 0.000000
vn -0.965926 0.258820 0.000000
vn -0.965926 0.258820 0.000000
vn -0.965926 0.258820 0.000000
vn -0.965926 0.258820 0.000000
vn -0.965926 0.258820 0.000000
vn -0.000000 -0.000000 -1.000000
vn -0.000000 -0.000000 -1.000000
vn -0.000000 -0.000000 -1.000000
vn -0.000000 -0.000000 -1.000000
vn -0.000000 -0.000000 -1.000000
vn -0.000000 -0.000000 -1.000000
vn 0.965926 -0.258820 -0.000000
vn 0.965926 -0.258820 -0.000000
vn 0.965926 -0.258820 -0.000000
vn 0.965926 -0.258820 -0.000000
vn 0.965926 -0.258820 -0.000000
vn 0.965926 -0.258820 -0.000000
vn -0.965926 0.258820 0.000000
vn -0.965926 0.258820 0.000000
vn -0.965926 0.258820 0.000000
vn -0.965926 0.258820 0.000000
vn -0.965926 0.258820 0.000000
vn -0.965926 0.258820 0.000000
vn -0.000000 -0.000000 -1.000000
vn -0.000000 -0.000000 -1.000000
vn -0.000000 -0.000000 -1.000000
vn -0.000000 -0.000000 -1.000000
vn -0.000000 -0.000000 -1.000000
vn -0.000000 -0.000000 -1.000000
vn -0.258818 -0.965926 0.000000
vn -0.258818 -0.965926 0.000000
vn -0.258818 -0.965926 0.000000
vn -0.258818 -0.965926 0.000000
vn -0.258818 -0.965926 0.000000
vn -0.258818 -0.965926 0.000000
vn 0.965926 -0.258820 -0.000000
vn 0.965926 -0.258820 -0.000000
vn 0.965926 -0.258820 -0.000000
vn 0.965926 -0.258820 -0.000000
vn 0.965926 -0.258820 -0.000000
vn 0.965926 -0.258820 -0.000000
vn -0.000000 -0.000000 -1.000000
vn -0.000000 -0.000000 -1.000000
vn -0.000000 -0.000000 -1.000000
vn -0.000000 -0.000000 -1.000000
vn -0.000000 -0.000000 -1.000000
vn -0.000000 -0.000000 -1.000000
vn 0.965926 -0.258820 -0.000000
vn 0.965926 -0.258820 -0.000000
vn 0.965926 -0.258820 -0.000000
vn 0.965925 -0.258821 -0.000000
vn 0.965925 -0.258821 -0.000000
vn 0.965925 -0.258821 -0.000000
vn 0.000000 0.000001 1.000000
vn 0.000000 0.000001 1.000000
vn 0.000000 0.000001 1.000000
vn 0.000000 -0.000002 1.000000
vn 0.000000 -0.000002 1.000000
vn 0.000000 -0.000002 1.000000
vn 0.965925 -0.258821 -0.000000
vn 0.965925 -0.258821 -0.000000
vn 0.965925 -0.258821 -0.000000
vn 0.965926 -0.258820 -0.000000
vn 0.965926 -0.258820 -0.000000
vn 0.965926 -0.258820 -0.000000
vn 0.965926 -0.258820 -0.000000
vn 0.965926 -0.258820 -0.000000
vn 0.965926 -0.258820 -0.000000
vn 0.965925 -0.258821 -0.000000
vn 0.965925 -0.258821 -0.000000
vn 0.965925 -0.258821 -0.000000
vn 0.258817 0.965927 -0.000000
vn 0.258817 0.965927 -0.000000
vn 0.258817 0.965927 -0.000000
vn 0.258817 0.965927 -0.000000
vn 0.258817 0.965927 -0.000000
vn 0.258817 0.965927 -0.000000
vn 0.000000 0.000001 1.000000
vn 0.000000 0.000001 1.000000
vn 0.000000 0.000001 1.000000
vn 0.000000 -0.000002 1.000000
vn 0.000000 -0.000002 1.000000
vn 0.000000 -0.000002 1.000000
vn -0.000000 -0.000000 -1.000000
vn -0.000000 -0.000000 -1.000000
vn -0.000000 -0.000000 -1.000000
vn -0.000000 -0.000000 -1.000000
vn -0.000000 -0.000000 -1.000000
vn -0.000000 -0.000000 -1.000000
vn -0.965926 0.258820 0.000000
vn -0.965926 0.258820 0.000000
vn -0.965926 0.258820 0.000000
vn -0.965925 0.258821 0.000000
vn -0.965925 0.258821 0.000000
vn -0.965925 0.258821 0.000000
vn 0.258817 0.965927 -0.000000
vn 0.258817 0.965927 -0.000000
vn 0.258817 0.965927 -0.000000
vn 0.258824 0.965925 -0.000000
vn 0.258824 0.965925 -0.000000
vn 0.258824 0.965925 -0.000000
vn -0.258818 -0.965926 0.000000
vn -0.258818 -0.965926 0.000000
vn -0.258818 -0.965926 0.000000
vn -0.258817 -0.965927 0.000000
vn -0.258817 -0.965927 0.000000
vn -0.258817 -0.965927 0.000000
vn 0.258818 0.965926 -0.000000
vn 0.258818 0.965926 -0.000000
vn 0.258818 0.965926 -0.000000
vn 0.258818 0.965926 -0.000000
vn 0.258818 0.965926 -0.000000
vn 0.258818 0.965926 -0.000000
vn 0.000000 0.000001 1.000000
vn 0.000000 0.000001 1.000000
vn 0.000000 0.000001 1.000000
vn 0.000000 -0.000002 1.000000
vn 0.000000 -0.000002 1.000000
vn 0.000000 -0.000002 1.000000
vn -0.258817 -0.965927 0.000000
vn -0.258817 -0.965927 0.000000
vn -0.258817 -0.965927 0.000000
vn -0.258817 -0.965927 0.000000
vn -0.258817 -0.965927 0.000000
vn -0.258817 -0.965927 0.000000
vn -0.000000 -0.000000 -1.000000
vn -0.000000 -0.000000 -1.000000
vn -0.000000 -0.000000 -1.000000
vn -0.000000 -0.000000 -1.000000
vn -0.000000 -0.000000 -1.000000
vn -0.000000 -0.000000 -1.000000
vn 0.258820 0.965926 -0.000000
vn 0.258820 0.965926 -0.000000
vn 0.258820 0.965926 -0.000000
vn 0.258817 0.965927 -0.000000
vn 0.258817 0.965927 -0.000000
vn 0.258817 0.965927 -0.000000
vn 0.000000 0.000001 1.000000
vn 0.000000 0.000001 1.000000
vn 0.000000 0.000001 1.000000
vn 0.000000 -0.000002 1.000000
vn 0.000000 -0.000002 1.000000
vn 0.000000 -0.000002 1.000000
vn -0.000000 -0.000000 -1.000000
vn -0.000000 -0.000000 -1.000000
vn -0.000000 -0.000000 -1.000000
vn -0.000000 -0.000000 -1.000000
vn -0.000000 -0.000000 -1.000000
vn -0.000000 -0.000000 -1.000000
vn -0.965925 0.258821 0.000000
vn -0.965925 0.258821 0.000000
vn -0.965925 0.258821 0.000000
vn -0.965926 0.258820 0.000000
vn -0.965926 0.258820 0.000000
vn -0.965926 0.258820 0.000000
vn 0.000000 0.000001 1.000000
vn 0.000000 0.000001 1.000000
vn 0.000000 0.000001 1.000000
vn 0.000000 -0.000002 1.000000
vn 0.000000 -0.000002 1.000000
vn 0.000000 -0.000002 1.000000
vn -0.965926 0.258820 0.000000
vn -0.965926 0.258820 0.000000
vn -0.965926 0.258820 0.000000
vn -0.965925 0.258821 0.000000
vn -0.965925 0.258821 0.000000
vn -0.965925 0.258821 0.000000
vn -0.965926 0.258820 0.000000
vn -0.965926 0.258820 0.000000
vn -0.965926 0.258820 0.000000
vn -0.965926 0.258820 0.000000
vn -0.965926 0.258820 0.000000
vn -0.965926 0.258820 0.000000
vn 0.965925 -0.258821 -0.000000
vn 0.965925 -0.258821 -0.000000
vn 0.965925 -0.258821 -0.000000
vn 0.965926 -0.258820 -0.000000
vn 0.965926 -0.258820 -0.000000
vn 0.965926 -0.258820 -0.000000
vn -0.000000 -0.000000 -1.000000
vn -0.000000 -0.000000 -1.000000
vn -0.000000 -0.000000 -1.000000
vn -0.000000 -0.000000 -1.000000
vn -0.000000 -0.000000 -1.000000
vn -0.000000 -0.000000 -1.000000
vn -0.258824 -0.965925 0.000000
vn -0.258824 -0.965925 0.000000
vn -0.258824 -0.965925 0.000000
vn -0.258817 -0.965927 0.000000
vn -0.258817 -0.965927 0.000000
vn -0.258817 -0.965927 0.000000
vn 0.965926 -0.258820 -0.000000
vn 0.965926 -0.258820 -0.000000
vn 0.965926 -0.258820 -0.000000
vn 0.965926 -0.258820 -0.000000
vn 0.965926 -0.258820 -0.000000
vn 0.965926 -0.258820 -0.000000
vn 0.000000 0.000001 1.000000
vn 0.000000 0.000001 1.000000
vn 0.000000 0.000001 1.000000
vn 0.000000 -0.000002 1.000000
vn 0.000000 -0.000002 1.000000
vn 0.000000 -0.000002 1.000000
vn 0.258824 0.965925 -0.000000
vn 0.258824 0.965925 -0.000000
vn 0.258824 0.965925 -0.000000
vn 0.258817 0.965927 -0.000000
vn 0.258817 0.965927 -0.000000
vn 0.258817 0.965927 -0.000000
vn 0.965926 -0.258820 -0.000000
vn 0.965926 -0.258820 -0.000000
vn 0.965926 -0.258820 -0.000000
vn 0.965926 -0.258820 -0.000000
vn 0.965926 -0.258820 -0.000000
vn 0.965926 -0.258820 -0.000000
vn 0.258817 0.965927 -0.000000
vn 0.258817 0.965927 -0.000000
vn 0.258817 0.965927 -0.000000
vn 0.258817 0.965927 -0.000000
vn 0.258817 0.965927 -0.000000
vn 0.258817 0.965927 -0.000000
vn -0.000000 -0.000000 -1.000000
vn -0.000000 -0.000000 -1.000000
vn -0.000000 -0.000000 -1.000000
vn -0.000000 -0.000000 -1.000000
vn -0.000000 -0.000000 -1.000000
vn -0.000000 -0.000000 -1.000000
vn 0.000000 0.000001 1.000000
vn 0.000000 0.000001 1.000000
vn 0.000000 0.000001 1.000000
vn 0.000000 -0.000002 1.000000
vn 0.000000 -0.000002 1.000000
vn 0.000000 -0.000002 1.000000
vn -0.965926 0.258820 0.000000
vn -0.965926 0.258820 0.000000
vn -0.965926 0.258820 0.000000
vn -0.965926 0.258820 0.000000
vn -0.965926 0.258820 0.000000
vn -0.965926 0.258820 0.000000
vn 0.965926 -0.258820 -0.000000
vn 0.965926 -0.258820 -0.000000
vn 0.965926 -0.258820 -0.000000
vn 0.965926 -0.258820 -0.000000
vn 0.965926 -0.258820 -0.000000
vn 0.965926 -0.258820 -0.000000
vn -0.965925 0.258821 0.000000
vn -0.965925 0.258821 0.000000
vn -0.965925 0.258821 0.000000
vn -0.965926 0.258820 0.000000
vn -0.965926 0.258820 0.000000
vn -0.965926 0.258820 0.000000
vn -0.258824 -0.965925 0.000000
vn -0.258824 -0.965925 0.000000
vn -0.258824 -0.965925 0.000000
vn -0.258817 -0.965927 0.000000
vn -0.258817 -0.965927 0.000000
vn -0.258817 -0.965927 0.000000
vn -0.000000 -0.000000 -1.000000
vn -0.000000 -0.000000 -1.000000
vn -0.000000 -0.000000 -1.000000
vn -0.000000 -0.000000 -1.000000
vn -0.000000 -0.000000 -1.000000
vn -0.000000 -0.000000 -1.000000
vn -0.000000 -0.000000 -1.000000
vn -0.000000 -0.000000 -1.000000
vn -0.000000 -0.000000 -1.000000
vn -0.000000 -0.000000 -1.000000
vn -0.000000 -0.000000 -1.000000
vn -0.000000 -0.000000 -1.000000
vn 0.000000 0.000001 1.000000
vn 0.000000 0.000001 1.000000
vn 0.000000 0.000001 1.000000
vn 0.000000 -0.000002 1.000000
vn 0.000000 -0.000002 1.000000
vn 0.000000 -0.000002 1.000000
vn -0.258809 -0.965928 0.000000
vn -0.258809 -0.965928 0.000000
vn -0.258809 -0.965928 0.000000
vn -0.258817 -0.965927 0.000000
vn -0.258817 -0.965927 0.000000
vn -0.258817 -0.965927 0.000000
vn 0.258820 0.965926 -0.000000
vn 0.258820 0.965926 -0.000000
vn 0.258820 0.965926 -0.000000
vn 0.258817 0.965927 -0.000000
vn 0.258817 0.965927 -0.000000
vn 0.258817 0.965927 -0.000000
vn 0.000000 0.000001 1.000000
vn 0.000000 0.000001 1.000000
vn 0.000000 0.000001 1.000000
vn 0.000000 -0.000002 1.000000
vn 0.000000 -0.000002 1.000000
vn 0.000000 -0.000002 1.000000
vn -0.965926 0.258820 0.000000
vn -0.965926 0.258820 0.000000
vn -0.965926 0.258820 0.000000
vn -0.965926 0.258820 0.000000
vn -0.965926 0.258820 0.000000
vn -0.965926 0.258820 0.000000
vn -0.258817 -0.965927 0.000000
vn -0.258817 -0.965927 0.000000
vn -0.258817 -0.965927 0.000000
vn -0.258820 -0.965926 0.000000
vn -0.258820 -0.965926 0.000000
vn -0.258820 -0.965926 0.000000
vn -0.965926 0.258820 0.000000
vn -0.965926 0.258820 0.000000
vn -0.965926 0.258820 0.000000
vn -0.965926 0.258820 0.000000
vn -0.965926 0.258820 0.000000
vn -0.965926 0.258820 0.000000
vn 0.000000 0.000001 1.000000
vn 0.000000 0.000001 1.000000
vn 0.000000 0.000001 1.000000
vn 0.000000 -0.000002 1.000000
vn 0.000000 -0.000002 1.000000
vn 0.000000 -0.000002 1.000000
vn -0.258831 -0.965923 0.000000
vn -0.258831 -0.965923 0.000000
vn -0.258831 -0.965923 0.000000
vn -0.258817 -0.965927 0.000000
vn -0.258817 -0.965927 0.000000
vn -0.258817 -0.965927 0.000000
vn 0.000000 0.000001 1.000000
vn 0.000000 0.000001 1.000000
vn 0.000000 0.000001 1.000000
vn 0.000000 -0.000002 1.000000
vn 0.000000 -0.000002 1.000000
vn 0.000000 -0.000002 1.000000
vn -0.258818 -0.965926 0.000000
vn -0.258818 -0.965926 0.000000
vn -0.258818 -0.965926 0.000000
vn -0.258818 -0.965926 0.000000
vn -0.258818 -0.965926 0.000000
vn -0.258818 -0.965926 0.000000
vn -0.965925 0.258821 0.000000
vn -0.965925 0.258821 0.000000
vn -0.965925 0.258821 0.000000
vn -0.965926 0.258819 0.000000
vn -0.965926 0.258819 0.000000
vn -0.965926 0.258819 0.000000
vn -0.000000 -0.000000 -1.000000
vn -0.000000 -0.000000 -1.000000
vn -0.000000 -0.000000 -1.000000
vn -0.000000 -0.000000 -1.000000
vn -0.000000 -0.000000 -1.000000
vn -0.000000 -0.000000 -1.000000
vn 0.000000 0.000001 1.000000
vn 0.000000 0.000001 1.000000
vn 0.000000 0.000001 1.000000
vn 0.000000 -0.000002 1.000000
vn 0.000000 -0.000002 1.000000
vn 0.000000 -0.000002 1.000000
vn 0.965926 -0.258820 -0.000000
vn 0.965926 -0.258820 -0.000000
vn 0.965926 -0.258820 -0.000000
vn 0.965926 -0.258820 -0.000000
vn 0.965926 -0.258820 -0.000000
vn 0.965926 -0.258820 -0.000000
vn -0.000000 -0.000000 -1.000000
vn -0.000000 -0.000000 -1.000000
vn -0.000000 -0.000000 -1.000000
vn -0.000000 -0.000000 -1.000000
vn -0.000000 -0.000000 -1.000000
vn -0.000000 -0.000000 -1.000000
vn 0.000000 0.000001 1.000000
vn 0.000000 0.000001 1.000000
vn 0.000000 0.000001 1.000000
vn 0.000000 -0.000002 1.000000
vn 0.000000 -0.000002 1.000000
vn 0.000000 -0.000002 1.000000
vn 0.965926 -0.258820 -0.000000
vn 0.965926 -0.258820 -0.000000
vn 0.965926 -0.258820 -0.000000
vn 0.965925 -0.258821 -0.000000
vn 0.965925 -0.258821 -0.000000
vn 0.965925 -0.258821 -0.000000
vn 0.965926 -0.258820 -0.000000
vn 0.965926 -0.258820 -0.000000
vn 0.965926 -0.258820 -0.000000
vn 0.965926 -0.258820 -0.000000
vn 0.965926 -0.258820 -0.000000
vn 0.965926 -0.258820 -0.000000
vn 0.000000 0.000001 1.000000
vn 0.000000 0.000001 1.000000
vn 0.000000 0.000001 1.000000
vn 0.000000 -0.000002 1.000000
vn 0.000000 -0.000002 1.000000
vn 0.000000 -0.000002 1.000000
vn 0.000000 -0.000002 1.000000
vn 0.000000 -0.000002 1.000000
vn 0.000000 -0.000002 1.000000
vn 0.000000 0.000002 1.000000
vn 0.000000 0.000002 1.000000
vn 0.000000 0.000002 1.000000
vn 0.965926 -0.258820 -0.000000
vn 0.965926 -0.258820 -0.000000
vn 0.965926 -0.258820 -0.000000
vn 0.965926 -0.258820 -0.000000
vn 0.965926 -0.258820 -0.000000
vn 0.965926 -0.258820 -0.000000
vn 0.258817 0.965927 -0.000000
vn 0.258817 0.965927 -0.000000
vn 0.258817 0.965927 -0.000000
vn 0.258817 0.965927 -0.000000
vn 0.258817 0.965927 -0.000000
vn 0.258817 0.965927 -0.000000
vn -0.258817 -0.965927 0.000000
vn -0.258817 -0.965927 0.000000
vn -0.258817 -0.965927 0.000000
vn -0.258817 -0.965927 0.000000
vn -0.258817 -0.965927 0.000000
vn -0.258817 -0.965927 0.000000
vn 0.965926 -0.258820 -0.000000
vn 0.965926 -0.258820 -0.000000
vn 0.965926 -0.258820 -0.000000
vn 0.965926 -0.258820 -0.000000
vn 0.965926 -0.258820 -0.000000
vn 0.965926 -0.258820 -0.000000
vn -0.000000 -0.000000 -1.000000
vn -0.000000 -0.000000 -1.000000
vn -0.000000 -0.000000 -1.000000
vn -0.000000 -0.000000 -1.000000
vn -0.000000 -0.000000 -1.000000
vn -0.000000 -0.000000 -1.000000
vn 0.000000 0.000001 1.000000
vn 0.000000 0.000001 1.000000
vn 0.000000 0.000001 1.000000
vn 0.000000 -0.000002 1.000000
vn 0.000000 -0.000002 1.000000
vn 0.000000 -0.000002 1.000000
vn -0.258817 -0.965927 0.000000
vn -0.258817 -0.965927 0.000000
vn -0.258817 -0.965927 0.000000
vn -0.258817 -0.965927 0.000000
vn -0.258817 -0.965927 0.000000
vn -0.258817 -0.965927 0.000000
vn -0.965926 0.258820 0.000000
vn -0.965926 0.258820 0.000000
vn -0.965926 0.258820 0.000000
vn -0.965926 0.258820 0.000000
vn -0.965926 0.258820 0.000000
vn -0.965926 0.258820 0.000000
vn -0.366213 0.930531 -0.000000
vn -0.366213 0.930531 -0.000000
vn -0.366213 0.930531 -0.000000
vn -0.366224 0.930527 -0.000000
vn -0.366224 0.930527 -0.000000
vn -0.366224 0.930527 -0.000000
s off
g Shed pasted__pasted__GFBXASC045dindingFBXASC032kiriFBXASC032depan
usemtl pasted__pasted__GFBXASC045DindingFBXASC032belakangFBXASC032kiriSG1
f 1976/2178/3295 1973/1969/3296 1967/1971/3297
f 1976/2178/3298 1985/2177/3299 1973/1969/3300
f 2108/2144/3301 2126/1950/3302 2123/1951/3303
f 2108/2144/3304 2117/2143/3305 2126/1950/3306
f 2274/2091/3307 2268/2277/3308 2271/2272/3309
f 2274/2091/3310 2265/2101/3311 2268/2277/3312
f 2049/2320/3313 2042/2189/3314 2052/2194/3315
f 2049/2320/3316 2039/2318/3317 2042/2189/3318
f 1923/2127/3319 1935/2302/3320 1920/2289/3321
f 1923/2127/3322 1938/2157/3323 1935/2302/3324
f 2066/1963/3325 2073/2070/3326 2064/1966/3327
f 2066/1963/3328 2075/2062/3329 2073/2070/3330
f 1970/1937/3331 1977/2102/3332 1968/1934/3333
f 1970/1937/3334 1979/2113/3335 1977/2102/3336
f 2180/2162/3337 2198/1958/3338 2195/1959/3339
f 2180/2162/3340 2189/2161/3341 2198/1958/3342
f 2072/2128/3343 2069/1942/3344 2063/1944/3345
f 2072/2128/3346 2081/2125/3347 2069/1942/3348
f 2024/1977/3349 2031/2171/3350 2034/1967/3351
f 2024/1977/3352 2027/2193/3353 2031/2171/3354
f 1916/2186/3355 1919/1974/3356 1925/1975/3357
f 1916/2186/3358 1922/2184/3359 1919/1974/3360
f 2091/2303/3361 2102/2152/3362 2100/2159/3363
f 2091/2303/3364 2084/2301/3365 2102/2152/3366
f 1939/1993/3367 1960/2133/3368 1945/2010/3369
f 1939/1993/3370 1954/2027/3371 1960/2133/3372
f 1947/2109/3373 1959/2292/3374 1944/2280/3375
f 1947/2109/3376 1962/2135/3377 1959/2292/3378
f 2299/1997/3379 2302/2034/3380 2308/2031/3381
f 2299/1997/3382 2305/2021/3383 2302/2034/3384
f 2082/2071/3385 2061/2263/3386 2070/2266/3387
f 2082/2071/3388 2079/2063/3389 2061/2263/3390
f 2030/2199/3391 2021/1979/3392 2033/1980/3393
f 2030/2199/3394 2012/2196/3395 2021/1979/3396
f 2193/2305/3397 2183/2160/3398 2187/2163/3399
f 2193/2305/3400 2201/2304/3401 2183/2160/3402
f 2071/1986/3403 2077/2067/3404 2080/2003/3405
f 2071/1986/3406 2074/2018/3407 2077/2067/3408
f 2053/1995/3409 2041/2173/3410 2035/2012/3411
f 2053/1995/3412 2050/2029/3413 2041/2173/3414
f 1971/2313/3415 1982/2176/3416 1980/2179/3417
f 1971/2313/3418 1964/2311/3419 1982/2176/3420
f 2013/2170/3421 2016/2319/3422 2022/2309/3423
f 2013/2170/3424 2019/2192/3425 2016/2319/3426
f 1957/2132/3427 1948/2249/3428 1942/2232/3429
f 1957/2132/3430 1951/2216/3431 1948/2249/3432
f 2096/2158/3433 2093/1955/3434 2087/1957/3435
f 2096/2158/3436 2105/2153/3437 2093/1955/3438
f 2255/2166/3439 2270/1960/3440 2261/1961/3441
f 2255/2166/3442 2273/2165/3443 2270/1960/3444
f 2067/2290/3445 2078/2124/3446 2076/2129/3447
f 2067/2290/3448 2060/2288/3449 2078/2124/3450
f 2277/2285/3451 2288/2116/3452 2283/2119/3453
f 2277/2285/3454 2291/2284/3455 2288/2116/3456
f 2190/2085/3457 2202/2273/3458 2199/2270/3459
f 2190/2085/3460 2184/2092/3461 2202/2273/3462
f 2155/1984/3463 2158/2054/3464 2164/2001/3465
f 2155/1984/3466 2161/2016/3467 2158/2054/3468
f 2312/1920/3469 2300/2037/3470 2315/1922/3471
f 2312/1920/3472 2306/2081/3473 2300/2037/3474
f 1989/2096/3475 1992/2279/3476 1998/2276/3477
f 1989/2096/3478 1995/2106/3479 1992/2279/3480
f 2029/1996/3481 2017/2191/3482 2011/2013/3483
f 2029/1996/3484 2026/2030/3485 2017/2191/3486
f 1953/2315/3487 1961/2181/3488 1956/2183/3489
f 1953/2315/3490 1958/2314/3491 1961/2181/3492
f 1952/1946/3493 1941/2108/3494 1950/1936/3495
f 1952/1946/3496 1955/2134/3497 1941/2108/3498
f 2131/1987/3499 2152/2073/3500 2137/2004/3501
f 2131/1987/3502 2146/2019/3503 2152/2073/3504
f 2120/1925/3505 2109/2052/3506 2124/1915/3507
f 2120/1925/3508 2114/2045/3509 2109/2052/3510
f 2290/2079/3511 2284/2238/3512 2293/2227/3513
f 2290/2079/3514 2275/2209/3515 2284/2238/3516
f 2090/1929/3517 2097/2040/3518 2088/1924/3519
f 2090/1929/3520 2099/2086/3521 2097/2040/3522
f 2276/1918/3523 2280/2032/3524 2286/1921/3525
f 2276/1918/3526 2282/2074/3527 2280/2032/3528
f 2156/2140/3529 2174/1948/3530 2171/1949/3531
f 2156/2140/3532 2165/2139/3533 2174/1948/3534
f 2038/2172/3535 2056/2251/3536 2044/2234/3537
f 2038/2172/3538 2047/2218/3539 2056/2251/3540
f 2278/1988/3541 2287/2078/3542 2296/2005/3543
f 2278/1988/3544 2281/2020/3545 2287/2078/3546
f 2139/2077/3547 2151/2265/3548 2136/2268/3549
f 2139/2077/3550 2154/2069/3551 2151/2265/3552
f 2132/2122/3553 2135/1940/3554 2141/1941/3555
f 2132/2122/3556 2138/2120/3557 2135/1940/3558
f 1929/2317/3559 1937/2185/3560 1932/2187/3561
f 1929/2317/3562 1934/2316/3563 1937/2185/3564
f 2054/2195/3565 2045/1976/3566 2057/1978/3567
f 2054/2195/3568 2036/2188/3569 2045/1976/3570
f 1933/2154/3571 1924/2250/3572 1918/2233/3573
f 1933/2154/3574 1927/2217/3575 1924/2250/3576
f 2313/2283/3577 2303/2110/3578 2307/2115/3579
f 2313/2283/3580 2321/2281/3581 2303/2110/3582
f 2221/1982/3583 2209/2043/3584 2203/1999/3585
f 2221/1982/3586 2218/2014/3587 2209/2043/3588
f 1940/2182/3589 1943/1972/3590 1949/1973/3591
f 1940/2182/3592 1946/2180/3593 1943/1972/3594
f 2266/2099/3595 2260/2246/3596 2269/2229/3597
f 2266/2099/3598 2251/2213/3599 2260/2246/3600
f 1975/1992/3601 1981/2112/3602 1984/2009/3603
f 1975/1992/3604 1978/2026/3605 1981/2112/3606
f 2205/2046/3607 2208/2255/3608 2214/2258/3609
f 2205/2046/3610 2211/2038/3611 2208/2255/3612
f 1963/2111/3613 1966/2248/3614 1972/2231/3615
f 1963/2111/3616 1969/2215/3617 1966/2248/3618
f 2235/2065/3619 2247/2261/3620 2232/2264/3621
f 2235/2065/3622 2250/2057/3623 2247/2261/3624
f 2118/2053/3625 2130/2257/3626 2127/2260/3627
f 2118/2053/3628 2112/2044/3629 2130/2257/3630
f 2144/1965/3631 2133/2076/3632 2142/1919/3633
f 2144/1965/3634 2147/2068/3635 2133/2076/3636
f 2095/1981/3637 2101/2083/3638 2104/1998/3639
f 2095/1981/3640 2098/2022/3641 2101/2083/3642
f 2241/2293/3643 2249/2131/3644 2244/2137/3645
f 2241/2293/3646 2246/2291/3647 2249/2131/3648
f 2168/1927/3649 2157/2058/3650 2172/1917/3651
f 2168/1927/3652 2162/2051/3653 2157/2058/3654
f 2149/2072/3655 2140/2237/3656 2134/2226/3657
f 2149/2072/3658 2143/2208/3659 2140/2237/3660
f 2279/2118/3661 2294/1938/3662 2285/1939/3663
f 2279/2118/3664 2297/2117/3665 2294/1938/3666
f 2192/1931/3667 2181/2084/3668 2196/1928/3669
f 2192/1931/3670 2186/2093/3671 2181/2084/3672
f 2228/2136/3673 2231/1945/3674 2237/1947/3675
f 2228/2136/3676 2234/2130/3677 2231/1945/3678
f 2254/1990/3679 2263/2098/3680 2272/2007/3681
f 2254/1990/3682 2257/2024/3683 2263/2098/3684
f 2206/2042/3685 2224/2240/3686 2212/2221/3687
f 2206/2042/3688 2215/2203/3689 2224/2240/3690
f 1986/2103/3691 1965/2282/3692 1974/2278/3693
f 1986/2103/3694 1983/2114/3695 1965/2282/3696
f 1928/1956/3697 1917/2126/3698 1926/1943/3699
f 1928/1956/3700 1931/2156/3701 1917/2126/3702
f 2166/2059/3703 2178/2259/3704 2175/2262/3705
f 2166/2059/3706 2160/2050/3707 2178/2259/3708
f 2169/2295/3709 2159/2138/3710 2163/2141/3711
f 2169/2295/3712 2177/2294/3713 2159/2138/3714
f 1915/1994/3715 1936/2155/3716 1921/2011/3717
f 1915/1994/3718 1930/2028/3719 1936/2155/3720
f 2179/1989/3721 2182/2088/3722 2188/2006/3723
f 2179/1989/3724 2185/2023/3725 2182/2088/3726
f 1990/2104/3727 2008/2247/3728 1996/2230/3729
f 1990/2104/3730 1999/2214/3731 2008/2247/3732
f 2217/2300/3733 2210/2147/3734 2220/2150/3735
f 2217/2300/3736 2207/2298/3737 2210/2147/3738
f 2006/2175/3739 1997/1962/3740 2009/1968/3741
f 2006/2175/3742 1988/2168/3743 1997/1962/3744
f 2176/2055/3745 2170/2242/3746 2173/2223/3747
f 2176/2055/3748 2167/2205/3749 2170/2242/3750
f 2106/2041/3751 2085/2271/3752 2094/2256/3753
f 2106/2041/3754 2103/2087/3755 2085/2271/3756
f 2253/2307/3757 2264/2164/3758 2259/2167/3759
f 2253/2307/3760 2267/2306/3761 2264/2164/3762
f 2037/2148/3763 2040/2312/3764 2046/2299/3765
f 2037/2148/3766 2043/2200/3767 2040/2312/3768
f 2059/2066/3769 2062/2244/3770 2068/2225/3771
f 2059/2066/3772 2065/2207/3773 2062/2244/3774
f 2145/2287/3775 2153/2121/3776 2148/2123/3777
f 2145/2287/3778 2150/2286/3779 2153/2121/3780
f 2083/2082/3781 2086/2239/3782 2092/2220/3783
f 2083/2082/3784 2089/2211/3785 2086/2239/3786
f 2025/2322/3787 2018/2197/3788 2028/2198/3789
f 2025/2322/3790 2015/2321/3791 2018/2197/3792
f 2319/2254/3793 2304/2080/3794 2322/2269/3795
f 2319/2254/3796 2310/2036/3797 2304/2080/3798
f 2005/1991/3799 1993/2105/3800 1987/2008/3801
f 2005/1991/3802 2002/2025/3803 1993/2105/3804
f 2245/2060/3805 2236/2243/3806 2230/2224/3807
f 2245/2060/3808 2239/2206/3809 2236/2243/3810
f 2000/1935/3811 2007/2097/3812 2010/1932/3813
f 2000/1935/3814 2003/2107/3815 2007/2097/3816
f 2227/1985/3817 2248/2061/3818 2233/2002/3819
f 2227/1985/3820 2242/2017/3821 2248/2061/3822
f 2014/2190/3823 2032/2252/3824 2020/2235/3825
f 2014/2190/3826 2023/2219/3827 2032/2252/3828
f 2216/1923/3829 2223/2047/3830 2226/1926/3831
f 2216/1923/3832 2219/2039/3833 2223/2047/3834
f 2048/1970/3835 2055/2149/3836 2058/1953/3837
f 2048/1970/3838 2051/2201/3839 2055/2149/3840
f 2128/2049/3841 2122/2241/3842 2125/2222/3843
f 2128/2049/3844 2119/2204/3845 2122/2241/3846
f 2320/2035/3847 2314/2236/3848 2317/2202/3849
f 2320/2035/3850 2311/2210/3851 2314/2236/3852
f 2252/1933/3853 2256/2090/3854 2262/1930/3855
f 2252/1933/3856 2258/2100/3857 2256/2090/3858
f 2222/2151/3859 2213/1952/3860 2225/1954/3861
f 2222/2151/3862 2204/2146/3863 2213/1952/3864
f 2001/2310/3865 1994/2169/3866 2004/2174/3867
f 2001/2310/3868 1991/2308/3869 1994/2169/3870
f 2240/1916/3871 2229/2064/3872 2238/1964/3873
f 2240/1916/3874 2243/2056/3875 2229/2064/3876
f 2107/1983/3877 2110/2048/3878 2116/2000/3879
f 2107/1983/3880 2113/2015/3881 2110/2048/3882
f 2200/2089/3883 2194/2245/3884 2197/2228/3885
f 2200/2089/3886 2191/2212/3887 2194/2245/3888
f 2121/2297/3889 2111/2142/3890 2115/2145/3891
f 2121/2297/3892 2129/2296/3893 2111/2142/3894
f 2298/2033/3895 2292/2267/3896 2295/2253/3897
f 2298/2033/3898 2289/2075/3899 2292/2267/3900
f 2301/2094/3901 2318/2275/3902 2316/2274/3903
f 2301/2094/3904 2309/2095/3905 2318/2275/3906
g default
v 7.320382 9.627534 3.709418
v 7.320382 9.392187 3.709418
v 7.320381 9.627534 -0.689535
v 7.320381 9.392187 -0.689535
v 6.419806 9.405222 3.485709
v 6.419806 9.284664 3.485709
v 6.130065 9.405222 3.485709
v 6.130065 9.284664 3.485709
v 6.419806 9.405222 -0.465821
v 6.419806 9.284664 -0.465821
v 6.130065 9.405222 -0.465821
v 6.130065 9.284664 -0.465821
v 6.440049 9.533730 -0.348589
v 6.440049 8.259062 -0.348589
v 6.109821 9.533730 -0.348589
v 6.109821 8.259062 -0.348589
v 6.440049 9.533730 -0.581712
v 6.440049 8.259062 -0.581712
v 6.109821 9.533730 -0.581712
v 6.109821 8.259062 -0.581712
v 6.419806 9.390944 3.136949
v 6.419806 9.291296 3.230333
v 6.130065 9.390944 3.136949
v 6.130065 9.291296 3.230334
v 6.419806 8.559987 -0.444354
v 6.419806 8.460339 -0.350970
v 6.130065 8.559987 -0.444354
v 6.130065 8.460339 -0.350970
v 0.429490 9.627534 3.709418
v 0.429490 9.392187 3.709418
v 0.429490 9.627534 -0.689535
v 0.429490 9.392187 -0.689535
v 1.330065 9.405222 3.485709
v 1.330065 9.284664 3.485709
v 1.619805 9.405222 3.485709
v 1.619805 9.284664 3.485709
v 1.330065 9.405222 -0.465821
v 1.330065 9.284664 -0.465821
v 1.619805 9.405222 -0.465821
v 1.619805 9.284664 -0.465821
v 1.309821 9.533730 -0.348589
v 1.309821 8.259062 -0.348589
v 1.640049 9.533730 -0.348589
v 1.640049 8.259062 -0.348589
v 1.309821 9.533730 -0.581712
v 1.309821 8.259062 -0.581712
v 1.640049 9.533730 -0.581712
v 1.640049 8.259062 -0.581712
v 1.330065 9.390944 3.136949
v 1.330065 9.291296 3.230333
v 1.619805 9.390944 3.136949
v 1.619805 9.291296 3.230333
v 1.330065 8.559987 -0.444354
v 1.330065 8.460339 -0.350970
v 1.619805 8.559987 -0.444354
v 1.619806 8.460339 -0.350970
v 3.874935 9.392187 -0.689535
v 3.874935 9.627534 3.709418
v 3.874935 9.627534 -0.689535
v 3.874935 9.392187 3.709418
vt 0.375000 0.125000
vt 0.625000 0.125000
vt 0.625000 0.250000
vt 0.375000 0.250000
vt 0.625000 0.500000
vt 0.375000 0.500000
vt 0.625000 0.625000
vt 0.375000 0.625000
vt 0.125000 0.500000
vt 0.125000 0.625000
vt 0.875000 0.500000
vt 0.875000 0.625000
vt 0.375000 0.250000
vt 0.625000 0.250000
vt 0.375000 0.500000
vt 0.625000 0.500000
vt 0.125000 0.500000
vt 0.875000 0.500000
vt 0.625000 0.500000
vt 0.875000 0.500000
vt 0.875000 0.750000
vt 0.625000 0.750000
vt 0.375000 0.750000
vt 0.625000 1.000000
vt 0.375000 1.000000
vt 0.375000 0.000000
vt 0.625000 0.000000
vt 0.625000 0.250000
vt 0.375000 0.250000
vt 0.125000 0.500000
vt 0.375000 0.500000
vt 0.125000 0.750000
vt 0.625000 0.500000
vt 0.875000 0.500000
vt 0.875000 0.750000
vt 0.625000 0.750000
vt 0.375000 0.750000
vt 0.625000 1.000000
vt 0.375000 1.000000
vt 0.375000 0.000000
vt 0.625000 0.000000
vt 0.625000 0.250000
vt 0.375000 0.250000
vt 0.125000 0.500000
vt 0.375000 0.500000
vt 0.125000 0.750000
vt 0.625000 0.500000
vt 0.875000 0.500000
vt 0.875000 0.750000
vt 0.625000 0.750000
vt 0.375000 0.750000
vt 0.625000 1.000000
vt 0.375000 1.000000
vt 0.375000 0.000000
vt 0.625000 0.000000
vt 0.625000 0.250000
vt 0.375000 0.250000
vt 0.125000 0.500000
vt 0.375000 0.500000
vt 0.125000 0.750000
vt 0.625000 0.500000
vt 0.625000 0.750000
vt 0.875000 0.750000
vt 0.875000 0.500000
vt 0.375000 0.750000
vt 0.375000 1.000000
vt 0.625000 1.000000
vt 0.375000 0.000000
vt 0.375000 0.250000
vt 0.625000 0.250000
vt 0.625000 0.000000
vt 0.125000 0.500000
vt 0.125000 0.750000
vt 0.375000 0.500000
vt 0.625000 0.500000
vt 0.625000 0.750000
vt 0.875000 0.750000
vt 0.875000 0.500000
vt 0.375000 0.750000
vt 0.375000 1.000000
vt 0.625000 1.000000
vt 0.375000 0.000000
vt 0.375000 0.250000
vt 0.625000 0.250000
vt 0.625000 0.000000
vt 0.125000 0.500000
vt 0.125000 0.750000
vt 0.375000 0.500000
vt 0.625000 0.500000
vt 0.625000 0.750000
vt 0.875000 0.750000
vt 0.875000 0.500000
vt 0.375000 0.750000
vt 0.375000 1.000000
vt 0.625000 1.000000
vt 0.375000 0.000000
vt 0.375000 0.250000
vt 0.625000 0.250000
vt 0.625000 0.000000
vt 0.125000 0.500000
vt 0.125000 0.750000
vt 0.375000 0.500000
vn 0.000000 0.000000 -1.000000
vn 0.000000 0.000000 -1.000000
vn 0.000000 0.000000 -1.000000
vn 0.000000 0.000000 -1.000000
vn 1.000000 0.000000 0.000000
vn 1.000000 0.000000 0.000000
vn 1.000000 0.000000 0.000000
vn 1.000000 0.000000 0.000000
vn 0.000000 0.000000 1.000000
vn 0.000000 0.000000 1.000000
vn 0.000000 0.000000 1.000000
vn 0.000000 0.000000 1.000000
vn 0.000000 -1.000000 0.000000
vn 0.000000 -1.000000 0.000000
vn 0.000000 -1.000000 0.000000
vn 0.000000 -1.000000 0.000000
vn 0.000000 1.000000 0.000000
vn 0.000000 1.000000 0.000000
vn 0.000000 1.000000 0.000000
vn 0.000000 1.000000 0.000000
vn 0.000000 0.000000 -1.000000
vn 0.000000 0.000000 -1.000000
vn 0.000000 0.000000 -1.000000
vn 0.000000 0.000000 -1.000000
vn -1.000000 0.000000 0.000000
vn -1.000000 0.000000 0.000000
vn -1.000000 0.000000 0.000000
vn -1.000000 0.000000 0.000000
vn 0.000000 0.000000 1.000000
vn 0.000000 0.000000 1.000000
vn 0.000000 0.000000 1.000000
vn 0.000000 0.000000 1.000000
vn 0.000000 -1.000000 0.000000
vn 0.000000 -1.000000 0.000000
vn 0.000000 -1.000000 0.000000
vn 0.000000 -1.000000 0.000000
vn 0.000000 1.000000 0.000000
vn 0.000000 1.000000 0.000000
vn 0.000000 1.000000 0.000000
vn 0.000000 1.000000 0.000000
vn 0.000000 1.000000 0.000000
vn 0.000000 1.000000 0.000000
vn 0.000000 1.000000 0.000000
vn 0.000000 1.000000 0.000000
vn -1.000000 0.000000 0.000000
vn -1.000000 0.000000 0.000000
vn -1.000000 0.000000 0.000000
vn -1.000000 0.000000 0.000000
vn 0.000000 0.000000 -1.000000
vn 0.000000 0.000000 -1.000000
vn 0.000000 0.000000 -1.000000
vn 0.000000 0.000000 -1.000000
vn 0.000000 -1.000000 0.000000
vn 0.000000 -1.000000 0.000000
vn 0.000000 -1.000000 0.000000
vn 0.000000 -1.000000 0.000000
vn 0.000000 0.000000 1.000000
vn 0.000000 0.000000 1.000000
vn 0.000000 0.000000 1.000000
vn 0.000000 0.000000 1.000000
vn 1.000000 0.000000 0.000000
vn 1.000000 0.000000 0.000000
vn 1.000000 0.000000 0.000000
vn 1.000000 0.000000 0.000000
vn 0.000000 1.000000 0.000000
vn 0.000000 1.000000 0.000000
vn 0.000000 1.000000 0.000000
vn 0.000000 1.000000 0.000000
vn -1.000000 0.000000 0.000000
vn -1.000000 0.000000 0.000000
vn -1.000000 0.000000 0.000000
vn -1.000000 0.000000 0.000000
vn 0.000000 0.000000 -1.000000
vn 0.000000 0.000000 -1.000000
vn 0.000000 0.000000 -1.000000
vn 0.000000 0.000000 -1.000000
vn 0.000000 -1.000000 0.000000
vn 0.000000 -1.000000 0.000000
vn 0.000000 -1.000000 0.000000
vn 0.000000 -1.000000 0.000000
vn 0.000000 0.000000 1.000000
vn 0.000000 0.000000 1.000000
vn 0.000000 0.000000 1.000000
vn 0.000000 0.000000 1.000000
vn 1.000000 0.000000 0.000000
vn 1.000000 0.000000 0.000000
vn 1.000000 0.000000 0.000000
vn 1.000000 0.000000 0.000000
vn 0.000000 0.974115 -0.226053
vn 0.000000 0.974115 -0.226053
vn 0.000000 0.974115 -0.226053
vn 0.000000 0.974115 -0.226053
vn -1.000000 0.000000 0.000000
vn -1.000000 0.000000 0.000000
vn -1.000000 0.000000 0.000000
vn -1.000000 0.000000 0.000000
vn 0.000000 -0.683760 -0.729707
vn 0.000000 -0.683760 -0.729707
vn 0.000000 -0.683760 -0.729707
vn 0.000000 -0.683760 -0.729707
vn 0.000000 -0.974115 0.226053
vn 0.000000 -0.974115 0.226053
vn 0.000000 -0.974115 0.226053
vn 0.000000 -0.974115 0.226053
vn 0.000000 0.683760 0.729707
vn 0.000000 0.683760 0.729707
vn 0.000000 0.683760 0.729707
vn 0.000000 0.683760 0.729707
vn 1.000000 0.000000 0.000000
vn 1.000000 0.000000 0.000000
vn 1.000000 0.000000 0.000000
vn 1.000000 0.000000 0.000000
vn 0.000000 1.000000 0.000000
vn 0.000000 1.000000 0.000000
vn 0.000000 1.000000 0.000000
vn 0.000000 1.000000 0.000000
vn 1.000000 0.000000 0.000000
vn 1.000000 0.000000 0.000000
vn 1.000000 0.000000 0.000000
vn 1.000000 0.000000 0.000000
vn 0.000000 0.000000 -1.000000
vn 0.000000 0.000000 -1.000000
vn 0.000000 0.000000 -1.000000
vn 0.000000 0.000000 -1.000000
vn 0.000000 -1.000000 0.000000
vn 0.000000 -1.000000 0.000000
vn 0.000000 -1.000000 0.000000
vn 0.000000 -1.000000 0.000000
vn 0.000000 0.000000 1.000000
vn 0.000000 0.000000 1.000000
vn 0.000000 0.000000 1.000000
vn 0.000000 0.000000 1.000000
vn -1.000000 0.000000 0.000000
vn -1.000000 0.000000 0.000000
vn -1.000000 0.000000 0.000000
vn -1.000000 0.000000 0.000000
vn 0.000000 1.000000 0.000000
vn 0.000000 1.000000 0.000000
vn 0.000000 1.000000 0.000000
vn 0.000000 1.000000 0.000000
vn 1.000000 0.000000 0.000000
vn 1.000000 0.000000 0.000000
vn 1.000000 0.000000 0.000000
vn 1.000000 0.000000 0.000000
vn 0.000000 0.000000 -1.000000
vn 0.000000 0.000000 -1.000000
vn 0.000000 0.000000 -1.000000
vn 0.000000 0.000000 -1.000000
vn 0.000000 -1.000000 0.000000
vn 0.000000 -1.000000 0.000000
vn 0.000000 -1.000000 0.000000
vn 0.000000 -1.000000 0.000000
vn 0.000000 0.000000 1.000000
vn 0.000000 0.000000 1.000000
vn 0.000000 0.000000 1.000000
vn 0.000000 0.000000 1.000000
vn -1.000000 0.000000 0.000000
vn -1.000000 0.000000 0.000000
vn -1.000000 0.000000 0.000000
vn -1.000000 0.000000 0.000000
vn 0.000000 0.974115 -0.226053
vn 0.000000 0.974115 -0.226053
vn 0.000000 0.974115 -0.226053
vn 0.000000 0.974115 -0.226053
vn 1.000000 0.000000 0.000000
vn 1.000000 0.000000 0.000000
vn 1.000000 0.000000 0.000000
vn 1.000000 0.000000 0.000000
vn 0.000000 -0.683760 -0.729707
vn 0.000000 -0.683760 -0.729707
vn 0.000000 -0.683760 -0.729707
vn 0.000000 -0.683760 -0.729707
vn 0.000000 -0.974115 0.226053
vn 0.000000 -0.974115 0.226053
vn 0.000000 -0.974115 0.226053
vn 0.000000 -0.974115 0.226053
vn 0.000000 0.683760 0.729707
vn 0.000000 0.683760 0.729707
vn 0.000000 0.683760 0.729707
vn 0.000000 0.683760 0.729707
vn -1.000000 0.000000 0.000000
vn -1.000000 0.000000 0.000000
vn -1.000000 0.000000 0.000000
vn -1.000000 0.000000 0.000000
s off
g WallShelf:Mesh Shelves
usemtl WallShelf:Top
f 2379/2323/3907 2381/2324/3908 2325/2325/3909 2326/2326/3910
f 2326/2326/3911 2325/2325/3912 2323/2327/3913 2324/2328/3914
f 2324/2328/3915 2323/2327/3916 2380/2329/3917 2382/2330/3918
f 2326/2331/3919 2324/2328/3920 2382/2330/3921 2379/2332/3922
f 2323/2327/3923 2325/2333/3924 2381/2334/3925 2380/2329/3926
f 2379/2323/3927 2354/2335/3928 2353/2336/3929 2381/2324/3930
f 2354/2335/3931 2352/2337/3932 2351/2338/3933 2353/2336/3934
f 2352/2337/3935 2382/2330/3936 2380/2329/3937 2351/2338/3938
f 2354/2339/3939 2379/2332/3940 2382/2330/3941 2352/2337/3942
f 2351/2338/3943 2380/2329/3944 2381/2334/3945 2353/2340/3946
usemtl WallShelf:Supports
f 2327/2341/3947 2331/2342/3948 2333/2343/3949 2329/2344/3950
f 2330/2345/3951 2329/2344/3952 2333/2346/3953 2334/2347/3954
f 2334/2348/3955 2333/2349/3956 2331/2350/3957 2332/2351/3958
f 2332/2352/3959 2328/2353/3960 2330/2345/3961 2334/2354/3962
f 2328/2353/3963 2327/2341/3964 2329/2344/3965 2330/2345/3966
f 2332/2351/3967 2331/2350/3968 2327/2341/3969 2328/2353/3970
f 2335/2355/3971 2339/2356/3972 2341/2357/3973 2337/2358/3974
f 2338/2359/3975 2337/2358/3976 2341/2360/3977 2342/2361/3978
f 2342/2362/3979 2341/2363/3980 2339/2364/3981 2340/2365/3982
f 2340/2366/3983 2336/2367/3984 2338/2359/3985 2342/2368/3986
f 2336/2367/3987 2335/2355/3988 2337/2358/3989 2338/2359/3990
f 2340/2365/3991 2339/2364/3992 2335/2355/3993 2336/2367/3994
f 2343/2369/3995 2347/2370/3996 2349/2371/3997 2345/2372/3998
f 2346/2373/3999 2345/2372/4000 2349/2374/4001 2350/2375/4002
f 2350/2376/4003 2349/2377/4004 2347/2378/4005 2348/2379/4006
f 2348/2380/4007 2344/2381/4008 2346/2373/4009 2350/2382/4010
f 2344/2381/4011 2343/2369/4012 2345/2372/4013 2346/2373/4014
f 2348/2379/4015 2347/2378/4016 2343/2369/4017 2344/2381/4018
f 2355/2383/4019 2357/2384/4020 2361/2385/4021 2359/2386/4022
f 2358/2387/4023 2362/2388/4024 2361/2389/4025 2357/2384/4026
f 2362/2390/4027 2360/2391/4028 2359/2392/4029 2361/2393/4030
f 2360/2394/4031 2362/2395/4032 2358/2387/4033 2356/2396/4034
f 2356/2396/4035 2358/2387/4036 2357/2384/4037 2355/2383/4038
f 2360/2391/4039 2356/2396/4040 2355/2383/4041 2359/2392/4042
f 2363/2397/4043 2365/2398/4044 2369/2399/4045 2367/2400/4046
f 2366/2401/4047 2370/2402/4048 2369/2403/4049 2365/2398/4050
f 2370/2404/4051 2368/2405/4052 2367/2406/4053 2369/2407/4054
f 2368/2408/4055 2370/2409/4056 2366/2401/4057 2364/2410/4058
f 2364/2410/4059 2366/2401/4060 2365/2398/4061 2363/2397/4062
f 2368/2405/4063 2364/2410/4064 2363/2397/4065 2367/2406/4066
f 2371/2411/4067 2373/2412/4068 2377/2413/4069 2375/2414/4070
f 2374/2415/4071 2378/2416/4072 2377/2417/4073 2373/2412/4074
f 2378/2418/4075 2376/2419/4076 2375/2420/4077 2377/2421/4078
f 2376/2422/4079 2378/2423/4080 2374/2415/4081 2372/2424/4082
f 2372/2424/4083 2374/2415/4084 2373/2412/4085 2371/2411/4086
f 2376/2419/4087 2372/2424/4088 2371/2411/4089 2375/2420/4090
g default
v 7.495340 0.164980 6.781029
v 7.495340 0.164980 6.781029
v 0.223572 0.164981 6.490410
v 0.223572 0.164980 6.781029
v 0.223572 0.164980 6.781029
v 7.492786 0.244083 -0.862648
v 7.495340 0.164980 6.494378
v 7.781758 0.244083 -0.862648
v 7.781758 0.244083 -0.862648
v 7.781758 0.164980 6.494378
v 7.781758 0.164980 6.494378
v -0.071625 0.164978 -0.694648
v -0.071625 0.164978 -0.694648
v -0.063080 0.164981 6.490410
v -0.063080 0.164981 6.490410
v 0.212565 0.164978 -0.694648
v 0.212565 0.164978 -0.974159
v 0.212565 0.164978 -0.974159
v 7.492786 0.244083 -1.146125
v 7.492786 0.244083 -1.146125
v 7.781758 0.164976 -0.862649
v 7.781758 0.164976 -0.862649
v 7.495340 0.085873 6.494376
v 7.495136 0.164976 -0.862649
v 7.781758 0.085873 6.494376
v 7.781758 0.085873 6.494376
v 0.212565 0.085871 -0.694650
v 0.212565 0.085871 -0.694650
v -0.063080 0.085874 6.490409
v -0.063080 0.085874 6.490409
v -0.071625 0.085871 -0.694650
v -0.071625 0.085871 -0.694650
v -0.071625 0.085871 -0.694650
v 0.223572 0.085874 6.490409
v 0.212565 0.085870 -0.974160
v 0.212565 0.085870 -0.974160
v 0.212565 0.085870 -0.974160
v 7.492786 0.164976 -1.146127
v 7.492786 0.164976 -1.146127
v 0.223572 0.085873 6.781028
v 0.223572 0.085873 6.781028
v 7.495340 0.085873 6.781028
v 7.495340 0.085873 6.781028
vt 0.292445 0.403528
vt 0.293516 0.403528
vt 0.289234 0.403528
vt 0.290304 0.403528
vt 0.291375 0.403528
vt 0.292445 0.403528
vt 0.293516 0.403528
vt 0.290304 0.403528
vt 0.291375 0.403528
vt 0.296213 0.406268
vt 0.293516 0.408922
vt 0.488997 0.526125
vt 0.497698 0.526125
vt 0.031937 0.526245
vt 0.023242 0.526245
vt 0.500007 0.528435
vt 0.508796 0.528435
vt 0.970479 0.528556
vt 0.979262 0.528556
vt 0.488997 0.534947
vt 0.031937 0.534947
vt 0.508796 0.537346
vt 0.970479 0.537346
vt 0.292445 0.607301
vt 0.293516 0.607301
vt 0.290304 0.607301
vt 0.291375 0.607301
vt 0.292445 0.607301
vt 0.289233 0.607301
vt 0.290304 0.607301
vt 0.291375 0.607301
vt 0.032014 0.069185
vt 0.023242 0.069185
vt 0.489074 0.069065
vt 0.497698 0.069065
vt 0.970473 0.066873
vt 0.979262 0.066873
vt 0.500007 0.066752
vt 0.508718 0.066752
vt 0.489074 0.060580
vt 0.032014 0.060580
vt 0.508718 0.058181
vt 0.970401 0.058181
vn 0.000000 1.000000 -0.000000
vn 0.000000 1.000000 -0.000000
vn 0.000000 1.000000 -0.000000
vn 0.000000 1.000000 -0.000000
vn 0.000000 1.000000 -0.000000
vn 0.000000 1.000000 -0.000000
vn 0.000000 1.000000 -0.000000
vn 0.000000 1.000000 -0.000000
vn 0.000000 1.000000 -0.000000
vn -0.000000 1.000000 -0.000000
vn -0.000000 1.000000 -0.000000
vn -0.000000 1.000000 -0.000000
vn 0.000000 1.000000 -0.000000
vn 0.000000 1.000000 -0.000000
vn 0.000000 1.000000 -0.000000
vn 0.000000 1.000000 -0.000000
vn 0.000000 1.000000 -0.000000
vn 0.000000 1.000000 -0.000000
vn 0.000000 1.000000 -0.000000
vn 0.000000 1.000000 -0.000000
vn 0.000000 1.000000 -0.000000
vn 0.000000 1.000000 -0.000000
vn 0.000000 1.000000 -0.000000
vn 0.000000 1.000000 -0.000000
vn 0.000000 1.000000 -0.000000
vn 0.000000 1.000000 -0.000000
vn 0.000000 1.000000 -0.000000
vn 0.000000 1.000000 -0.000000
vn 0.000000 1.000000 -0.000000
vn 0.000000 1.000000 -0.000000
vn 0.000000 -0.000000 -1.000000
vn 0.000000 -0.000000 -1.000000
vn 0.000000 -0.000000 -1.000000
vn 0.000000 -0.000000 -1.000000
vn 0.000000 -0.000000 -1.000000
vn 0.000000 -0.000000 -1.000000
vn 0.000000 -1.000000 0.000000
vn 0.000000 -1.000000 0.000000
vn 0.000000 -1.000000 0.000000
vn 0.000000 -1.000000 0.000000
vn 0.000000 -1.000000 0.000000
vn 0.000000 -1.000000 0.000000
vn 0.000000 -1.000000 0.000000
vn 0.000000 -1.000000 0.000000
vn 0.000000 -1.000000 0.000000
vn 0.000000 -1.000000 0.000000
vn 0.000000 -1.000000 0.000000
vn 0.000000 -1.000000 0.000000
vn 0.000000 -1.000000 0.000000
vn 0.000000 -1.000000 0.000000
vn 0.000000 -1.000000 0.000000
vn 0.000000 -1.000000 0.000000
vn 0.000000 -1.000000 0.000000
vn 0.000000 -1.000000 0.000000
vn 0.000000 -1.000000 0.000000
vn 0.000000 -1.000000 0.000000
vn 0.000000 -1.000000 0.000000
vn 0.000000 -1.000000 0.000000
vn 0.000000 -1.000000 0.000000
vn 0.000000 -1.000000 0.000000
vn 0.000000 -1.000000 0.000000
vn 0.000000 -1.000000 0.000000
vn 0.000000 -1.000000 0.000000
vn -0.000000 -1.000000 0.000000
vn -0.000000 -1.000000 0.000000
vn -0.000000 -1.000000 0.000000
vn 1.000000 0.000000 0.000000
vn 1.000000 0.000000 0.000000
vn 1.000000 0.000000 0.000000
vn 1.000000 0.000000 0.000000
vn 1.000000 0.000000 0.000000
vn 1.000000 0.000000 0.000000
vn -1.000000 0.000000 0.000000
vn -1.000000 0.000000 0.000000
vn -1.000000 0.000000 0.000000
vn -1.000000 0.000000 0.000000
vn -1.000000 0.000000 0.000000
vn -1.000000 0.000000 0.000000
vn 0.000000 1.000000 -0.000000
vn 0.000000 1.000000 -0.000000
vn 0.000000 1.000000 -0.000000
vn -0.000000 0.000000 1.000000
vn -0.000000 0.000000 1.000000
vn -0.000000 0.000000 1.000000
vn -0.000000 0.000000 1.000000
vn -0.000000 0.000000 1.000000
vn -0.000000 0.000000 1.000000
s off
g Shed pasted__GFBXASC045lantai1
usemtl pasted__GFBXASC045lantaiSG2
f 2389/2438/4091 2392/2439/4092 2390/2457/4093
f 2388/2456/4094 2402/2465/4095 2400/2464/4096
f 2389/2438/4097 2390/2457/4098 2388/2456/4099
f 2387/2444/4100 2384/2445/4101 2389/2438/4102
f 2394/2459/4103 2396/2437/4104 2385/2436/4105
f 2385/2436/4106 2387/2444/4107 2389/2438/4108
f 2389/2438/4109 2388/2456/4110 2400/2464/4111
f 2398/2458/4112 2394/2459/4113 2385/2436/4114
f 2389/2438/4115 2400/2464/4116 2398/2458/4117
f 2389/2438/4118 2398/2458/4119 2385/2436/4120
f 2399/2448/4121 2401/2425/4122 2420/2426/4123
f 2399/2448/4124 2420/2426/4125 2417/2449/4126
f 2416/2441/4127 2411/2440/4128 2414/2462/4129
f 2410/2463/4130 2419/2466/4131 2421/2467/4132
f 2416/2441/4133 2414/2462/4134 2410/2463/4135
f 2425/2447/4136 2423/2446/4137 2416/2441/4138
f 2403/2461/4139 2407/2443/4140 2405/2442/4141
f 2405/2442/4142 2425/2447/4143 2416/2441/4144
f 2416/2441/4145 2410/2463/4146 2421/2467/4147
f 2406/2460/4148 2403/2461/4149 2405/2442/4150
f 2416/2441/4151 2421/2467/4152 2406/2460/4153
f 2416/2441/4154 2406/2460/4155 2405/2442/4156
f 2404/2450/4157 2391/2453/4158 2393/2427/4159
f 2404/2450/4160 2393/2427/4161 2408/2428/4162
f 2395/2432/4163 2415/2433/4164 2412/2455/4165
f 2395/2432/4166 2412/2455/4167 2397/2454/4168
f 2418/2435/4169 2413/2431/4170 2409/2434/4171
f 2383/2451/4172 2386/2429/4173 2422/2430/4174
f 2383/2451/4175 2422/2430/4176 2424/2452/4177
g default
v -0.292297 15.757028 6.490418
v -0.292297 15.757028 6.490418
v -0.292297 15.757028 6.490418
v 0.223561 0.006763 6.490415
v 0.223561 0.006763 6.490415
v 0.223561 0.006763 6.490415
v -0.292297 0.006763 6.490415
v -0.292297 0.006763 6.490415
v -0.292297 0.006763 6.490415
v 0.223561 15.957314 6.490410
v 0.223561 15.957314 6.490410
v 0.223561 15.957314 6.490410
v 0.223561 15.957321 7.001214
v 0.223561 15.957321 7.001214
v 0.223561 15.957321 7.001214
v 0.223561 0.006763 7.001218
v 0.223561 0.006763 7.001218
v 0.223561 0.006763 7.001218
v -0.292297 0.006763 7.001218
v -0.292297 0.006763 7.001218
v -0.292297 0.006763 7.001218
v -0.292297 15.757034 7.001221
v -0.292297 15.757034 7.001221
v -0.292297 15.757034 7.001221
vt 0.983302 0.487327
vt 0.008639 0.487327
vt 0.983302 0.487590
vt 0.008639 0.487590
vt 0.971064 0.513908
vt 0.971064 0.513908
vt 0.971064 0.513908
vt 0.983302 0.513908
vt 0.396929 0.513908
vt 0.363113 0.513908
vt 0.049518 0.513908
vt 0.018307 0.513908
vt 0.008639 0.513908
vt 0.008639 0.513908
vt 0.008639 0.513908
vt 0.008639 0.513908
vt 0.971064 0.540225
vt 0.396929 0.540225
vt 0.363113 0.540225
vt 0.008639 0.540225
vt 0.983302 0.540488
vt 0.049518 0.540488
vt 0.018307 0.540488
vt 0.008639 0.540488
vn -1.000000 0.000000 0.000000
vn -1.000000 0.000000 0.000000
vn -1.000000 0.000000 0.000000
vn -1.000000 0.000000 0.000000
vn -1.000000 0.000000 0.000000
vn -1.000000 0.000000 0.000000
vn 0.000000 -1.000000 0.000000
vn 0.000000 -1.000000 0.000000
vn 0.000000 -1.000000 0.000000
vn 0.000000 -1.000000 0.000000
vn 0.000000 -1.000000 0.000000
vn 0.000000 -1.000000 0.000000
vn 1.000000 0.000000 0.000000
vn 1.000000 0.000000 0.000000
vn 1.000000 0.000000 0.000000
vn 1.000000 0.000000 0.000000
vn 1.000000 0.000000 0.000000
vn 1.000000 0.000000 0.000000
vn 0.000000 -0.000000 -1.000000
vn 0.000000 -0.000000 -1.000000
vn 0.000000 -0.000000 -1.000000
vn 0.000000 -0.000000 -1.000000
vn 0.000000 -0.000000 -1.000000
vn 0.000000 -0.000000 -1.000000
vn 0.000000 0.000000 1.000000
vn 0.000000 0.000000 1.000000
vn 0.000000 0.000000 1.000000
vn 0.000000 0.000000 1.000000
vn 0.000000 0.000000 1.000000
vn 0.000000 0.000000 1.000000
vn -0.361904 0.932215 -0.000000
vn -0.361904 0.932215 -0.000000
vn -0.361904 0.932215 -0.000000
vn -0.361909 0.932213 -0.000000
vn -0.361909 0.932213 -0.000000
vn -0.361909 0.932213 -0.000000
s off
g Shed pasted__GFBXASC045penyanggaFBXASC032depanFBXASC032kanan
usemtl pasted__GFBXASC045penyanggaFBXASC032belakangFBXASC032kiriSG
f 2428/2484/4178 2434/2487/4179 2446/2483/4180
f 2428/2484/4181 2446/2483/4182 2449/2474/4183
f 2430/2489/4184 2442/2490/4185 2445/2479/4186
f 2430/2489/4187 2445/2479/4188 2433/2478/4189
f 2431/2471/4190 2436/2470/4191 2439/2475/4192
f 2431/2471/4193 2439/2475/4194 2443/2481/4195
f 2426/2472/4196 2435/2488/4197 2429/2491/4198
f 2426/2472/4199 2429/2491/4200 2432/2480/4201
f 2438/2468/4202 2447/2473/4203 2444/2482/4204
f 2438/2468/4205 2444/2482/4206 2441/2469/4207
f 2440/2476/4208 2437/2485/4209 2427/2486/4210
f 2440/2476/4211 2427/2486/4212 2448/2477/4213
g default
v 0.212494 15.956323 -0.694627
v 0.212494 15.956323 -0.694627
v 0.212494 15.956323 -0.694627
v -0.303386 0.006765 -0.694644
v -0.303386 0.006765 -0.694644
v -0.303386 0.006765 -0.694644
v 0.212494 0.006765 -0.694644
v 0.212494 0.006765 -0.694644
v 0.212494 0.006765 -0.694644
v -0.303386 15.756051 -0.694650
v -0.303386 15.756051 -0.694650
v -0.303386 15.756051 -0.694650
v -0.303386 15.756058 -1.205422
v -0.303386 15.756058 -1.205422
v -0.303386 15.756058 -1.205422
v -0.303386 0.006763 -1.205416
v -0.303386 0.006763 -1.205416
v -0.303386 0.006763 -1.205416
v 0.212494 0.006763 -1.205416
v 0.212494 0.006763 -1.205416
v 0.212494 0.006763 -1.205416
v 0.212494 15.956329 -1.205400
v 0.212494 15.956329 -1.205400
v 0.212494 15.956329 -1.205400
vt 0.978905 0.460514
vt 0.005482 0.460514
vt 0.978905 0.460839
vt 0.368488 0.460839
vt 0.334284 0.460839
vt 0.005482 0.460839
vt 0.978905 0.493343
vt 0.991284 0.493343
vt 0.991284 0.493343
vt 0.991284 0.493343
vt 0.368488 0.493343
vt 0.334284 0.493343
vt 0.046832 0.493343
vt 0.015261 0.493343
vt 0.005482 0.493343
vt 0.005482 0.493343
vt 0.005482 0.493343
vt 0.005482 0.493343
vt 0.991284 0.525848
vt 0.005482 0.525848
vt 0.978905 0.526172
vt 0.046832 0.526172
vt 0.015261 0.526172
vt 0.005482 0.526172
vn 0.000000 -1.000000 0.000000
vn 0.000000 -1.000000 0.000000
vn 0.000000 -1.000000 0.000000
vn 0.000000 -1.000000 0.000000
vn 0.000000 -1.000000 0.000000
vn 0.000000 -1.000000 0.000000
vn 1.000000 -0.000000 -0.000000
vn 1.000000 -0.000000 -0.000000
vn 1.000000 -0.000000 -0.000000
vn 1.000000 -0.000000 -0.000000
vn 1.000000 -0.000000 -0.000000
vn 1.000000 -0.000000 -0.000000
vn 0.000000 0.000000 1.000000
vn 0.000000 0.000000 1.000000
vn 0.000000 0.000000 1.000000
vn 0.000000 0.000000 1.000000
vn 0.000000 0.000000 1.000000
vn 0.000000 0.000000 1.000000
vn -1.000000 0.000000 0.000000
vn -1.000000 0.000000 0.000000
vn -1.000000 0.000000 0.000000
vn -1.000000 0.000000 0.000000
vn -1.000000 0.000000 0.000000
vn -1.000000 0.000000 0.000000
vn -0.000000 -0.000000 -1.000000
vn -0.000000 -0.000000 -1.000000
vn -0.000000 -0.000000 -1.000000
vn -0.000000 -0.000000 -1.000000
vn -0.000000 -0.000000 -1.000000
vn -0.000000 -0.000000 -1.000000
vn -0.361909 0.932213 -0.000000
vn -0.361909 0.932213 -0.000000
vn -0.361909 0.932213 -0.000000
vn -0.361904 0.932215 -0.000000
vn -0.361904 0.932215 -0.000000
vn -0.361904 0.932215 -0.000000
s off
g Shed pasted__GFBXASC045penyanggaFBXASC032kananFBXASC032belakang
usemtl pasted__GFBXASC045penyanggaFBXASC032belakangFBXASC032kiriSG
f 2457/2504/4214 2454/2513/4215 2466/2514/4216
f 2457/2504/4217 2466/2514/4218 2469/2505/4219
f 2452/2510/4220 2458/2511/4221 2470/2509/4222
f 2452/2510/4223 2470/2509/4224 2473/2501/4225
f 2450/2499/4226 2459/2512/4227 2453/2515/4228
f 2450/2499/4229 2453/2515/4230 2456/2506/4231
f 2455/2497/4232 2461/2494/4233 2464/2498/4234
f 2455/2497/4235 2464/2498/4236 2467/2507/4237
f 2462/2492/4238 2471/2500/4239 2468/2508/4240
f 2462/2492/4241 2468/2508/4242 2465/2493/4243
f 2463/2503/4244 2460/2496/4245 2451/2495/4246
f 2463/2503/4247 2451/2495/4248 2472/2502/4249
g default
v 0.209127 3.078169 6.494382
v 0.209127 3.078169 6.494382
v 0.209127 3.078169 6.494382
v 0.209127 2.069816 7.010266
v 0.209127 2.069816 7.010266
v 0.209127 2.069816 7.010266
v 0.209127 2.008392 6.781028
v 0.209127 2.008392 6.781028
v 0.209127 2.008392 6.781028
v 0.209127 3.139593 6.723620
v 0.209127 3.139593 6.723620
v 0.209127 3.139593 6.723620
v 1.164259 2.069817 7.010266
v 1.164259 2.069817 7.010266
v 1.164259 2.069817 7.010266
v 1.164259 2.008393 6.781028
v 1.164259 2.008393 6.781028
v 1.164259 2.008393 6.781028
v 0.209127 3.999918 6.494382
v 0.209127 3.999918 6.494382
v 0.209127 3.999918 6.494382
v 0.209127 2.991565 7.010266
v 0.209127 2.991565 7.010266
v 0.209127 2.991565 7.010266
v 0.209127 2.930141 6.781028
v 0.209127 2.930141 6.781028
v 0.209127 2.930141 6.781028
v 0.209127 4.061342 6.723620
v 0.209127 4.061342 6.723620
v 0.209127 4.061342 6.723620
v 1.164259 3.851891 6.781028
v 1.164259 3.851891 6.781028
v 1.164259 3.851891 6.781028
v 0.209127 4.921668 6.494382
v 0.209127 4.921668 6.494382
v 0.209127 4.921668 6.494382
v 0.209127 3.851890 6.781028
v 0.209127 3.851890 6.781028
v 0.209127 3.851890 6.781028
v 1.164259 4.921669 6.494382
v 1.164259 4.921669 6.494382
v 1.164259 4.921669 6.494382
v 0.209127 3.913314 7.010266
v 0.209127 3.913314 7.010266
v 0.209127 3.913314 7.010266
v 0.209127 4.983091 6.723620
v 0.209127 4.983091 6.723620
v 0.209127 4.983091 6.723620
v 0.209127 5.843417 6.494382
v 0.209127 5.843417 6.494382
v 0.209127 5.843417 6.494382
v 0.209127 4.835063 7.010266
v 0.209127 4.835063 7.010266
v 0.209127 4.835063 7.010266
v 0.209127 4.773639 6.781028
v 0.209127 4.773639 6.781028
v 0.209127 4.773639 6.781028
v 0.209127 5.904841 6.723620
v 0.209127 5.904841 6.723620
v 0.209127 5.904841 6.723620
v 1.164259 4.773640 6.781028
v 1.164259 4.773640 6.781028
v 1.164259 4.773640 6.781028
v 1.164259 5.843418 6.494382
v 1.164259 5.843418 6.494382
v 1.164259 5.843418 6.494382
v 1.164259 1.296096 6.723620
v 1.164259 1.296096 6.723620
v 1.164259 1.296096 6.723620
v 0.209127 0.226318 7.010266
v 0.209127 0.226318 7.010266
v 0.209127 0.226318 7.010266
v 0.209127 0.226318 7.010266
v 0.209127 1.296095 6.723620
v 0.209127 1.296095 6.723620
v 0.209127 1.296095 6.723620
v 1.164259 0.226318 7.010266
v 1.164259 0.226318 7.010266
v 1.164259 0.226318 7.010266
v 1.164259 0.226318 7.010266
v 0.209127 1.234671 6.494382
v 0.209127 1.234671 6.494382
v 0.209127 1.234671 6.494382
v 0.209127 0.164894 6.781028
v 0.209127 0.164894 6.781028
v 0.209127 0.164894 6.781028
v 1.164259 1.234671 6.494382
v 1.164259 1.234671 6.494382
v 1.164259 1.234671 6.494382
v 3.841607 0.226318 7.010267
v 3.841607 0.226318 7.010267
v 3.841607 0.164894 6.781029
v 3.841607 0.164894 6.781029
v 1.164259 2.217844 6.723620
v 1.164259 2.217844 6.723620
v 1.164259 2.217844 6.723620
v 0.209127 1.148067 7.010266
v 0.209127 1.148067 7.010266
v 0.209127 1.148067 7.010266
v 0.209127 2.217844 6.723620
v 0.209127 2.217844 6.723620
v 0.209127 2.217844 6.723620
v 1.164259 1.148067 7.010266
v 1.164259 1.148067 7.010266
v 1.164259 1.148067 7.010266
v 0.209127 1.086643 6.781028
v 0.209127 1.086643 6.781028
v 0.209127 1.086643 6.781028
v 1.164259 1.086643 6.781028
v 1.164259 1.086643 6.781028
v 1.164259 1.086643 6.781028
v 0.209127 2.156420 6.494382
v 0.209127 2.156420 6.494382
v 0.209127 2.156420 6.494382
v 1.164259 2.156420 6.494382
v 1.164259 2.156420 6.494382
v 1.164259 2.156420 6.494382
v 3.841607 13.217410 6.494383
v 3.841607 13.217410 6.494383
v 3.841607 13.278834 6.723621
v 3.841607 13.278834 6.723621
v 3.842002 13.130807 6.517589
v 3.842002 13.130807 6.517589
v 1.164259 12.147633 6.781028
v 1.164259 12.147633 6.781028
v 1.164259 12.147633 6.781028
v 0.209126 13.217410 6.494382
v 0.209126 13.217410 6.494382
v 0.209126 13.217410 6.494382
v 0.209126 12.147633 6.781028
v 0.209126 12.147633 6.781028
v 0.209126 12.147633 6.781028
v 1.164263 13.130807 6.517589
v 1.164263 13.130807 6.517588
v 1.164263 13.130807 6.517588
v 0.209126 12.209058 7.010266
v 0.209126 12.209058 7.010266
v 0.209126 12.209058 7.010266
v 1.164259 12.209058 7.010266
v 1.164259 12.209058 7.010266
v 1.164259 12.209058 7.010266
v 0.209126 13.278834 6.723620
v 0.209126 13.278834 6.723620
v 0.209126 13.278834 6.723620
v 1.164262 13.130807 6.763285
v 1.164262 13.130807 6.763285
v 1.164262 13.130807 6.763285
v 3.842002 13.130807 6.763285
v 3.842002 13.130807 6.763285
v 1.164259 7.538888 6.781028
v 1.164259 7.538888 6.781028
v 1.164259 7.538888 6.781028
v 0.209127 8.608665 6.494382
v 0.209127 8.608665 6.494382
v 0.209127 8.608665 6.494382
v 0.209127 7.538888 6.781028
v 0.209127 7.538888 6.781028
v 0.209127 7.538888 6.781028
v 1.164259 8.608665 6.494382
v 1.164259 8.608665 6.494382
v 1.164259 8.608665 6.494382
v 1.164259 7.600312 7.010266
v 1.164259 7.600312 7.010266
v 1.164259 7.600312 7.010266
v 0.209126 7.600312 7.010266
v 0.209126 7.600312 7.010266
v 0.209126 7.600312 7.010266
v 1.164259 8.670089 6.723620
v 1.164259 8.670089 6.723620
v 1.164259 8.670089 6.723620
v 0.209126 8.670089 6.723620
v 0.209126 8.670089 6.723620
v 0.209126 8.670089 6.723620
v 0.209126 10.452163 6.494382
v 0.209126 10.452163 6.494382
v 0.209126 10.452163 6.494382
v 0.209126 9.443794 7.010266
v 0.209126 9.443794 7.010266
v 0.209126 9.443794 7.010266
v 0.209126 9.382385 6.781028
v 0.209126 9.382385 6.781028
v 0.209126 9.382385 6.781028
v 0.209126 10.513587 6.723620
v 0.209126 10.513587 6.723620
v 0.209126 10.513587 6.723620
v 1.164259 9.382386 6.781028
v 1.164259 9.382386 6.781028
v 1.164259 9.382386 6.781028
v 1.164259 10.452164 6.494382
v 1.164259 10.452164 6.494382
v 1.164259 10.452164 6.494382
v 1.164259 10.513588 6.723620
v 1.164259 10.513588 6.723620
v 1.164259 10.513588 6.723620
v 1.164259 9.443795 7.010266
v 1.164259 9.443795 7.010266
v 1.164259 9.443795 7.010266
v 0.209126 14.139159 6.494382
v 0.209126 14.139159 6.494382
v 0.209126 14.139159 6.494382
v 3.841606 14.200583 6.723621
v 3.841606 14.200583 6.723621
v 3.841606 14.200583 6.723621
v 0.209126 14.200583 6.723620
v 0.209126 14.200583 6.723620
v 0.209126 14.200583 6.723620
v 3.841606 14.139159 6.494383
v 3.841606 14.139159 6.494383
v 3.841606 14.139159 6.494383
v 3.841607 13.069382 6.781029
v 3.841607 13.069382 6.781029
v 3.841607 13.069382 6.781029
v 3.842002 13.130807 6.764570
v 3.842002 13.130807 6.764570
v 3.842002 13.130807 6.764570
v 3.374227 13.069382 6.781029
v 3.374227 13.069382 6.781029
v 3.374227 13.069382 6.781029
v 0.650541 13.069382 6.781028
v 1.164262 13.069382 6.781028
v 1.164262 13.069382 6.781028
v 0.209126 13.069382 6.781028
v 0.209126 13.069382 6.781028
v 0.209126 13.069382 6.781028
v 0.650541 13.130807 6.764569
v 1.164262 13.069382 6.781029
v 1.164262 13.069382 6.781029
v 3.841607 13.130807 7.010267
v 3.841607 13.130807 7.010267
v 3.841607 13.130807 7.010267
v 0.676877 13.130807 7.010266
v 0.209126 13.130807 7.010266
v 0.209126 13.130807 7.010266
v 0.650541 13.130807 7.010266
v 1.164262 13.130807 7.010266
v 1.164262 13.130807 7.010266
v 1.164262 13.130807 7.010266
v 3.374227 13.130807 7.010267
v 3.374227 13.130807 7.010267
v 3.374227 13.130807 7.010267
v 3.374227 13.130807 7.010267
v 0.209126 11.373912 6.494382
v 0.209126 11.373912 6.494382
v 0.209126 11.373912 6.494382
v 0.209126 10.365559 7.010266
v 0.209126 10.365559 7.010266
v 0.209126 10.365559 7.010266
v 0.209126 10.304134 6.781028
v 0.209126 10.304134 6.781028
v 0.209126 10.304134 6.781028
v 0.209126 11.435336 6.723620
v 0.209126 11.435336 6.723620
v 0.209126 11.435336 6.723620
v 1.164259 11.435336 6.723620
v 1.164259 11.435336 6.723620
v 1.164259 11.435336 6.723620
v 1.164259 10.365560 7.010266
v 1.164259 10.365560 7.010266
v 1.164259 10.365560 7.010266
v 0.209127 7.686915 6.494382
v 0.209127 7.686915 6.494382
v 0.209127 7.686915 6.494382
v 0.209127 6.678562 7.010266
v 0.209127 6.678562 7.010266
v 0.209127 6.678562 7.010266
v 0.209127 6.617138 6.781028
v 0.209127 6.617138 6.781028
v 0.209127 6.617138 6.781028
v 0.209127 7.748339 6.723620
v 0.209127 7.748339 6.723620
v 0.209127 7.748339 6.723620
v 1.164259 6.617139 6.781028
v 1.164259 6.617139 6.781028
v 1.164259 6.617139 6.781028
v 1.164259 7.686915 6.494382
v 1.164259 7.686915 6.494382
v 1.164259 7.686915 6.494382
v 1.164259 7.748340 6.723620
v 1.164259 7.748340 6.723620
v 1.164259 7.748340 6.723620
v 1.164259 6.678563 7.010266
v 1.164259 6.678563 7.010266
v 1.164259 6.678563 7.010266
v 0.209127 9.530406 6.494382
v 0.209127 9.530406 6.494382
v 0.209127 9.530406 6.494382
v 0.209126 8.522060 7.010266
v 0.209126 8.522060 7.010266
v 0.209126 8.522060 7.010266
v 0.209126 8.460637 6.781028
v 0.209126 8.460637 6.781028
v 0.209126 8.460637 6.781028
v 0.209126 9.591838 6.723620
v 0.209126 9.591838 6.723620
v 0.209126 9.591838 6.723620
v 1.164259 9.530415 6.494382
v 1.164259 9.530415 6.494382
v 1.164259 9.530415 6.494382
v 1.164259 9.591839 6.723620
v 1.164259 9.591839 6.723620
v 1.164259 9.591839 6.723620
v 1.164259 8.460637 6.781028
v 1.164259 8.460637 6.781028
v 1.164259 8.460637 6.781028
v 0.209126 12.357085 6.723620
v 0.209126 12.357085 6.723620
v 0.209126 12.357085 6.723620
v 1.164259 12.295662 6.494382
v 1.164259 12.295662 6.494382
v 1.164259 12.295662 6.494382
v 1.164259 12.357085 6.723620
v 1.164259 12.357085 6.723620
v 1.164259 12.357085 6.723620
v 0.209126 12.295662 6.494382
v 0.209126 12.295662 6.494382
v 0.209126 12.295662 6.494382
v 1.164259 11.225883 6.781028
v 1.164259 11.225883 6.781028
v 1.164259 11.225883 6.781028
v 0.209126 11.225883 6.781028
v 0.209126 11.225883 6.781028
v 0.209126 11.225883 6.781028
v 0.209126 11.287308 7.010266
v 0.209126 11.287308 7.010266
v 0.209126 11.287308 7.010266
v 1.164259 11.287308 7.010266
v 1.164259 11.287308 7.010266
v 1.164259 11.287308 7.010266
v 0.209127 6.765166 6.494382
v 0.209127 6.765166 6.494382
v 0.209127 6.765166 6.494382
v 0.209127 5.756813 7.010266
v 0.209127 5.756813 7.010266
v 0.209127 5.756813 7.010266
v 0.209127 5.695389 6.781028
v 0.209127 5.695389 6.781028
v 0.209127 5.695389 6.781028
v 0.209127 6.826591 6.723620
v 0.209127 6.826591 6.723620
v 0.209127 6.826591 6.723620
v 3.841606 13.991132 6.781029
v 3.841606 13.991132 6.781029
v 3.841606 13.991132 6.781029
v 0.209126 15.060908 6.494382
v 0.209126 15.060908 6.494382
v 0.209126 15.060908 6.494382
v 0.209126 13.991132 6.781028
v 0.209126 13.991132 6.781028
v 0.209126 13.991132 6.781028
v 3.841606 15.060908 6.494383
v 3.841606 15.060908 6.494383
v 3.841606 15.060908 6.494383
v 0.209126 14.052555 7.010266
v 0.209126 14.052555 7.010266
v 0.209126 14.052555 7.010266
v 3.841606 14.052555 7.010267
v 3.841606 14.052555 7.010267
v 3.841606 14.052555 7.010267
v 3.841606 15.122334 6.723621
v 3.841606 15.122334 6.723621
v 3.841606 15.122334 6.723621
v 0.209126 15.122334 6.723620
v 0.209126 15.122334 6.723620
v 0.209126 15.122334 6.723620
v 2.654764 17.887579 6.723621
v 2.654764 17.887579 6.723621
v 2.654764 17.887579 6.723621
v 3.841606 16.817802 7.010267
v 3.841606 16.817802 7.010267
v 3.841606 16.817802 7.010267
v 1.295707 16.817802 7.010266
v 1.295707 16.817802 7.010266
v 1.295707 16.817802 7.010266
v 3.841606 17.887579 6.723621
v 3.841606 17.887579 6.723621
v 3.841606 17.887579 6.723621
v 1.217673 16.756365 6.781029
v 1.217673 16.756365 6.781029
v 1.217673 16.756365 6.781029
v 3.841606 16.756365 6.781029
v 3.841606 16.756365 6.781029
v 3.841606 16.756365 6.781029
v 2.576730 17.826157 6.494383
v 2.576730 17.826157 6.494383
v 2.576730 17.826157 6.494383
v 3.841606 17.826157 6.494383
v 3.841606 17.826157 6.494383
v 3.841606 17.826157 6.494383
v 3.841606 18.599876 6.781029
v 3.841606 18.599876 6.781029
v 3.841606 18.599876 6.781029
v 3.841606 18.821798 6.721565
v 3.841606 18.821798 6.721565
v 3.841606 18.821798 6.721565
v 3.559674 18.599876 6.781029
v 3.559674 18.599876 6.781029
v 3.559674 18.599876 6.781029
v 3.841606 18.661301 7.010267
v 3.841606 18.661301 7.010267
v 3.841606 18.661301 7.010267
v 3.841606 18.821798 6.967262
v 3.841606 18.821798 6.967262
v 3.841606 18.821798 6.967262
v 3.637708 18.661301 7.010267
v 3.637708 18.661301 7.010267
v 3.637708 18.661301 7.010267
v 0.209126 15.926321 6.509478
v 0.209126 15.926321 6.509478
v 0.209126 15.926321 6.509478
v 0.209126 14.974304 7.010266
v 0.209126 14.974304 7.010266
v 0.209126 14.974304 7.010266
v 0.209126 14.912881 6.781028
v 0.209126 14.912881 6.781028
v 0.209126 14.912881 6.781028
v 0.209126 15.926321 6.755174
v 0.209126 15.926321 6.755174
v 0.209126 15.926321 6.755174
v 3.841606 14.912881 6.781029
v 3.841606 14.912881 6.781029
v 3.841606 14.912881 6.781029
v 0.280696 15.982657 6.494382
v 0.280696 15.982657 6.494382
v 0.280696 15.982657 6.494382
v 3.841606 15.982657 6.494383
v 3.841606 15.982657 6.494383
v 3.841606 15.982657 6.494383
v 0.358730 16.044081 6.723620
v 0.358730 16.044081 6.723620
v 0.358730 16.044081 6.723620
v 3.841606 14.974304 7.010267
v 3.841606 14.974304 7.010267
v 3.841606 14.974304 7.010267
v 3.841606 16.044081 6.723621
v 3.841606 16.044081 6.723621
v 3.841606 16.044081 6.723621
v 3.841606 17.678158 6.781029
v 3.841606 17.678158 6.781029
v 3.841606 17.678158 6.781029
v 2.466707 17.739552 7.010267
v 2.466707 17.739552 7.010267
v 2.466707 17.739552 7.010267
v 3.841606 17.739552 7.010267
v 3.841606 17.739552 7.010267
v 3.841606 17.739552 7.010267
v 2.388643 17.678158 6.781029
v 2.388643 17.678158 6.781029
v 2.388643 17.678158 6.781029
v 3.747730 18.747906 6.494383
v 3.747730 18.747906 6.494383
v 3.747730 18.747906 6.494383
v 3.841606 18.747906 6.494383
v 3.841606 18.747906 6.494383
v 3.841606 18.747906 6.494383
v 3.825764 18.809330 6.723621
v 3.825764 18.809330 6.723621
v 3.825764 18.809330 6.723621
v 3.841606 18.809330 6.723621
v 3.841606 18.809330 6.723621
v 3.841606 18.809330 6.723621
v 3.841606 15.834630 6.781029
v 3.841606 15.834630 6.781029
v 3.841606 15.834630 6.781029
v 0.209126 15.926321 6.756460
v 0.209126 15.926321 6.756460
v 0.209126 15.926321 6.756460
v 0.209126 15.834630 6.781028
v 0.209126 15.834630 6.781028
v 0.209126 15.834630 6.781028
v 1.405729 16.904408 6.494383
v 1.405729 16.904408 6.494383
v 1.405729 16.904408 6.494383
v 3.841606 16.904408 6.494383
v 3.841606 16.904408 6.494383
v 3.841606 16.904408 6.494383
v 1.483763 16.965830 6.723620
v 1.483763 16.965830 6.723620
v 1.483763 16.965830 6.723620
v 3.841606 16.965830 6.723621
v 3.841606 16.965830 6.723621
v 3.841606 16.965830 6.723621
v 0.209126 15.926321 7.002156
v 0.209126 15.926321 7.002156
v 0.209126 15.926321 7.002156
v 0.209126 15.896053 7.010266
v 0.209126 15.896053 7.010266
v 0.209126 15.896053 7.010266
v 3.841606 15.896053 7.010267
v 3.841606 15.896053 7.010267
v 3.841606 15.896053 7.010267
v 1.164259 11.373912 6.494382
v 1.164259 11.373912 6.494382
v 1.164259 11.373912 6.494382
v 1.164259 10.304135 6.781028
v 1.164259 10.304135 6.781028
v 1.164259 10.304135 6.781028
v 1.164259 5.756814 7.010266
v 1.164259 5.756814 7.010266
v 1.164259 5.756814 7.010266
v 1.164259 5.695389 6.781028
v 1.164259 5.695389 6.781028
v 1.164259 5.695389 6.781028
v 1.164259 6.826591 6.723620
v 1.164259 6.826591 6.723620
v 1.164259 6.826591 6.723620
v 1.164259 6.765167 6.494382
v 1.164259 6.765167 6.494382
v 1.164259 6.765167 6.494382
v 1.164259 8.522061 7.010266
v 1.164259 8.522061 7.010266
v 1.164259 8.522061 7.010266
v 1.164259 5.904842 6.723620
v 1.164259 5.904842 6.723620
v 1.164259 5.904842 6.723620
v 1.164259 4.835064 7.010266
v 1.164259 4.835064 7.010266
v 1.164259 4.835064 7.010266
v 4.309042 0.226404 7.010267
v 3.374228 0.226318 7.010267
v 1.164259 3.139594 6.723620
v 1.164259 3.139594 6.723620
v 1.164259 3.139594 6.723620
v 1.164259 3.078170 6.494382
v 1.164259 3.078170 6.494382
v 1.164259 3.078170 6.494382
v 1.164259 4.983092 6.723620
v 1.164259 4.983092 6.723620
v 1.164259 4.983092 6.723620
v 1.164259 3.913315 7.010266
v 1.164259 3.913315 7.010266
v 1.164259 3.913315 7.010266
v 1.164259 3.999919 6.494382
v 1.164259 3.999919 6.494382
v 1.164259 3.999919 6.494382
v 1.164259 4.061343 6.723620
v 1.164259 4.061343 6.723620
v 1.164259 4.061343 6.723620
v 1.164259 2.930141 6.781028
v 1.164259 2.930141 6.781028
v 1.164259 2.930141 6.781028
v 1.164259 2.991566 7.010266
v 1.164259 2.991566 7.010266
v 1.164259 2.991566 7.010266
v 1.164259 0.226318 6.764570
v 1.164259 0.226318 6.764570
v 1.164259 0.226318 6.764570
v 4.309042 0.226404 6.764570
v 3.374228 0.226318 6.764570
v 7.520122 3.078242 6.494386
v 7.520122 3.078242 6.494386
v 7.520122 3.078242 6.494386
v 7.520122 2.069894 7.010267
v 7.520122 2.069894 7.010267
v 7.520122 2.069894 7.010267
v 7.520122 2.008470 6.781030
v 7.520122 2.008470 6.781030
v 7.520122 2.008470 6.781030
v 7.520122 3.139666 6.723623
v 7.520122 3.139666 6.723623
v 7.520122 3.139666 6.723623
v 6.519004 2.069894 7.010267
v 6.519004 2.069894 7.010267
v 6.519004 2.069894 7.010267
v 6.519004 2.008470 6.781030
v 6.519004 2.008470 6.781030
v 6.519004 2.008470 6.781030
v 7.520122 3.999987 6.494386
v 7.520122 3.999987 6.494386
v 7.520122 3.999987 6.494386
v 7.520122 2.991639 7.010267
v 7.520122 2.991639 7.010267
v 7.520122 2.991639 7.010267
v 7.520122 2.930215 6.781030
v 7.520122 2.930215 6.781030
v 7.520122 2.930215 6.781030
v 7.520122 4.061411 6.723623
v 7.520122 4.061411 6.723623
v 7.520122 4.061411 6.723623
v 6.519004 3.851960 6.781030
v 6.519004 3.851960 6.781030
v 6.519004 3.851960 6.781030
v 7.520122 4.921732 6.494386
v 7.520122 4.921732 6.494386
v 7.520122 4.921732 6.494386
v 7.520122 3.851960 6.781030
v 7.520122 3.851960 6.781030
v 7.520122 3.851960 6.781030
v 6.519004 4.921732 6.494386
v 6.519004 4.921732 6.494386
v 6.519004 4.921732 6.494386
v 7.520122 3.913384 7.010267
v 7.520122 3.913384 7.010267
v 7.520122 3.913384 7.010267
v 7.520122 4.983155 6.723623
v 7.520122 4.983155 6.723623
v 7.520122 4.983155 6.723623
v 7.520122 5.843477 6.494386
v 7.520122 5.843477 6.494386
v 7.520122 5.843477 6.494386
v 7.520122 4.835128 7.010267
v 7.520122 4.835128 7.010267
v 7.520122 4.835128 7.010267
v 7.520122 4.773705 6.781030
v 7.520122 4.773705 6.781030
v 7.520122 4.773705 6.781030
v 7.520122 5.904901 6.723623
v 7.520122 5.904901 6.723623
v 7.520122 5.904901 6.723623
v 6.519004 4.773705 6.781030
v 6.519004 4.773705 6.781030
v 6.519004 4.773705 6.781030
v 6.519004 5.843477 6.494386
v 6.519004 5.843477 6.494386
v 6.519004 5.843477 6.494386
v 6.519004 1.296177 6.723622
v 6.519004 1.296177 6.723622
v 6.519004 1.296177 6.723622
v 7.520122 0.226404 7.010267
v 7.520122 0.226404 7.010267
v 7.520122 0.226404 7.010267
v 7.520122 0.226404 7.010267
v 7.520122 1.296176 6.723623
v 7.520122 1.296176 6.723623
v 7.520122 1.296176 6.723623
v 6.519004 0.226404 7.010267
v 6.519004 0.226404 7.010267
v 6.519004 0.226404 7.010267
v 6.519004 0.226404 7.010267
v 7.520122 1.234752 6.494386
v 7.520122 1.234752 6.494386
v 7.520122 1.234752 6.494386
v 7.520122 0.164980 6.781030
v 7.520122 0.164980 6.781030
v 7.520122 0.164980 6.781030
v 6.519004 1.234753 6.494386
v 6.519004 1.234753 6.494386
v 6.519004 1.234753 6.494386
v 3.841607 0.226404 7.010266
v 3.841607 0.226404 7.010266
v 3.841607 0.164980 6.781030
v 3.841607 0.164980 6.781030
v 6.519004 2.217921 6.723622
v 6.519004 2.217921 6.723622
v 6.519004 2.217921 6.723622
v 7.520122 1.148149 7.010267
v 7.520122 1.148149 7.010267
v 7.520122 1.148149 7.010267
v 7.520122 2.217921 6.723623
v 7.520122 2.217921 6.723623
v 7.520122 2.217921 6.723623
v 6.519004 1.148149 7.010267
v 6.519004 1.148149 7.010267
v 6.519004 1.148149 7.010267
v 7.520122 1.086725 6.781030
v 7.520122 1.086725 6.781030
v 7.520122 1.086725 6.781030
v 6.519004 1.086725 6.781030
v 6.519004 1.086725 6.781030
v 6.519004 1.086725 6.781030
v 7.520122 2.156497 6.494386
v 7.520122 2.156497 6.494386
v 7.520122 2.156497 6.494386
v 6.519004 2.156497 6.494386
v 6.519004 2.156497 6.494386
v 6.519004 2.156497 6.494386
v 3.841607 13.217435 6.494385
v 3.841607 13.217435 6.494385
v 3.841607 13.278860 6.723622
v 3.841607 13.278860 6.723622
v 3.842003 13.130833 6.517591
v 3.842003 13.130833 6.517591
v 6.519004 12.147663 6.781030
v 6.519004 12.147663 6.781030
v 6.519004 12.147663 6.781030
v 7.520121 13.217435 6.494386
v 7.520121 13.217435 6.494386
v 7.520121 13.217435 6.494386
v 7.520121 12.147663 6.781030
v 7.520121 12.147663 6.781030
v 7.520121 12.147663 6.781030
v 7.032731 13.130833 6.517591
v 6.519000 13.130833 6.517591
v 6.519000 13.130833 6.517591
v 7.520121 12.209087 7.010267
v 7.520121 12.209087 7.010267
v 7.520121 12.209087 7.010267
v 6.519004 12.209087 7.010267
v 6.519004 12.209087 7.010267
v 6.519004 12.209087 7.010267
v 7.520121 13.278860 6.723623
v 7.520121 13.278860 6.723623
v 7.520121 13.278860 6.723623
v 6.519000 13.130833 6.763286
v 6.519000 13.130833 6.763286
v 6.519000 13.130833 6.763286
v 3.842003 13.130833 6.763286
v 3.842003 13.130833 6.763286
v 6.519004 7.538940 6.781030
v 6.519004 7.538940 6.781030
v 6.519004 7.538940 6.781030
v 7.520121 8.608711 6.494386
v 7.520121 8.608711 6.494386
v 7.520121 8.608711 6.494386
v 7.520121 7.538939 6.781030
v 7.520121 7.538939 6.781030
v 7.520121 7.538939 6.781030
v 6.519004 8.608712 6.494386
v 6.519004 8.608712 6.494386
v 6.519004 8.608712 6.494386
v 6.519004 7.600364 7.010267
v 6.519004 7.600364 7.010267
v 6.519004 7.600364 7.010267
v 7.520121 7.600363 7.010267
v 7.520121 7.600363 7.010267
v 7.520121 7.600363 7.010267
v 6.519004 8.670135 6.723622
v 6.519004 8.670135 6.723622
v 6.519004 8.670135 6.723622
v 7.520121 8.670135 6.723623
v 7.520121 8.670135 6.723623
v 7.520121 8.670135 6.723623
v 7.520121 10.452201 6.494386
v 7.520121 10.452201 6.494386
v 7.520121 10.452201 6.494386
v 7.520121 9.443860 7.010267
v 7.520121 9.443860 7.010267
v 7.520121 9.443860 7.010267
v 7.520121 9.382429 6.781030
v 7.520121 9.382429 6.781030
v 7.520121 9.382429 6.781030
v 7.520121 10.513625 6.723623
v 7.520121 10.513625 6.723623
v 7.520121 10.513625 6.723623
v 6.519004 9.382429 6.781030
v 6.519004 9.382429 6.781030
v 6.519004 9.382429 6.781030
v 6.519004 10.452202 6.494386
v 6.519004 10.452202 6.494386
v 6.519004 10.452202 6.494386
v 6.519004 10.513626 6.723622
v 6.519004 10.513626 6.723622
v 6.519004 10.513626 6.723622
v 6.519004 9.443861 7.010267
v 6.519004 9.443861 7.010267
v 6.519004 9.443861 7.010267
v 7.520121 14.139180 6.494386
v 7.520121 14.139180 6.494386
v 7.520121 14.139180 6.494386
v 3.841607 14.200604 6.723622
v 3.841607 14.200604 6.723622
v 3.841607 14.200604 6.723622
v 7.520121 14.200604 6.723623
v 7.520121 14.200604 6.723623
v 7.520121 14.200604 6.723623
v 3.841607 14.139180 6.494385
v 3.841607 14.139180 6.494385
v 3.841607 14.139180 6.494385
v 3.841607 13.069408 6.781030
v 3.841607 13.069408 6.781030
v 3.841607 13.069408 6.781030
v 3.842002 13.130833 6.764571
v 3.842003 13.130833 6.764571
v 3.842003 13.130833 6.764571
v 4.308994 13.069408 6.781030
v 4.308994 13.069408 6.781030
v 4.308994 13.069408 6.781030
v 7.032731 13.069408 6.781030
v 6.519000 13.069408 6.781030
v 6.519000 13.069408 6.781030
v 7.520121 13.069408 6.781030
v 7.520121 13.069408 6.781030
v 7.520121 13.069408 6.781030
v 7.032731 13.130833 6.764571
v 6.519000 13.130833 6.764572
v 6.519000 13.130833 6.764572
v 3.841607 13.130833 7.010266
v 3.841607 13.130833 7.010266
v 3.841607 13.130833 7.010266
v 7.006394 13.130833 7.010267
v 7.520121 13.130833 7.010267
v 7.520121 13.130833 7.010267
v 7.032731 13.130833 7.010267
v 6.519000 13.130833 7.010267
v 6.519000 13.130833 7.010267
v 6.519000 13.130833 7.010267
v 4.308994 13.130833 7.010267
v 4.308994 13.130833 7.010267
v 4.308994 13.130833 7.010267
v 4.308994 13.130833 7.010267
v 7.520121 11.373946 6.494386
v 7.520121 11.373946 6.494386
v 7.520121 11.373946 6.494386
v 7.520121 10.365598 7.010267
v 7.520121 10.365598 7.010267
v 7.520121 10.365598 7.010267
v 7.520121 10.304173 6.781030
v 7.520121 10.304173 6.781030
v 7.520121 10.304173 6.781030
v 7.520121 11.435369 6.723623
v 7.520121 11.435369 6.723623
v 7.520121 11.435369 6.723623
v 6.519004 11.435369 6.723622
v 6.519004 11.435369 6.723622
v 6.519004 11.435369 6.723622
v 6.519004 10.365599 7.010267
v 6.519004 10.365599 7.010267
v 6.519004 10.365599 7.010267
v 7.520122 7.686966 6.494386
v 7.520122 7.686966 6.494386
v 7.520122 7.686966 6.494386
v 7.520121 6.678618 7.010267
v 7.520121 6.678618 7.010267
v 7.520121 6.678618 7.010267
v 7.520122 6.617194 6.781030
v 7.520122 6.617194 6.781030
v 7.520122 6.617194 6.781030
v 7.520121 7.748390 6.723623
v 7.520121 7.748390 6.723623
v 7.520121 7.748390 6.723623
v 6.519004 6.617195 6.781030
v 6.519004 6.617195 6.781030
v 6.519004 6.617195 6.781030
v 6.519004 7.686967 6.494386
v 6.519004 7.686967 6.494386
v 6.519004 7.686967 6.494386
v 6.519004 7.748391 6.723622
v 6.519004 7.748391 6.723622
v 6.519004 7.748391 6.723622
v 6.519004 6.678618 7.010267
v 6.519004 6.678618 7.010267
v 6.519004 6.678618 7.010267
v 7.520121 9.530449 6.494386
v 7.520121 9.530449 6.494386
v 7.520121 9.530449 6.494386
v 7.520121 8.522107 7.010267
v 7.520121 8.522107 7.010267
v 7.520121 8.522107 7.010267
v 7.520121 8.460684 6.781030
v 7.520121 8.460684 6.781030
v 7.520121 8.460684 6.781030
v 7.520121 9.591880 6.723623
v 7.520121 9.591880 6.723623
v 7.520121 9.591880 6.723623
v 6.519004 9.530449 6.494386
v 6.519004 9.530449 6.494386
v 6.519004 9.530449 6.494386
v 6.519004 9.591881 6.723622
v 6.519004 9.591881 6.723622
v 6.519004 9.591881 6.723622
v 6.519004 8.460685 6.781030
v 6.519004 8.460685 6.781030
v 6.519004 8.460685 6.781030
v 7.520121 12.357115 6.723623
v 7.520121 12.357115 6.723623
v 7.520121 12.357115 6.723623
v 6.519004 12.295691 6.494386
v 6.519004 12.295691 6.494386
v 6.519004 12.295691 6.494386
v 6.519004 12.357115 6.723622
v 6.519004 12.357115 6.723622
v 6.519004 12.357115 6.723622
v 7.520121 12.295691 6.494386
v 7.520121 12.295691 6.494386
v 7.520121 12.295691 6.494386
v 6.519004 11.225918 6.781030
v 6.519004 11.225918 6.781030
v 6.519004 11.225918 6.781030
v 7.520121 11.225918 6.781030
v 7.520121 11.225918 6.781030
v 7.520121 11.225918 6.781030
v 7.520121 11.287343 7.010267
v 7.520121 11.287343 7.010267
v 7.520121 11.287343 7.010267
v 6.519004 11.287343 7.010267
v 6.519004 11.287343 7.010267
v 6.519004 11.287343 7.010267
v 7.520122 6.765222 6.494386
v 7.520122 6.765222 6.494386
v 7.520122 6.765222 6.494386
v 7.520121 5.756873 7.010267
v 7.520121 5.756873 7.010267
v 7.520121 5.756873 7.010267
v 7.520122 5.695449 6.781030
v 7.520122 5.695449 6.781030
v 7.520122 5.695449 6.781030
v 7.520122 6.826645 6.723623
v 7.520122 6.826645 6.723623
v 7.520122 6.826645 6.723623
v 3.841607 13.991154 6.781030
v 3.841607 13.991154 6.781030
v 3.841607 13.991154 6.781030
v 7.520121 15.060925 6.494386
v 7.520121 15.060925 6.494386
v 7.520121 15.060925 6.494386
v 7.520121 13.991154 6.781030
v 7.520121 13.991154 6.781030
v 7.520121 13.991154 6.781030
v 3.841607 15.060925 6.494385
v 3.841607 15.060925 6.494385
v 3.841607 15.060925 6.494385
v 7.520121 14.052577 7.010267
v 7.520121 14.052577 7.010267
v 7.520121 14.052577 7.010267
v 3.841607 14.052577 7.010266
v 3.841607 14.052577 7.010266
v 3.841607 14.052577 7.010266
v 3.841607 15.122350 6.723622
v 3.841607 15.122350 6.723622
v 3.841607 15.122350 6.723622
v 7.520121 15.122350 6.723623
v 7.520121 15.122350 6.723623
v 7.520121 15.122350 6.723623
v 5.028471 17.887585 6.723622
v 5.028471 17.887585 6.723622
v 5.028471 17.887585 6.723622
v 3.841607 16.817797 7.010266
v 3.841607 16.817797 7.010266
v 3.841607 16.817797 7.010266
v 6.387552 16.817797 7.010267
v 6.387552 16.817797 7.010267
v 6.387552 16.817797 7.010267
v 3.841607 17.887585 6.723622
v 3.841607 17.887585 6.723622
v 3.841607 17.887585 6.723622
v 6.465588 16.756403 6.781030
v 6.465588 16.756403 6.781030
v 6.465588 16.756403 6.781030
v 3.841607 16.756403 6.781030
v 3.841607 16.756403 6.781030
v 3.841607 16.756403 6.781030
v 5.106506 17.826160 6.494385
v 5.106506 17.826160 6.494385
v 5.106506 17.826160 6.494385
v 3.841607 17.826160 6.494385
v 3.841607 17.826160 6.494385
v 3.841607 17.826160 6.494385
v 3.841607 18.599878 6.781030
v 3.841607 18.599878 6.781030
v 3.841607 18.599878 6.781030
v 3.841607 18.821798 6.721566
v 3.841607 18.821798 6.721566
v 3.841607 18.821798 6.721566
v 4.123544 18.599878 6.781030
v 4.123544 18.599878 6.781030
v 4.123544 18.599878 6.781030
v 3.841607 18.661303 7.010266
v 3.841607 18.661303 7.010266
v 3.841607 18.661303 7.010266
v 3.841607 18.821798 6.967261
v 3.841607 18.821798 6.967261
v 3.841607 18.821798 6.967261
v 4.045509 18.661303 7.010267
v 4.045509 18.661303 7.010267
v 4.045509 18.661303 7.010267
v 7.520121 15.926334 6.509481
v 7.520121 15.926334 6.509481
v 7.520121 15.926334 6.509481
v 7.520121 14.974321 7.010267
v 7.520121 14.974321 7.010267
v 7.520121 14.974321 7.010267
v 7.520121 14.912898 6.781030
v 7.520121 14.912898 6.781030
v 7.520121 14.912898 6.781030
v 7.520121 15.926334 6.755176
v 7.520121 15.926334 6.755176
v 7.520121 15.926334 6.755176
v 3.841607 14.912898 6.781030
v 3.841607 14.912898 6.781030
v 3.841607 14.912898 6.781030
v 7.448550 15.982671 6.494386
v 7.448550 15.982671 6.494386
v 7.448550 15.982671 6.494386
v 3.841607 15.982671 6.494385
v 3.841607 15.982671 6.494385
v 3.841607 15.982671 6.494385
v 7.370514 16.044094 6.723623
v 7.370514 16.044094 6.723623
v 7.370514 16.044094 6.723623
v 3.841607 14.974321 7.010266
v 3.841607 14.974321 7.010266
v 3.841607 14.974321 7.010266
v 3.841607 16.044094 6.723622
v 3.841607 16.044094 6.723622
v 3.841607 16.044094 6.723622
v 3.841607 17.678118 6.781030
v 3.841607 17.678118 6.781030
v 3.841607 17.678118 6.781030
v 5.216531 17.739588 7.010267
v 5.216531 17.739588 7.010267
v 5.216531 17.739588 7.010267
v 3.841607 17.739588 7.010266
v 3.841607 17.739588 7.010266
v 3.841607 17.739588 7.010266
v 5.294566 17.678118 6.781030
v 5.294566 17.678118 6.781030
v 5.294566 17.678118 6.781030
v 3.935484 18.747906 6.494385
v 3.935484 18.747906 6.494385
v 3.935484 18.747906 6.494385
v 3.841607 18.747906 6.494385
v 3.841607 18.747906 6.494385
v 3.841607 18.747906 6.494385
v 3.857449 18.809328 6.723622
v 3.857449 18.809328 6.723622
v 3.857449 18.809328 6.723622
v 3.841607 18.809328 6.723622
v 3.841607 18.809328 6.723622
v 3.841607 18.809328 6.723622
v 3.841607 15.834643 6.781030
v 3.841607 15.834643 6.781030
v 3.841607 15.834643 6.781030
v 7.520121 15.926334 6.756462
v 7.520121 15.926334 6.756462
v 7.520121 15.926334 6.756462
v 7.520121 15.834643 6.781030
v 7.520121 15.834643 6.781030
v 7.520121 15.834643 6.781030
v 6.277528 16.904446 6.494386
v 6.277528 16.904446 6.494386
v 6.277528 16.904446 6.494386
v 3.841607 16.904446 6.494385
v 3.841607 16.904446 6.494385
v 3.841607 16.904446 6.494385
v 6.199492 16.965839 6.723622
v 6.199492 16.965839 6.723622
v 6.199492 16.965839 6.723622
v 3.841607 16.965839 6.723622
v 3.841607 16.965839 6.723622
v 3.841607 16.965839 6.723622
v 7.520121 15.926334 7.002157
v 7.520121 15.926334 7.002157
v 7.520121 15.926334 7.002157
v 7.520121 15.896067 7.010267
v 7.520121 15.896067 7.010267
v 7.520121 15.896067 7.010267
v 3.841607 15.896067 7.010266
v 3.841607 15.896067 7.010266
v 3.841607 15.896067 7.010266
v 6.519004 11.373946 6.494386
v 6.519004 11.373946 6.494386
v 6.519004 11.373946 6.494386
v 6.519004 10.304174 6.781030
v 6.519004 10.304174 6.781030
v 6.519004 10.304174 6.781030
v 6.519004 5.756874 7.010267
v 6.519004 5.756874 7.010267
v 6.519004 5.756874 7.010267
v 6.519004 5.695450 6.781030
v 6.519004 5.695450 6.781030
v 6.519004 5.695450 6.781030
v 6.519004 6.826646 6.723622
v 6.519004 6.826646 6.723622
v 6.519004 6.826646 6.723622
v 6.519004 6.765223 6.494386
v 6.519004 6.765223 6.494386
v 6.519004 6.765223 6.494386
v 6.519004 8.522108 7.010267
v 6.519004 8.522108 7.010267
v 6.519004 8.522108 7.010267
v 6.519004 5.904901 6.723622
v 6.519004 5.904901 6.723622
v 6.519004 5.904901 6.723622
v 6.519004 4.835128 7.010267
v 6.519004 4.835128 7.010267
v 6.519004 4.835128 7.010267
v 4.308995 0.226404 7.010267
v 4.308995 0.226404 7.010267
v 6.519004 3.139666 6.723622
v 6.519004 3.139666 6.723622
v 6.519004 3.139666 6.723622
v 6.519004 3.078243 6.494386
v 6.519004 3.078243 6.494386
v 6.519004 3.078243 6.494386
v 6.519004 4.983156 6.723622
v 6.519004 4.983156 6.723622
v 6.519004 4.983156 6.723622
v 6.519004 3.913384 7.010267
v 6.519004 3.913384 7.010267
v 6.519004 3.913384 7.010267
v 6.519004 3.999987 6.494386
v 6.519004 3.999987 6.494386
v 6.519004 3.999987 6.494386
v 6.519004 4.061411 6.723622
v 6.519004 4.061411 6.723622
v 6.519004 4.061411 6.723622
v 6.519004 2.930215 6.781030
v 6.519004 2.930215 6.781030
v 6.519004 2.930215 6.781030
v 6.519004 2.991639 7.010267
v 6.519004 2.991639 7.010267
v 6.519004 2.991639 7.010267
v 6.519004 0.226404 6.764572
v 6.519004 0.226404 6.764572
v 6.519004 0.226404 6.764572
v 4.308995 0.226404 6.764571
v 4.308995 0.226404 6.764571
vt 0.684394 1.308570
vt 0.694912 1.308570
vt 0.781156 1.308570
vt 0.813759 1.308570
vt 0.824277 1.308570
vt 0.856881 1.308570
vt 0.867399 1.308570
vt 0.900002 1.308570
vt 0.910521 1.308570
vt 0.943124 1.308570
vt 0.953642 1.308570
vt 0.954252 1.308570
vt 0.298121 1.161590
vt 0.286627 1.161590
vt 0.286567 1.161590
vt 0.275072 1.161590
vt 0.275012 1.161590
vt 0.263518 1.161590
vt 0.263458 1.161590
vt 0.251963 1.161590
vt 0.251903 1.161590
vt 0.240409 1.161590
vt 0.240349 1.161590
vt 0.228855 1.161590
vt 0.228794 1.161590
vt 0.217300 1.161590
vt 0.727516 1.308570
vt 0.738034 1.308570
vt 0.770637 1.308570
vt 0.080691 1.161590
vt 0.298121 1.162994
vt 0.953642 1.313138
vt 0.286627 1.169909
vt 0.943124 1.322289
vt 0.684394 1.331313
vt 0.687474 1.331313
vt 0.690570 1.331313
vt 0.083771 1.203008
vt 0.286567 1.266764
vt 0.910521 1.370119
vt 0.275072 1.273679
vt 0.900003 1.379270
vt 0.275012 1.370535
vt 0.867399 1.427099
vt 0.263518 1.377450
vt 0.856881 1.436250
vt 0.555029 1.444372
vt 0.565547 1.444372
vt 0.598151 1.444372
vt 0.608669 1.444372
vt 0.641272 1.444372
vt 0.651791 1.444372
vt 0.684394 1.463847
vt 0.687474 1.463847
vt 0.690570 1.463847
vt 0.522426 1.444372
vt 0.511907 1.444372
vt 0.479304 1.444372
vt 0.468786 1.444372
vt 0.436182 1.444372
vt 0.425664 1.444372
vt 0.393061 1.444372
vt 0.382542 1.444372
vt 0.349939 1.444372
vt 0.339421 1.444372
vt 0.306817 1.444372
vt 0.296299 1.444372
vt 0.263696 1.444372
vt 0.253177 1.444372
vt 0.220574 1.444372
vt 0.217240 1.444372
vt 0.210056 1.444372
vt 0.205746 1.444372
vt 0.205686 1.444372
vt 0.194191 1.444372
vt 0.194131 1.444372
vt 0.182637 1.444372
vt 0.182577 1.444372
vt 0.177452 1.444372
vt 0.171083 1.444372
vt 0.171023 1.444372
vt 0.166934 1.444372
vt 0.159528 1.444372
vt 0.159468 1.444372
vt 0.147974 1.444372
vt 0.147914 1.444372
vt 0.136419 1.444372
vt 0.136359 1.444372
vt 0.134331 1.444372
vt 0.124865 1.444372
vt 0.124805 1.444372
vt 0.123812 1.444372
vt 0.113310 1.444372
vt 0.113250 1.444372
vt 0.101756 1.444372
vt 0.101696 1.444372
vt 0.090202 1.444372
vt 0.090142 1.444372
vt 0.083771 1.444372
vt 0.078647 1.444372
vt 0.078587 1.444372
vt 0.067093 1.444372
vt 0.531415 1.464705
vt 0.576058 1.464705
vt 0.608632 1.464705
vt 0.620701 1.464705
vt 0.665343 1.464705
vt 0.709986 1.475012
vt 0.730533 1.475012
vt 0.754629 1.475012
vt 0.799272 1.475012
vt 0.486772 1.464705
vt 0.486731 1.464705
vt 0.442129 1.464705
vt 0.397486 1.464705
vt 0.364830 1.464705
vt 0.352844 1.464705
vt 0.308201 1.464705
vt 0.263558 1.464705
vt 0.218915 1.464705
vt 0.174272 1.464705
vt 0.129629 1.464705
vt 0.841186 1.475379
vt 0.357380 1.465374
vt 0.263458 1.474306
vt 0.740306 1.480539
vt 0.579033 1.474862
vt 0.616756 1.474862
vt 0.623676 1.474862
vt 0.668318 1.474862
vt 0.712961 1.480589
vt 0.738657 1.480589
vt 0.757604 1.480589
vt 0.802247 1.480589
vt 0.534390 1.474862
vt 0.494855 1.474862
vt 0.489747 1.474862
vt 0.445104 1.474862
vt 0.400461 1.474862
vt 0.372954 1.474862
vt 0.355819 1.474862
vt 0.311176 1.474862
vt 0.266533 1.474862
vt 0.221890 1.474862
vt 0.177247 1.474862
vt 0.132604 1.474862
vt 0.841186 1.481357
vt 0.357380 1.476260
vt 0.841186 1.481388
vt 0.357380 1.476317
vt 0.705792 1.481585
vt 0.388866 1.476677
vt 0.125029 1.476677
vt 0.568888 1.477406
vt 0.589056 1.477406
vt 0.613531 1.477406
vt 0.658174 1.477406
vt 0.702817 1.481986
vt 0.702817 1.481986
vt 0.710957 1.481986
vt 0.747460 1.481986
vt 0.792103 1.481986
vt 0.836745 1.481986
vt 0.524246 1.477406
vt 0.479603 1.477406
vt 0.467155 1.477406
vt 0.434960 1.477406
vt 0.390317 1.477406
vt 0.345674 1.477406
vt 0.301031 1.477406
vt 0.256389 1.477406
vt 0.211746 1.477406
vt 0.167103 1.477406
vt 0.122460 1.477406
vt 0.077817 1.477406
vt 0.824277 1.484080
vt 0.251963 1.481220
vt 0.740306 1.486516
vt 0.841186 1.487365
vt 0.357380 1.487203
vt 0.884363 1.487563
vt 0.929006 1.487563
vt 0.973649 1.487563
vt 0.527221 1.487563
vt 0.527221 1.487563
vt 0.555029 1.487563
vt 0.555029 1.487563
vt 0.565547 1.487563
vt 0.565547 1.487563
vt 0.571863 1.487563
vt 0.571863 1.487563
vt 0.597179 1.487563
vt 0.598151 1.487563
vt 0.598151 1.487563
vt 0.608669 1.487563
vt 0.608669 1.487563
vt 0.616506 1.487563
vt 0.616506 1.487563
vt 0.641272 1.487563
vt 0.641272 1.487563
vt 0.651791 1.487563
vt 0.651791 1.487563
vt 0.661149 1.487563
vt 0.661149 1.487563
vt 0.684394 1.487563
vt 0.684394 1.487563
vt 0.694912 1.487563
vt 0.694912 1.487563
vt 0.705792 1.487563
vt 0.705792 1.487563
vt 0.705792 1.487563
vt 0.705792 1.487563
vt 0.719080 1.487563
vt 0.727516 1.487563
vt 0.727516 1.487563
vt 0.738034 1.487563
vt 0.738034 1.487563
vt 0.750435 1.487563
vt 0.750435 1.487563
vt 0.770638 1.487563
vt 0.770638 1.487563
vt 0.781156 1.487563
vt 0.781156 1.487563
vt 0.795078 1.487563
vt 0.795078 1.487563
vt 0.813759 1.487563
vt 0.813759 1.487563
vt 0.815277 1.487563
vt 0.818357 1.487563
vt 0.818373 1.487563
vt 0.821453 1.487563
vt 0.839720 1.487563
vt 0.839720 1.487563
vt 0.522426 1.487563
vt 0.522426 1.487563
vt 0.511907 1.487563
vt 0.511907 1.487563
vt 0.482578 1.487563
vt 0.482578 1.487563
vt 0.479304 1.487563
vt 0.479304 1.487563
vt 0.475278 1.487563
vt 0.468786 1.487563
vt 0.468786 1.487563
vt 0.437935 1.487563
vt 0.437935 1.487563
vt 0.436182 1.487563
vt 0.436182 1.487563
vt 0.425664 1.487563
vt 0.425664 1.487563
vt 0.393292 1.487563
vt 0.393292 1.487563
vt 0.393061 1.487563
vt 0.393061 1.487563
vt 0.388866 1.487563
vt 0.388866 1.487563
vt 0.382542 1.487563
vt 0.382542 1.487563
vt 0.349939 1.487563
vt 0.349939 1.487563
vt 0.348649 1.487563
vt 0.348649 1.487563
vt 0.339421 1.487563
vt 0.339421 1.487563
vt 0.306817 1.487563
vt 0.306817 1.487563
vt 0.304006 1.487563
vt 0.304006 1.487563
vt 0.296299 1.487563
vt 0.296299 1.487563
vt 0.275012 1.487563
vt 0.263696 1.487563
vt 0.263696 1.487563
vt 0.263518 1.487563
vt 0.263458 1.487563
vt 0.259363 1.487563
vt 0.259363 1.487563
vt 0.253177 1.487563
vt 0.253177 1.487563
vt 0.251963 1.487563
vt 0.251903 1.487563
vt 0.251903 1.487563
vt 0.240409 1.487563
vt 0.240409 1.487563
vt 0.240349 1.487563
vt 0.240349 1.487563
vt 0.228855 1.487563
vt 0.228855 1.487563
vt 0.228795 1.487563
vt 0.228795 1.487563
vt 0.220574 1.487563
vt 0.220574 1.487563
vt 0.217300 1.487563
vt 0.217300 1.487563
vt 0.217240 1.487563
vt 0.217240 1.487563
vt 0.214721 1.487563
vt 0.210056 1.487563
vt 0.210056 1.487563
vt 0.166934 1.487563
vt 0.166934 1.487563
vt 0.214721 1.487563
vt 0.205746 1.487563
vt 0.205746 1.487563
vt 0.205686 1.487563
vt 0.205686 1.487563
vt 0.194191 1.487563
vt 0.194191 1.487563
vt 0.194131 1.487563
vt 0.194131 1.487563
vt 0.182637 1.487563
vt 0.182637 1.487563
vt 0.182577 1.487563
vt 0.182577 1.487563
vt 0.177452 1.487563
vt 0.177452 1.487563
vt 0.171083 1.487563
vt 0.171083 1.487563
vt 0.171023 1.487563
vt 0.171023 1.487563
vt 0.170078 1.487563
vt 0.170078 1.487563
vt 0.159528 1.487563
vt 0.159528 1.487563
vt 0.159468 1.487563
vt 0.159468 1.487563
vt 0.147974 1.487563
vt 0.147974 1.487563
vt 0.147914 1.487563
vt 0.147914 1.487563
vt 0.136419 1.487563
vt 0.136419 1.487563
vt 0.136359 1.487563
vt 0.136359 1.487563
vt 0.134331 1.487563
vt 0.134331 1.487563
vt 0.125435 1.487563
vt 0.125435 1.487563
vt 0.125029 1.487563
vt 0.125029 1.487563
vt 0.124865 1.487563
vt 0.124865 1.487563
vt 0.124805 1.487563
vt 0.124805 1.487563
vt 0.113310 1.487563
vt 0.113310 1.487563
vt 0.113250 1.487563
vt 0.113250 1.487563
vt 0.101756 1.487563
vt 0.101756 1.487563
vt 0.101696 1.487563
vt 0.101696 1.487563
vt 0.090202 1.487563
vt 0.090202 1.487563
vt 0.090142 1.487563
vt 0.090142 1.487563
vt 0.080792 1.487563
vt 0.080792 1.487563
vt 0.080691 1.487563
vt 0.080691 1.487563
vt 0.078647 1.487563
vt 0.078647 1.487563
vt 0.078587 1.487563
vt 0.078587 1.487563
vt 0.078587 1.487563
vt 0.067093 1.487563
vt 0.067093 1.487563
vt 0.123812 1.487563
vt 0.123812 1.487563
vt 0.981422 1.488609
vt 0.568888 1.497720
vt 0.613531 1.497720
vt 0.658174 1.497720
vt 0.702817 1.493140
vt 0.702817 1.493140
vt 0.747460 1.493140
vt 0.792103 1.493140
vt 0.836745 1.493140
vt 0.881388 1.493140
vt 0.926031 1.493140
vt 0.970674 1.493140
vt 0.524246 1.497720
vt 0.479603 1.497720
vt 0.434960 1.497720
vt 0.390317 1.497720
vt 0.345674 1.497720
vt 0.301031 1.497720
vt 0.256389 1.497720
vt 0.211746 1.497720
vt 0.167103 1.497720
vt 0.122460 1.497720
vt 0.705792 1.493540
vt 0.388866 1.498449
vt 0.125029 1.498449
vt 0.080792 1.498449
vt 0.705792 1.493572
vt 0.388866 1.498506
vt 0.125029 1.498506
vt 0.534390 1.500263
vt 0.579033 1.500263
vt 0.623676 1.500263
vt 0.668318 1.500263
vt 0.757604 1.494537
vt 0.802247 1.494537
vt 0.846890 1.494537
vt 0.891533 1.494537
vt 0.936175 1.494537
vt 0.980818 1.494537
vt 0.489747 1.500263
vt 0.445104 1.500263
vt 0.400461 1.500263
vt 0.355819 1.500263
vt 0.311176 1.500263
vt 0.266533 1.500263
vt 0.221890 1.500263
vt 0.177247 1.500263
vt 0.132604 1.500263
vt 0.981422 1.494587
vt 0.824277 1.494842
vt 0.705792 1.499549
vt 0.388866 1.509392
vt 0.125029 1.509392
vt 0.531415 1.510420
vt 0.576058 1.510420
vt 0.620701 1.510420
vt 0.665343 1.510420
vt 0.754629 1.500114
vt 0.799272 1.500114
vt 0.843915 1.500114
vt 0.888558 1.500114
vt 0.933201 1.500114
vt 0.977843 1.500114
vt 0.486772 1.510420
vt 0.442129 1.510420
vt 0.397486 1.510420
vt 0.352844 1.510420
vt 0.308201 1.510420
vt 0.263558 1.510420
vt 0.218915 1.510420
vt 0.174272 1.510420
vt 0.129629 1.510420
vt 0.555029 1.530753
vt 0.565547 1.530753
vt 0.598151 1.530753
vt 0.608669 1.530753
vt 0.641272 1.530753
vt 0.651791 1.530753
vt 0.684394 1.511279
vt 0.687490 1.511279
vt 0.522426 1.530753
vt 0.511907 1.530753
vt 0.479304 1.530753
vt 0.468786 1.530753
vt 0.436182 1.530753
vt 0.425664 1.530753
vt 0.393061 1.530753
vt 0.382542 1.530753
vt 0.349939 1.530753
vt 0.339421 1.530753
vt 0.306817 1.530753
vt 0.296299 1.530753
vt 0.263696 1.530753
vt 0.253177 1.530753
vt 0.240349 1.530753
vt 0.228855 1.530753
vt 0.228795 1.530753
vt 0.220574 1.530753
vt 0.217300 1.530753
vt 0.217240 1.530753
vt 0.210056 1.530753
vt 0.205746 1.530753
vt 0.205686 1.530753
vt 0.194191 1.530753
vt 0.194131 1.530753
vt 0.182637 1.530753
vt 0.182577 1.530753
vt 0.177452 1.530753
vt 0.171083 1.530753
vt 0.171023 1.530753
vt 0.166934 1.530753
vt 0.159528 1.530753
vt 0.159468 1.530753
vt 0.147974 1.530753
vt 0.147914 1.530753
vt 0.136419 1.530753
vt 0.136359 1.530753
vt 0.134331 1.530753
vt 0.124865 1.530753
vt 0.124805 1.530753
vt 0.123812 1.530753
vt 0.113310 1.530753
vt 0.113250 1.530753
vt 0.101756 1.530753
vt 0.101696 1.530753
vt 0.090202 1.530753
vt 0.090142 1.530753
vt 0.080691 1.530753
vt 0.078647 1.530753
vt 0.078587 1.530753
vt 0.275072 1.581010
vt 0.856881 1.542672
vt 0.286567 1.587925
vt 0.867399 1.551823
vt 0.286627 1.684781
vt 0.900002 1.599653
vt 0.298121 1.691696
vt 0.910521 1.608804
vt 0.684394 1.643813
vt 0.687490 1.643813
vt 0.240349 1.772118
vt 0.228855 1.772118
vt 0.078587 1.772118
vt 0.298181 1.788551
vt 0.943124 1.656634
vt 0.309675 1.795467
vt 0.953642 1.665784
vt 0.684394 1.666555
vt 0.694912 1.666555
vt 0.727516 1.666555
vt 0.738034 1.666555
vt 0.770638 1.666555
vt 0.781156 1.666555
vt 0.813759 1.666555
vt 0.824277 1.666555
vt 0.856881 1.666555
vt 0.867399 1.666555
vt 0.900003 1.666555
vt 0.910521 1.666555
vt 0.943124 1.666555
vt 0.951172 1.666555
vt 0.953642 1.666555
vt 0.309675 1.813535
vt 0.298181 1.813535
vt 0.298121 1.813535
vt 0.286627 1.813535
vt 0.286567 1.813535
vt 0.275072 1.813535
vt 0.275012 1.813535
vt 0.263518 1.813535
vt 0.263458 1.813535
vt 0.251963 1.813535
vt 0.251903 1.813535
vt 0.240409 1.813535
vt 0.240349 1.813535
vt 0.228855 1.813535
vt 0.078587 1.813535
vt 0.078587 1.813535
vt 0.067093 1.813535
vt 0.973649 1.487563
vt 0.981422 1.488609
vt 0.981422 1.494587
vt 0.970674 1.493140
vt 0.090202 1.487563
vt 0.090202 1.444372
vt 0.101696 1.444372
vt 0.101696 1.487563
vt 0.125435 1.487563
vt 0.177247 1.500263
vt 0.174272 1.510420
vt 0.122460 1.497720
vt 0.304006 1.487563
vt 0.355819 1.500263
vt 0.352844 1.510420
vt 0.301031 1.497720
vt 0.382542 1.444372
vt 0.436182 1.444372
vt 0.436182 1.487563
vt 0.382542 1.487563
vt 0.205686 1.487563
vt 0.194191 1.487563
vt 0.194191 1.444372
vt 0.205686 1.444372
vt 0.352844 1.464705
vt 0.355819 1.474862
vt 0.304006 1.487563
vt 0.301031 1.477406
vt 0.770638 1.487563
vt 0.818373 1.487563
vt 0.824277 1.494842
vt 0.824277 1.666555
vt 0.770638 1.666555
vt 0.589056 1.477406
vt 0.730533 1.475012
vt 0.738657 1.480589
vt 0.597179 1.487563
vt 0.217300 1.530753
vt 0.217300 1.487563
vt 0.228795 1.487563
vt 0.228795 1.530753
vt 0.078587 1.813535
vt 0.078587 1.487563
vt 0.078587 1.530753
vt 0.078587 1.772118
vt 0.134331 1.530753
vt 0.080691 1.530753
vt 0.080691 1.487563
vt 0.134331 1.487563
vt 0.259363 1.487563
vt 0.311176 1.500263
vt 0.308201 1.510420
vt 0.256389 1.497720
vt 0.171023 1.530753
vt 0.159528 1.530753
vt 0.159528 1.487563
vt 0.171023 1.487563
vt 0.349939 1.530753
vt 0.296299 1.530753
vt 0.296299 1.487563
vt 0.349939 1.487563
vt 0.170078 1.487563
vt 0.221890 1.500263
vt 0.218915 1.510420
vt 0.167103 1.497720
vt 0.298181 1.813535
vt 0.298181 1.788551
vt 0.309675 1.795467
vt 0.309675 1.813535
vt 0.486772 1.464705
vt 0.489747 1.474862
vt 0.437935 1.487563
vt 0.434960 1.477406
vt 0.571863 1.487563
vt 0.623676 1.500263
vt 0.620701 1.510420
vt 0.568888 1.497720
vt 0.727516 1.308570
vt 0.781156 1.308570
vt 0.781156 1.487563
vt 0.727516 1.487563
vt 0.123812 1.444372
vt 0.177452 1.444372
vt 0.177452 1.487563
vt 0.123812 1.487563
vt 0.210056 1.444372
vt 0.263696 1.444372
vt 0.263696 1.487563
vt 0.210056 1.487563
vt 0.425664 1.444372
vt 0.479304 1.444372
vt 0.479304 1.487563
vt 0.425664 1.487563
vt 0.067093 1.813535
vt 0.067093 1.487563
vt 0.078587 1.487563
vt 0.078587 1.813535
vt 0.124805 1.530753
vt 0.113310 1.530753
vt 0.113310 1.487563
vt 0.124805 1.487563
vt 0.608669 1.530753
vt 0.555029 1.530753
vt 0.555029 1.487563
vt 0.608669 1.487563
vt 0.781156 1.666555
vt 0.727516 1.666555
vt 0.727516 1.487563
vt 0.781156 1.487563
vt 0.218915 1.464705
vt 0.221890 1.474862
vt 0.170078 1.487563
vt 0.167103 1.477406
vt 0.136359 1.530753
vt 0.124865 1.530753
vt 0.124865 1.487563
vt 0.136359 1.487563
vt 0.286627 1.169909
vt 0.286627 1.161590
vt 0.298121 1.161590
vt 0.298121 1.162994
vt 0.467155 1.477406
vt 0.608632 1.464705
vt 0.616756 1.474862
vt 0.475278 1.487563
vt 0.867399 1.308570
vt 0.867399 1.427099
vt 0.818357 1.487563
vt 0.813759 1.487563
vt 0.813759 1.308570
vt 0.132604 1.500263
vt 0.129629 1.510420
vt 0.080792 1.498449
vt 0.080792 1.487563
vt 0.710957 1.481986
vt 0.740306 1.480539
vt 0.740306 1.486516
vt 0.719080 1.487563
vt 0.884363 1.487563
vt 0.936175 1.494537
vt 0.933201 1.500114
vt 0.881388 1.493140
vt 0.339421 1.444372
vt 0.393061 1.444372
vt 0.393061 1.487563
vt 0.339421 1.487563
vt 0.527221 1.487563
vt 0.579033 1.500263
vt 0.576058 1.510420
vt 0.524246 1.497720
vt 0.397486 1.464705
vt 0.400461 1.474862
vt 0.348649 1.487563
vt 0.345674 1.477406
vt 0.616506 1.487563
vt 0.668318 1.500263
vt 0.665343 1.510420
vt 0.613531 1.497720
vt 0.651791 1.530753
vt 0.598151 1.530753
vt 0.598151 1.487563
vt 0.651791 1.487563
vt 0.228855 1.487563
vt 0.228855 1.161590
vt 0.240349 1.161590
vt 0.240349 1.487563
vt 0.437935 1.487563
vt 0.489747 1.500263
vt 0.486772 1.510420
vt 0.434960 1.497720
vt 0.479304 1.530753
vt 0.425664 1.530753
vt 0.425664 1.487563
vt 0.479304 1.487563
vt 0.388866 1.509392
vt 0.125029 1.509392
vt 0.125029 1.498506
vt 0.388866 1.498506
vt 0.661149 1.487563
vt 0.705792 1.493572
vt 0.705792 1.499549
vt 0.658174 1.497720
vt 0.442129 1.464705
vt 0.445104 1.474862
vt 0.393292 1.487563
vt 0.390317 1.477406
vt 0.113310 1.487563
vt 0.113310 1.444372
vt 0.124805 1.444372
vt 0.124805 1.487563
vt 0.101756 1.530753
vt 0.101756 1.487563
vt 0.113250 1.487563
vt 0.113250 1.530753
vt 0.555029 1.444372
vt 0.608669 1.444372
vt 0.608669 1.487563
vt 0.555029 1.487563
vt 0.522426 1.530753
vt 0.468786 1.530753
vt 0.468786 1.487563
vt 0.522426 1.487563
vt 0.813759 1.487563
vt 0.815277 1.487563
vt 0.867399 1.551823
vt 0.867399 1.666555
vt 0.813759 1.666555
vt 0.684394 1.308570
vt 0.738034 1.308570
vt 0.738034 1.487563
vt 0.684394 1.487563
vt 0.684394 1.463847
vt 0.687474 1.463847
vt 0.687474 1.331313
vt 0.684394 1.331313
vt 0.286627 1.813535
vt 0.286627 1.684781
vt 0.298121 1.691696
vt 0.298121 1.813535
vt 0.214721 1.487563
vt 0.266533 1.500263
vt 0.263558 1.510420
vt 0.211746 1.497720
vt 0.576058 1.464705
vt 0.579033 1.474862
vt 0.527221 1.487563
vt 0.524246 1.477406
vt 0.531415 1.464705
vt 0.534390 1.474862
vt 0.482578 1.487563
vt 0.479603 1.477406
vt 0.306817 1.530753
vt 0.253177 1.530753
vt 0.253177 1.487563
vt 0.306817 1.487563
vt 0.129629 1.464705
vt 0.132604 1.474862
vt 0.080792 1.487563
vt 0.077817 1.477406
vt 0.251963 1.813535
vt 0.251963 1.487563
vt 0.263458 1.487563
vt 0.263458 1.813535
vt 0.665343 1.464705
vt 0.668318 1.474862
vt 0.616506 1.487563
vt 0.613531 1.477406
vt 0.147974 1.530753
vt 0.147974 1.487563
vt 0.159468 1.487563
vt 0.159468 1.530753
vt 0.393292 1.487563
vt 0.445104 1.500263
vt 0.442129 1.510420
vt 0.390317 1.497720
vt 0.598151 1.444372
vt 0.651791 1.444372
vt 0.651791 1.487563
vt 0.598151 1.487563
vt 0.253177 1.444372
vt 0.306817 1.444372
vt 0.306817 1.487563
vt 0.253177 1.487563
vt 0.943124 1.308570
vt 0.954252 1.308570
vt 0.943124 1.322289
vt 0.900002 1.308570
vt 0.953642 1.308570
vt 0.953642 1.313138
vt 0.900003 1.379270
vt 0.943124 1.666555
vt 0.943124 1.656634
vt 0.951172 1.666555
vt 0.824277 1.308570
vt 0.824277 1.484080
vt 0.821453 1.487563
vt 0.770638 1.487563
vt 0.770637 1.308570
vt 0.953642 1.665784
vt 0.953642 1.666555
vt 0.900003 1.666555
vt 0.900002 1.599653
vt 0.511907 1.444372
vt 0.565547 1.444372
vt 0.565547 1.487563
vt 0.511907 1.487563
vt 0.705792 1.487563
vt 0.757604 1.494537
vt 0.754629 1.500114
vt 0.702817 1.493140
vt 0.217240 1.487563
vt 0.205746 1.487563
vt 0.205746 1.444372
vt 0.217240 1.444372
vt 0.357380 1.465374
vt 0.364830 1.464705
vt 0.372954 1.474862
vt 0.357380 1.476260
vt 0.174272 1.464705
vt 0.177247 1.474862
vt 0.125435 1.487563
vt 0.122460 1.477406
vt 0.125029 1.487563
vt 0.125029 1.476677
vt 0.388866 1.476677
vt 0.388866 1.487563
vt 0.393061 1.530753
vt 0.339421 1.530753
vt 0.339421 1.487563
vt 0.393061 1.487563
vt 0.286567 1.813535
vt 0.275072 1.813535
vt 0.275072 1.581010
vt 0.286567 1.587925
vt 0.296299 1.444372
vt 0.349939 1.444372
vt 0.349939 1.487563
vt 0.296299 1.487563
vt 0.694912 1.487563
vt 0.641272 1.487563
vt 0.641272 1.444372
vt 0.690570 1.463847
vt 0.690570 1.331313
vt 0.694912 1.308570
vt 0.217300 1.487563
vt 0.217300 1.161590
vt 0.228794 1.161590
vt 0.228795 1.487563
vt 0.839720 1.487563
vt 0.891533 1.494537
vt 0.888558 1.500114
vt 0.836745 1.493140
vt 0.124865 1.487563
vt 0.124865 1.444372
vt 0.136359 1.444372
vt 0.136359 1.487563
vt 0.482578 1.487563
vt 0.534390 1.500263
vt 0.531415 1.510420
vt 0.479603 1.497720
vt 0.220574 1.530753
vt 0.166934 1.530753
vt 0.166934 1.487563
vt 0.220574 1.487563
vt 0.275012 1.370535
vt 0.263518 1.377450
vt 0.263518 1.161590
vt 0.275012 1.161590
vt 0.750435 1.487563
vt 0.802247 1.494537
vt 0.799272 1.500114
vt 0.747460 1.493140
vt 0.436182 1.530753
vt 0.382542 1.530753
vt 0.382542 1.487563
vt 0.436182 1.487563
vt 0.240409 1.487563
vt 0.240409 1.161590
vt 0.251903 1.161590
vt 0.251903 1.487563
vt 0.113250 1.487563
vt 0.101756 1.487563
vt 0.101756 1.444372
vt 0.113250 1.444372
vt 0.159528 1.487563
vt 0.159528 1.444372
vt 0.171023 1.444372
vt 0.171023 1.487563
vt 0.147974 1.487563
vt 0.147974 1.444372
vt 0.159468 1.444372
vt 0.159468 1.487563
vt 0.205686 1.530753
vt 0.194191 1.530753
vt 0.194191 1.487563
vt 0.205686 1.487563
vt 0.308201 1.464705
vt 0.311176 1.474862
vt 0.259363 1.487563
vt 0.256389 1.477406
vt 0.620701 1.464705
vt 0.623676 1.474862
vt 0.571863 1.487563
vt 0.568888 1.477406
vt 0.263696 1.530753
vt 0.210056 1.530753
vt 0.210056 1.487563
vt 0.263696 1.487563
vt 0.228855 1.530753
vt 0.228855 1.487563
vt 0.240349 1.487563
vt 0.240349 1.530753
vt 0.263518 1.813535
vt 0.263518 1.487563
vt 0.275012 1.487563
vt 0.275012 1.813535
vt 0.166934 1.444372
vt 0.220574 1.444372
vt 0.220574 1.487563
vt 0.166934 1.487563
vt 0.754629 1.475012
vt 0.757604 1.480589
vt 0.705792 1.487563
vt 0.702817 1.481986
vt 0.182637 1.487563
vt 0.182637 1.444372
vt 0.194131 1.444372
vt 0.194131 1.487563
vt 0.090142 1.530753
vt 0.078647 1.530753
vt 0.078647 1.487563
vt 0.090142 1.487563
vt 0.171083 1.530753
vt 0.171083 1.487563
vt 0.182577 1.487563
vt 0.182577 1.530753
vt 0.147914 1.530753
vt 0.136419 1.530753
vt 0.136419 1.487563
vt 0.147914 1.487563
vt 0.177452 1.530753
vt 0.123812 1.530753
vt 0.123812 1.487563
vt 0.177452 1.487563
vt 0.101696 1.530753
vt 0.090202 1.530753
vt 0.090202 1.487563
vt 0.101696 1.487563
vt 0.240349 1.813535
vt 0.228855 1.813535
vt 0.228855 1.772118
vt 0.240349 1.772118
vt 0.841186 1.475379
vt 0.841186 1.481357
vt 0.795078 1.487563
vt 0.792103 1.481986
vt 0.357380 1.476317
vt 0.486731 1.464705
vt 0.494855 1.474862
vt 0.357380 1.487203
vt 0.468786 1.444372
vt 0.522426 1.444372
vt 0.522426 1.487563
vt 0.468786 1.487563
vt 0.182577 1.487563
vt 0.171083 1.487563
vt 0.171083 1.444372
vt 0.182577 1.444372
vt 0.136419 1.487563
vt 0.136419 1.444372
vt 0.147914 1.444372
vt 0.147914 1.487563
vt 0.910521 1.608804
vt 0.910521 1.666555
vt 0.856881 1.666555
vt 0.856881 1.542672
vt 0.078587 1.487563
vt 0.067093 1.487563
vt 0.067093 1.444372
vt 0.078587 1.444372
vt 0.194131 1.530753
vt 0.182637 1.530753
vt 0.182637 1.487563
vt 0.194131 1.487563
vt 0.078647 1.487563
vt 0.078647 1.444372
vt 0.090142 1.444372
vt 0.090142 1.487563
vt 0.348649 1.487563
vt 0.400461 1.500263
vt 0.397486 1.510420
vt 0.345674 1.497720
vt 0.929006 1.487563
vt 0.980818 1.494537
vt 0.977843 1.500114
vt 0.926031 1.493140
vt 0.641272 1.530753
vt 0.641272 1.487563
vt 0.694912 1.487563
vt 0.694912 1.666555
vt 0.687490 1.643813
vt 0.687490 1.511279
vt 0.705792 1.487563
vt 0.702817 1.481986
vt 0.705792 1.481585
vt 0.705792 1.493540
vt 0.702817 1.493140
vt 0.705792 1.487563
vt 0.684394 1.511279
vt 0.684394 1.487563
vt 0.738034 1.487563
vt 0.738034 1.666555
vt 0.684394 1.666555
vt 0.684394 1.643813
vt 0.795078 1.487563
vt 0.846890 1.494537
vt 0.843915 1.500114
vt 0.792103 1.493140
vt 0.275072 1.273679
vt 0.275072 1.161590
vt 0.286567 1.161590
vt 0.286567 1.266764
vt 0.251963 1.481220
vt 0.251963 1.161590
vt 0.263458 1.161590
vt 0.263458 1.474306
vt 0.799272 1.475012
vt 0.802247 1.480589
vt 0.750435 1.487563
vt 0.747460 1.481986
vt 0.565547 1.530753
vt 0.511907 1.530753
vt 0.511907 1.487563
vt 0.565547 1.487563
vt 0.841186 1.481388
vt 0.841186 1.487365
vt 0.839720 1.487563
vt 0.836745 1.481986
vt 0.240409 1.813535
vt 0.240409 1.487563
vt 0.251903 1.487563
vt 0.251903 1.813535
vt 0.709986 1.475012
vt 0.712961 1.480589
vt 0.661149 1.487563
vt 0.658174 1.477406
vt 0.217240 1.530753
vt 0.205746 1.530753
vt 0.205746 1.487563
vt 0.217240 1.487563
vt 0.083771 1.444372
vt 0.134331 1.444372
vt 0.134331 1.487563
vt 0.080691 1.487563
vt 0.080691 1.161590
vt 0.083771 1.203008
vt 0.856881 1.308570
vt 0.910521 1.308570
vt 0.910521 1.370119
vt 0.856881 1.436250
vt 0.263558 1.464705
vt 0.266533 1.474862
vt 0.214721 1.487563
vt 0.211746 1.477406
vt 0.388866 1.498449
vt 0.125029 1.498449
vt 0.125029 1.487563
vt 0.388866 1.487563
vn 1.000000 0.000000 0.000000
vn 1.000000 0.000000 0.000000
vn 1.000000 0.000000 0.000000
vn 1.000000 -0.000001 0.000000
vn 1.000000 -0.000001 0.000000
vn 1.000000 -0.000001 0.000000
vn 0.000000 0.965927 -0.258816
vn 0.000000 0.965927 -0.258816
vn 0.000000 0.965927 -0.258816
vn 0.000000 0.965926 -0.258820
vn 0.000000 0.965926 -0.258820
vn 0.000000 0.965926 -0.258820
vn 1.000000 0.000000 0.000000
vn 1.000000 0.000000 0.000000
vn 1.000000 0.000000 0.000000
vn 1.000000 0.000000 0.000000
vn 1.000000 0.000000 0.000000
vn 1.000000 0.000000 0.000000
vn 1.000000 0.000000 0.000000
vn 1.000000 0.000000 0.000000
vn 1.000000 0.000000 0.000000
vn 1.000000 0.000000 0.000000
vn 1.000000 0.000000 0.000000
vn 1.000000 0.000000 0.000000
vn 0.000000 -0.258819 -0.965926
vn 0.000000 -0.258819 -0.965926
vn 0.000000 -0.258819 -0.965926
vn 0.000000 -0.258819 -0.965926
vn 0.000000 -0.258819 -0.965926
vn 0.000000 -0.258819 -0.965926
vn 0.000000 0.965928 -0.258813
vn 0.000000 0.965928 -0.258813
vn 0.000000 0.965928 -0.258813
vn 0.000000 0.965926 -0.258820
vn 0.000000 0.965926 -0.258820
vn 0.000000 0.965926 -0.258820
vn -1.000000 -0.000000 -0.000000
vn -1.000000 -0.000000 -0.000000
vn -1.000000 -0.000000 -0.000000
vn -1.000000 -0.000000 -0.000000
vn -1.000000 -0.000000 -0.000000
vn -1.000000 -0.000000 -0.000000
vn 0.000000 0.258819 0.965926
vn 0.000000 0.258819 0.965926
vn 0.000000 0.258819 0.965926
vn -0.000000 0.258820 0.965926
vn -0.000000 0.258820 0.965926
vn -0.000000 0.258820 0.965926
vn -0.000000 0.258819 0.965926
vn -0.000000 0.258819 0.965926
vn -0.000000 0.258819 0.965926
vn -0.618517 0.785771 -0.000002
vn -0.618517 0.785771 -0.000002
vn -0.618517 0.785771 -0.000002
vn -0.618517 0.785771 -0.000000
vn -0.618517 0.785771 -0.000000
vn -0.618517 0.785771 -0.000000
vn -0.000000 -0.965926 0.258820
vn -0.000000 -0.965926 0.258820
vn -0.000000 -0.965926 0.258820
vn -0.000000 -0.965924 0.258826
vn -0.000000 -0.965924 0.258826
vn -0.000000 -0.965924 0.258826
vn 1.000000 0.000000 0.000000
vn -0.000005 -0.172433 -0.985021
vn -0.000005 -0.172433 -0.985021
vn 1.000000 0.000000 0.000000
vn -0.000002 -0.172395 -0.985028
vn -0.000005 -0.172433 -0.985021
vn -0.000000 0.258819 0.965926
vn -0.000000 0.258819 0.965926
vn -0.000000 0.258819 0.965926
vn -0.000000 0.258819 0.965926
vn -0.000000 0.258819 0.965926
vn -0.000000 0.258819 0.965926
vn 1.000000 0.000000 0.000000
vn 1.000000 0.000000 0.000000
vn 1.000000 0.000000 0.000000
vn 1.000000 0.000000 0.000000
vn 1.000000 0.000000 0.000000
vn 1.000000 0.000000 0.000000
vn -0.000000 -0.965926 0.258820
vn -0.000000 -0.965926 0.258820
vn -0.000000 -0.965926 0.258820
vn -0.000000 -0.965926 0.258820
vn -0.000000 -0.965926 0.258820
vn -0.000000 -0.965926 0.258820
vn -0.000000 0.258819 0.965926
vn -0.000000 0.258819 0.965926
vn -0.000000 0.258819 0.965926
vn -0.000000 0.258819 0.965926
vn -0.000000 0.258819 0.965926
vn -0.000000 0.258819 0.965926
vn 1.000000 0.000000 0.000000
vn 1.000000 0.000000 0.000000
vn 1.000000 0.000000 0.000000
vn 1.000000 0.000000 0.000000
vn 1.000000 0.000000 0.000000
vn 1.000000 0.000000 0.000000
vn -0.000000 -0.965928 0.258812
vn -0.000000 -0.965928 0.258812
vn -0.000000 -0.965928 0.258812
vn -0.000000 -0.965924 0.258825
vn -0.000000 -0.965924 0.258825
vn -0.000000 -0.965924 0.258825
vn -1.000000 -0.000000 -0.000000
vn -1.000000 -0.000000 -0.000000
vn -1.000000 -0.000000 -0.000000
vn -1.000000 -0.000000 -0.000000
vn -1.000000 -0.000000 -0.000000
vn -1.000000 -0.000000 -0.000000
vn 1.000000 0.000000 0.000000
vn 1.000000 0.000000 0.000000
vn 1.000000 0.000000 0.000000
vn 1.000000 0.000000 0.000000
vn 1.000000 0.000000 0.000000
vn 1.000000 0.000000 0.000000
vn 0.000000 -0.258819 -0.965926
vn 0.000000 -0.258819 -0.965926
vn 0.000000 -0.258819 -0.965926
vn 0.000000 -0.258819 -0.965926
vn 0.000000 -0.258819 -0.965926
vn 0.000000 -0.258819 -0.965926
vn 0.000000 -0.258819 -0.965926
vn 0.000000 -0.258819 -0.965926
vn 0.000000 -0.258819 -0.965926
vn 0.000000 -0.258819 -0.965926
vn 0.000000 -0.258819 -0.965926
vn 0.000000 -0.258819 -0.965926
vn 0.000000 -0.258819 -0.965926
vn 0.000000 -0.258819 -0.965926
vn 0.000000 -0.258819 -0.965926
vn 0.000000 -0.258819 -0.965926
vn 0.000000 -0.258819 -0.965926
vn 0.000000 -0.258819 -0.965926
vn 0.000000 -0.258819 -0.965926
vn 0.000000 -0.258819 -0.965926
vn 0.000000 -0.258819 -0.965926
vn 0.000000 -0.258819 -0.965926
vn 0.000000 -0.258819 -0.965926
vn 0.000000 -0.258819 -0.965926
vn -0.000000 -0.965926 0.258819
vn -0.000000 -0.965926 0.258819
vn -0.000000 -0.965926 0.258819
vn -0.000000 -0.965926 0.258819
vn -0.000000 -0.965926 0.258819
vn -0.000000 -0.965926 0.258819
vn -0.000000 -0.965926 0.258820
vn -0.000000 -0.965926 0.258820
vn -0.000000 -0.965926 0.258820
vn -0.000000 -0.965926 0.258820
vn -0.000000 -0.965926 0.258820
vn -0.000000 -0.965926 0.258820
vn -0.000000 0.258819 0.965926
vn -0.000000 0.258819 0.965926
vn -0.000000 0.258819 0.965926
vn -0.000000 0.258819 0.965926
vn -0.000000 0.258819 0.965926
vn -0.000000 0.258819 0.965926
vn -0.000000 0.258819 0.965926
vn -0.000000 0.258819 0.965926
vn -0.000000 0.258819 0.965926
vn -0.000000 0.258819 0.965926
vn -0.000000 0.258819 0.965926
vn -0.000000 0.258819 0.965926
vn -1.000000 -0.000000 -0.000000
vn -1.000000 -0.000000 -0.000000
vn -1.000000 -0.000000 -0.000000
vn -1.000000 -0.000000 -0.000000
vn -1.000000 -0.000000 -0.000000
vn -1.000000 -0.000000 -0.000000
vn -0.000000 -0.965926 0.258820
vn -0.000000 -0.965926 0.258820
vn -0.000000 -0.965926 0.258820
vn -0.000000 -0.965926 0.258820
vn -0.000000 -0.965926 0.258820
vn -0.000000 -0.965926 0.258820
vn 0.000000 0.965926 -0.258818
vn 0.000000 0.965926 -0.258818
vn 0.000000 0.965926 -0.258818
vn 0.000000 0.965909 -0.258880
vn 0.000000 0.965909 -0.258880
vn 0.000000 0.965909 -0.258880
vn -0.618517 0.785771 0.000007
vn -0.618517 0.785771 0.000007
vn -0.618517 0.785771 0.000007
vn -0.618517 0.785772 -0.000000
vn -0.618517 0.785772 -0.000000
vn -0.618517 0.785772 -0.000000
vn 0.000000 -0.258819 -0.965926
vn 0.000000 -0.258819 -0.965926
vn 0.000000 -0.258819 -0.965926
vn 0.000000 -0.258826 -0.965924
vn 0.000000 -0.258826 -0.965924
vn 0.000000 -0.258826 -0.965924
vn 0.000000 -0.258819 -0.965926
vn 0.000000 -0.258819 -0.965926
vn 0.000000 -0.258819 -0.965926
vn 1.000000 0.000000 0.000000
vn 1.000000 0.000000 0.000000
vn 1.000000 0.000000 0.000000
vn 1.000000 0.000000 0.000000
vn 1.000000 0.000000 0.000000
vn 1.000000 0.000000 0.000000
vn -0.618518 0.785771 -0.000000
vn -0.618518 0.785771 -0.000000
vn -0.618518 0.785771 -0.000000
vn -0.618514 0.785774 -0.000013
vn -0.618514 0.785774 -0.000013
vn -0.618514 0.785774 -0.000013
vn 1.000000 0.000000 0.000000
vn 1.000000 0.000000 0.000000
vn 1.000000 0.000000 0.000000
vn 1.000000 -0.000001 0.000000
vn 1.000000 -0.000001 0.000000
vn 1.000000 -0.000001 0.000000
vn 0.000000 -0.258819 -0.965926
vn 0.000000 -0.258819 -0.965926
vn 0.000000 -0.258819 -0.965926
vn 0.000000 -0.258819 -0.965926
vn 0.000000 -0.258819 -0.965926
vn 0.000000 -0.258819 -0.965926
vn 1.000000 0.000000 0.000000
vn 1.000000 0.000000 0.000000
vn 1.000000 0.000000 0.000000
vn 1.000000 0.000000 0.000000
vn 1.000000 0.000000 0.000000
vn 1.000000 0.000000 0.000000
vn -1.000000 -0.000000 -0.000000
vn -1.000000 -0.000000 -0.000000
vn -1.000000 -0.000000 -0.000000
vn -1.000000 -0.000000 -0.000000
vn -1.000000 -0.000000 -0.000000
vn -1.000000 -0.000000 -0.000000
vn 1.000000 0.000000 0.000000
vn 1.000000 0.000000 0.000000
vn 1.000000 0.000000 0.000000
vn 1.000000 0.000000 0.000000
vn 1.000000 0.000000 0.000000
vn 1.000000 0.000000 0.000000
vn -0.000000 0.258819 0.965926
vn -0.000000 0.258819 0.965926
vn -0.000000 0.258819 0.965926
vn -0.000000 0.258819 0.965926
vn -0.000000 0.258819 0.965926
vn -0.000000 0.258819 0.965926
vn 0.000000 0.965926 -0.258818
vn 0.000000 0.965926 -0.258818
vn 0.000000 0.965926 -0.258818
vn 0.000000 0.965924 -0.258825
vn 0.000000 0.965924 -0.258825
vn 0.000000 0.965924 -0.258825
vn 1.000000 0.000000 0.000000
vn 1.000000 0.000000 0.000000
vn 1.000000 0.000000 0.000000
vn 1.000000 0.000000 0.000000
vn 1.000000 0.000000 0.000000
vn 1.000000 0.000000 0.000000
vn -0.000000 0.258819 0.965926
vn -0.000000 0.258819 0.965926
vn -0.000000 0.258819 0.965926
vn -0.000000 0.258819 0.965926
vn -0.000000 0.258819 0.965926
vn -0.000000 0.258819 0.965926
vn 0.000000 -1.000000 0.000000
vn 0.000000 -1.000000 0.000000
vn 0.000000 -1.000000 0.000000
vn 0.000000 -1.000000 0.000000
vn 0.000000 -1.000000 0.000000
vn 0.000000 -1.000000 0.000000
vn 1.000000 -0.000000 0.000000
vn 1.000000 -0.000000 0.000000
vn 1.000000 -0.000000 0.000000
vn 1.000000 0.000000 0.000000
vn 1.000000 0.000000 0.000000
vn 1.000000 0.000000 0.000000
vn -1.000000 -0.000000 -0.000000
vn -1.000000 -0.000000 -0.000000
vn -1.000000 -0.000000 -0.000000
vn -1.000000 -0.000000 -0.000000
vn -1.000000 -0.000000 -0.000000
vn -1.000000 -0.000000 -0.000000
vn 0.000000 0.965926 -0.258820
vn 0.000000 0.965926 -0.258820
vn 0.000000 0.965926 -0.258820
vn 0.000000 0.965927 -0.258816
vn 0.000000 0.965927 -0.258816
vn 0.000000 0.965927 -0.258816
vn -0.000000 -0.965926 0.258820
vn -0.000000 -0.965926 0.258820
vn -0.000000 -0.965926 0.258820
vn -0.000000 -0.965926 0.258820
vn -0.000000 -0.965926 0.258820
vn -0.000000 -0.965926 0.258820
vn 0.000000 -0.258819 -0.965926
vn 0.000000 -0.258819 -0.965926
vn 0.000000 -0.258819 -0.965926
vn 0.000000 -0.258819 -0.965926
vn 0.000000 -0.258819 -0.965926
vn 0.000000 -0.258819 -0.965926
vn -0.000000 0.258819 0.965926
vn -0.000000 0.258819 0.965926
vn -0.000000 0.258819 0.965926
vn -0.000000 0.258819 0.965926
vn -0.000000 0.258819 0.965926
vn -0.000000 0.258819 0.965926
vn -0.000001 0.258815 0.965927
vn -0.000001 0.258815 0.965927
vn -0.000001 0.258815 0.965927
vn -0.000000 0.258819 0.965926
vn -0.000000 0.258819 0.965926
vn -0.000000 0.258819 0.965926
vn -0.000000 0.258819 0.965926
vn -0.000000 0.258819 0.965926
vn -0.000000 0.258819 0.965926
vn 0.000000 -0.258819 -0.965926
vn 0.000000 -0.258819 -0.965926
vn 0.000000 -0.258819 -0.965926
vn 0.000000 -0.258819 -0.965926
vn 0.000000 -0.258819 -0.965926
vn 0.000000 -0.258819 -0.965926
vn 0.000007 -0.258825 -0.965924
vn 0.000007 -0.258825 -0.965924
vn 0.000007 -0.258825 -0.965924
vn 0.000000 -0.258808 -0.965929
vn 0.000000 -0.258808 -0.965929
vn 0.000000 -0.258808 -0.965929
vn 0.000000 -0.258820 -0.965926
vn 0.000000 -0.258820 -0.965926
vn 0.000000 -0.258820 -0.965926
vn -0.000001 -0.258816 -0.965927
vn -0.000001 -0.258816 -0.965927
vn -0.000001 -0.258816 -0.965927
vn -0.000000 -0.965923 0.258830
vn -0.000000 -0.965923 0.258830
vn -0.000000 -0.965923 0.258830
vn -0.000000 -0.965926 0.258817
vn -0.000000 -0.965926 0.258817
vn -0.000000 -0.965926 0.258817
vn 1.000000 0.000000 0.000000
vn 1.000000 0.000000 0.000000
vn 1.000000 0.000000 0.000000
vn 1.000000 0.000000 0.000000
vn 1.000000 0.000000 0.000000
vn 1.000000 0.000000 0.000000
vn -1.000000 -0.000000 -0.000000
vn -1.000000 -0.000000 -0.000000
vn -1.000000 -0.000000 -0.000000
vn -1.000000 -0.000000 -0.000000
vn -1.000000 -0.000000 -0.000000
vn -1.000000 -0.000000 -0.000000
vn -1.000000 -0.000000 -0.000000
vn -1.000000 -0.000000 -0.000000
vn -1.000000 -0.000000 -0.000000
vn -1.000000 -0.000000 -0.000000
vn -1.000000 -0.000000 -0.000000
vn -1.000000 -0.000000 -0.000000
vn -0.000000 0.258819 0.965926
vn -0.000000 0.258819 0.965926
vn -0.000000 0.258819 0.965926
vn -0.000000 0.258819 0.965926
vn -0.000000 0.258819 0.965926
vn -0.000000 0.258819 0.965926
vn -1.000000 -0.000000 -0.000000
vn -1.000000 -0.000000 -0.000000
vn -1.000000 -0.000000 -0.000000
vn -1.000000 -0.000000 -0.000000
vn -1.000000 -0.000000 -0.000000
vn -1.000000 -0.000000 -0.000000
vn -0.000000 -0.965926 0.258818
vn -0.000000 -0.965926 0.258818
vn -0.000000 -0.965926 0.258818
vn -0.000000 -0.965926 0.258818
vn -0.000000 -0.965926 0.258818
vn -0.000000 -0.965926 0.258818
vn -1.000000 -0.000000 -0.000000
vn -1.000000 -0.000000 -0.000000
vn -1.000000 -0.000000 -0.000000
vn -1.000000 -0.000000 -0.000000
vn -1.000000 -0.000000 -0.000000
vn -1.000000 -0.000000 -0.000000
vn -0.000000 -0.965927 0.258816
vn -0.000000 -0.965927 0.258816
vn -0.000000 -0.965927 0.258816
vn -0.000000 -0.965925 0.258823
vn -0.000000 -0.965925 0.258823
vn -0.000000 -0.965925 0.258823
vn 1.000000 0.000000 0.000000
vn 1.000000 0.000000 0.000000
vn 1.000000 0.000000 0.000000
vn 1.000000 0.000000 0.000000
vn 1.000000 0.000000 0.000000
vn 1.000000 0.000000 0.000000
vn 0.000000 -0.258819 -0.965926
vn 0.000000 -0.258819 -0.965926
vn 0.000000 -0.258819 -0.965926
vn 0.000000 -0.258819 -0.965926
vn 0.000000 -0.258819 -0.965926
vn 0.000000 -0.258819 -0.965926
vn 0.000000 -0.258819 -0.965926
vn 0.000000 -0.258819 -0.965926
vn 0.000000 -0.258819 -0.965926
vn 0.000000 -0.258819 -0.965926
vn 0.000000 -0.258819 -0.965926
vn 0.000000 -0.258819 -0.965926
vn 0.000000 -0.258819 -0.965926
vn 0.000000 -0.258819 -0.965926
vn 0.000000 -0.258819 -0.965926
vn 0.000000 -0.258819 -0.965926
vn 0.000000 -0.258819 -0.965926
vn 0.000000 -0.258819 -0.965926
vn 0.000000 -0.258819 -0.965926
vn 0.000000 -0.258819 -0.965926
vn 0.000000 -0.258819 -0.965926
vn -0.000000 0.258817 0.965926
vn -0.000000 0.258817 0.965926
vn -0.000000 0.258817 0.965926
vn 0.000000 -0.258813 -0.965927
vn 0.000000 -0.258813 -0.965927
vn 0.000000 -0.258813 -0.965927
vn 0.000000 -0.258819 -0.965926
vn 0.000000 -0.258819 -0.965926
vn 0.000000 -0.258819 -0.965926
vn 0.000000 -0.258819 -0.965926
vn 0.000000 -0.258819 -0.965926
vn 0.000000 -0.258819 -0.965926
vn -0.000000 0.258820 0.965926
vn -0.000000 0.258820 0.965926
vn -0.000000 0.258820 0.965926
vn -0.000000 0.258819 0.965926
vn -0.000000 0.258819 0.965926
vn -0.000000 0.258819 0.965926
vn 0.000000 -0.258819 -0.965926
vn 0.000000 -0.258819 -0.965926
vn 0.000000 -0.258819 -0.965926
vn 0.000000 -0.258819 -0.965926
vn 0.000000 -0.258819 -0.965926
vn 0.000000 -0.258819 -0.965926
vn 1.000000 0.000000 0.000000
vn 1.000000 0.000000 0.000000
vn 1.000000 0.000000 0.000000
vn 1.000000 -0.000001 0.000000
vn 1.000000 -0.000001 0.000000
vn 1.000000 -0.000001 0.000000
vn 0.000000 0.965926 -0.258820
vn 0.000000 0.965926 -0.258820
vn 0.000000 0.965926 -0.258820
vn 0.000000 0.965928 -0.258813
vn 0.000000 0.965928 -0.258813
vn 0.000000 0.965928 -0.258813
vn -0.618519 0.785770 -0.000009
vn -0.618519 0.785770 -0.000009
vn -0.618519 0.785770 -0.000009
vn -0.618516 0.785772 -0.000000
vn -0.618516 0.785772 -0.000000
vn -0.618516 0.785772 -0.000000
vn -1.000000 -0.000000 -0.000000
vn -1.000000 -0.000000 -0.000000
vn -1.000000 -0.000000 -0.000000
vn -1.000000 -0.000000 -0.000000
vn -1.000000 -0.000000 -0.000000
vn -1.000000 -0.000000 -0.000000
vn -0.000000 1.000000 -0.000000
vn -0.000000 1.000000 -0.000000
vn -0.000000 1.000000 -0.000000
vn -0.000000 1.000000 -0.000000
vn -0.000000 1.000000 -0.000000
vn -0.000000 1.000000 -0.000000
vn -0.000000 0.258819 0.965926
vn -0.000000 0.258819 0.965926
vn -0.000000 0.258819 0.965926
vn -0.000000 0.258819 0.965926
vn -0.000000 0.258819 0.965926
vn -0.000000 0.258819 0.965926
vn -0.000000 -0.965927 0.258816
vn -0.000000 -0.965927 0.258816
vn -0.000000 -0.965927 0.258816
vn -0.000000 -0.965927 0.258817
vn -0.000000 -0.965927 0.258817
vn -0.000000 -0.965927 0.258817
vn 0.000000 -0.258819 -0.965926
vn 0.000000 -0.258819 -0.965926
vn 0.000000 -0.258819 -0.965926
vn 0.000000 -0.258819 -0.965926
vn 0.000000 -0.258819 -0.965926
vn 0.000000 -0.258819 -0.965926
vn 0.000000 -0.258819 -0.965926
vn 0.000000 -0.258819 -0.965926
vn 0.000000 -0.258819 -0.965926
vn 0.000001 -0.258819 -0.965926
vn 0.000001 -0.258819 -0.965926
vn 0.000001 -0.258819 -0.965926
vn 0.000000 -0.258823 -0.965925
vn 0.000000 -0.258823 -0.965925
vn 0.000000 -0.258823 -0.965925
vn 0.000000 -0.258824 -0.965925
vn 0.000000 -0.258824 -0.965925
vn 0.000000 -0.258824 -0.965925
vn 0.000000 0.965922 -0.258832
vn 0.000000 0.965922 -0.258832
vn 0.000000 0.965922 -0.258832
vn 0.000000 0.965928 -0.258811
vn 0.000000 0.965928 -0.258811
vn 0.000000 0.965928 -0.258811
vn 1.000000 0.000000 0.000000
vn 1.000000 0.000000 0.000000
vn 1.000000 0.000000 0.000000
vn 1.000000 -0.000001 0.000000
vn 1.000000 -0.000001 0.000000
vn 1.000000 -0.000001 0.000000
vn 0.000000 0.965925 -0.258823
vn 0.000000 0.965925 -0.258823
vn 0.000000 0.965925 -0.258823
vn 0.000000 0.965927 -0.258816
vn 0.000000 0.965927 -0.258816
vn 0.000000 0.965927 -0.258816
vn 1.000000 0.000000 0.000000
vn 1.000000 0.000000 0.000000
vn 1.000000 0.000000 0.000000
vn 1.000000 0.000000 0.000000
vn 1.000000 0.000000 0.000000
vn 1.000000 0.000000 0.000000
vn -0.000000 0.258819 0.965926
vn -0.000000 0.258819 0.965926
vn -0.000000 0.258819 0.965926
vn -0.000000 0.258819 0.965926
vn -0.000000 0.258819 0.965926
vn -0.000000 0.258819 0.965926
vn 0.000000 0.965924 -0.258826
vn 0.000000 0.965924 -0.258826
vn 0.000000 0.965924 -0.258826
vn 0.000000 0.965927 -0.258813
vn 0.000000 0.965927 -0.258813
vn 0.000000 0.965927 -0.258813
vn 1.000000 0.000000 0.000000
vn 1.000000 0.000000 0.000000
vn 1.000000 0.000000 0.000000
vn 1.000000 -0.000001 0.000000
vn 1.000000 -0.000001 0.000000
vn 1.000000 -0.000001 0.000000
vn -0.000000 0.258819 0.965926
vn -0.000000 0.258819 0.965926
vn -0.000000 0.258819 0.965926
vn -0.000000 0.258819 0.965926
vn -0.000000 0.258819 0.965926
vn -0.000000 0.258819 0.965926
vn 0.000000 0.965924 -0.258825
vn 0.000000 0.965924 -0.258825
vn 0.000000 0.965924 -0.258825
vn 0.000000 0.965926 -0.258818
vn 0.000000 0.965926 -0.258818
vn 0.000000 0.965926 -0.258818
vn 0.000000 0.965926 -0.258820
vn 0.000000 0.965926 -0.258820
vn 0.000000 0.965926 -0.258820
vn 0.000000 0.965926 -0.258820
vn 0.000000 0.965926 -0.258820
vn 0.000000 0.965926 -0.258820
vn 0.000000 0.965926 -0.258820
vn 0.000000 0.965926 -0.258820
vn 0.000000 0.965926 -0.258820
vn 0.000000 0.965926 -0.258820
vn 0.000000 0.965926 -0.258820
vn 0.000000 0.965926 -0.258820
vn 0.000000 0.965928 -0.258813
vn 0.000000 0.965928 -0.258813
vn 0.000000 0.965928 -0.258813
vn 0.000000 0.965924 -0.258826
vn 0.000000 0.965924 -0.258826
vn 0.000000 0.965924 -0.258826
vn -0.000000 -0.965924 0.258826
vn -0.000000 -0.965924 0.258826
vn -0.000000 -0.965924 0.258826
vn -0.000000 -0.965928 0.258813
vn -0.000000 -0.965928 0.258813
vn -0.000000 -0.965928 0.258813
vn -1.000000 -0.000000 -0.000000
vn -1.000000 -0.000000 -0.000000
vn -1.000000 -0.000000 -0.000000
vn -1.000000 -0.000000 -0.000000
vn -1.000000 -0.000000 -0.000000
vn -1.000000 -0.000000 -0.000000
vn -1.000000 -0.000000 -0.000000
vn -1.000000 -0.000000 -0.000000
vn -1.000000 -0.000000 -0.000000
vn -1.000000 -0.000000 -0.000000
vn -1.000000 -0.000000 -0.000000
vn -1.000000 -0.000000 -0.000000
vn -0.000000 0.258819 0.965926
vn -0.000000 0.258819 0.965926
vn -0.000000 0.258819 0.965926
vn -0.000000 0.258819 0.965926
vn -0.000000 0.258819 0.965926
vn -0.000000 0.258819 0.965926
vn -0.000000 -0.965924 0.258826
vn -0.000000 -0.965924 0.258826
vn -0.000000 -0.965924 0.258826
vn -0.000000 -0.965926 0.258820
vn -0.000000 -0.965926 0.258820
vn -0.000000 -0.965926 0.258820
vn -0.000000 -0.965928 0.258811
vn -0.000000 -0.965928 0.258811
vn -0.000000 -0.965928 0.258811
vn -0.000000 -0.965924 0.258825
vn -0.000000 -0.965924 0.258825
vn -0.000000 -0.965924 0.258825
vn 0.000000 -0.258819 -0.965926
vn 0.000000 -0.258819 -0.965926
vn 0.000000 -0.258819 -0.965926
vn 0.000000 -0.258819 -0.965926
vn 0.000000 -0.258819 -0.965926
vn 0.000000 -0.258819 -0.965926
vn -1.000000 -0.000000 -0.000000
vn -1.000000 -0.000000 -0.000000
vn -1.000000 -0.000000 -0.000000
vn -1.000000 -0.000000 -0.000000
vn -1.000000 -0.000000 -0.000000
vn -1.000000 -0.000000 -0.000000
vn 0.000000 0.965926 -0.258820
vn 0.000000 0.965926 -0.258820
vn 0.000000 0.965926 -0.258820
vn 0.000000 0.965926 -0.258820
vn 0.000000 0.965926 -0.258820
vn 0.000000 0.965926 -0.258820
vn -0.000000 -0.965926 0.258820
vn -0.000000 -0.965926 0.258820
vn -0.000000 -0.965926 0.258820
vn -0.000000 -0.965926 0.258819
vn -0.000000 -0.965926 0.258819
vn -0.000000 -0.965926 0.258819
vn -0.000000 -0.965926 0.258820
vn -0.000000 -0.965926 0.258820
vn -0.000000 -0.965926 0.258820
vn -0.000000 -0.965928 0.258813
vn -0.000000 -0.965928 0.258813
vn -0.000000 -0.965928 0.258813
vn -0.000000 -0.965927 0.258816
vn -0.000000 -0.965927 0.258816
vn -0.000000 -0.965927 0.258816
vn -0.000000 -0.965925 0.258823
vn -0.000000 -0.965925 0.258823
vn -0.000000 -0.965925 0.258823
vn -0.000000 0.258819 0.965926
vn -0.000000 0.258819 0.965926
vn -0.000000 0.258819 0.965926
vn -0.000000 0.258819 0.965926
vn -0.000000 0.258819 0.965926
vn -0.000000 0.258819 0.965926
vn -0.000000 -0.965926 0.258820
vn -0.000000 -0.965926 0.258820
vn -0.000000 -0.965926 0.258820
vn -0.000000 -0.965926 0.258818
vn -0.000000 -0.965926 0.258818
vn -0.000000 -0.965926 0.258818
vn -0.000000 -0.965923 0.258830
vn -0.000000 -0.965923 0.258830
vn -0.000000 -0.965923 0.258830
vn -0.000000 -0.965927 0.258816
vn -0.000000 -0.965927 0.258816
vn -0.000000 -0.965927 0.258816
vn -1.000000 -0.000000 -0.000000
vn -1.000000 -0.000000 -0.000000
vn -1.000000 -0.000000 -0.000000
vn -1.000000 -0.000000 -0.000000
vn -1.000000 -0.000000 -0.000000
vn -1.000000 -0.000000 -0.000000
vn -0.618517 0.785771 0.000013
vn -0.618517 0.785771 0.000013
vn -0.618517 0.785771 0.000013
vn -0.618517 0.785771 -0.000000
vn -0.618517 0.785771 -0.000000
vn -0.618517 0.785771 -0.000000
vn 0.000000 -0.258819 -0.965926
vn 0.000000 -0.258819 -0.965926
vn 0.000000 -0.258819 -0.965926
vn 0.000000 -0.258819 -0.965926
vn 0.000000 -0.258819 -0.965926
vn 0.000000 -0.258819 -0.965926
vn 0.000000 0.965928 -0.258813
vn 0.000000 0.965928 -0.258813
vn 0.000000 0.965928 -0.258813
vn 0.000000 0.965924 -0.258826
vn 0.000000 0.965924 -0.258826
vn 0.000000 0.965924 -0.258826
vn 0.000000 0.965925 -0.258823
vn 0.000000 0.965925 -0.258823
vn 0.000000 0.965925 -0.258823
vn 0.000000 0.965927 -0.258816
vn 0.000000 0.965927 -0.258816
vn 0.000000 0.965927 -0.258816
vn -0.000000 0.258820 0.965926
vn -0.000000 0.258820 0.965926
vn -0.000000 0.258820 0.965926
vn -0.000000 0.258819 0.965926
vn -0.000000 0.258819 0.965926
vn -0.000000 0.258819 0.965926
vn 0.000000 0.965926 -0.258819
vn 0.000000 0.965926 -0.258819
vn 0.000000 0.965926 -0.258819
vn 0.000000 0.965926 -0.258820
vn 0.000000 0.965926 -0.258820
vn 0.000000 0.965926 -0.258820
vn -0.000000 -0.965926 0.258820
vn -0.000000 -0.965926 0.258820
vn -0.000000 -0.965926 0.258820
vn -0.000000 -0.965926 0.258820
vn -0.000000 -0.965926 0.258820
vn -0.000000 -0.965926 0.258820
vn 0.000000 0.965926 -0.258820
vn 0.000000 0.965926 -0.258820
vn 0.000000 0.965926 -0.258820
vn 0.000000 0.965926 -0.258820
vn 0.000000 0.965926 -0.258820
vn 0.000000 0.965926 -0.258820
vn 1.000000 0.000000 0.000000
vn 1.000000 0.000000 0.000000
vn 1.000000 0.000000 0.000000
vn 1.000000 0.000000 0.000000
vn 1.000000 0.000000 0.000000
vn 1.000000 0.000000 0.000000
vn 1.000000 0.000000 0.000000
vn 1.000000 0.000000 0.000000
vn 1.000000 0.000000 0.000000
vn 1.000000 -0.000001 0.000000
vn 1.000000 -0.000001 0.000000
vn 1.000000 -0.000001 0.000000
vn -0.000000 0.258819 0.965926
vn -0.000000 0.258819 0.965926
vn -0.000000 0.258819 0.965926
vn -0.000000 0.258819 0.965926
vn -0.000000 0.258819 0.965926
vn -0.000000 0.258819 0.965926
vn -0.000000 0.258819 0.965926
vn -0.000000 0.258819 0.965926
vn -0.000000 0.258819 0.965926
vn -0.000000 0.258822 0.965925
vn -0.000000 0.258822 0.965925
vn -0.000000 0.258822 0.965925
vn -1.000000 0.000001 -0.000000
vn -1.000000 0.000001 -0.000000
vn -1.000000 0.000001 -0.000000
vn 1.000000 0.000000 0.000000
vn 1.000000 0.000000 0.000000
vn 1.000000 0.000000 0.000000
vn -0.000000 0.258819 0.965926
vn -0.000000 0.258819 0.965926
vn -0.000000 0.258819 0.965926
vn -0.000000 0.258819 0.965926
vn -0.000000 0.258819 0.965926
vn -0.000000 0.258819 0.965926
vn -0.000000 0.258819 0.965926
vn -0.000000 0.258819 0.965926
vn -0.000000 0.258819 0.965926
vn -0.000000 0.258819 0.965926
vn -0.000000 0.258819 0.965926
vn -0.000000 0.258819 0.965926
vn 1.000000 0.000000 0.000000
vn 1.000000 0.000000 0.000000
vn 1.000000 0.000000 0.000000
vn 1.000000 -0.000001 0.000000
vn 1.000000 -0.000001 0.000000
vn 1.000000 -0.000001 0.000000
vn 0.000000 0.965926 -0.258820
vn 0.000000 0.965926 -0.258820
vn 0.000000 0.965926 -0.258820
vn 0.000000 0.965927 -0.258816
vn 0.000000 0.965927 -0.258816
vn 0.000000 0.965927 -0.258816
vn 0.000000 0.965926 -0.258817
vn 0.000000 0.965926 -0.258817
vn 0.000000 0.965926 -0.258817
vn 0.000000 0.965925 -0.258823
vn 0.000000 0.965925 -0.258823
vn 0.000000 0.965925 -0.258823
vn -1.000000 -0.000000 -0.000000
vn -1.000000 -0.000000 -0.000000
vn -1.000000 -0.000000 -0.000000
vn -1.000000 -0.000000 -0.000000
vn -1.000000 -0.000000 -0.000000
vn -1.000000 -0.000000 -0.000000
vn -0.000000 0.258819 0.965926
vn -0.000000 0.258819 0.965926
vn -0.000000 0.258819 0.965926
vn -0.000000 0.258819 0.965926
vn -0.000000 0.258819 0.965926
vn -0.000000 0.258819 0.965926
vn -1.000000 -0.000000 -0.000000
vn -1.000000 -0.000000 -0.000000
vn -1.000000 -0.000000 -0.000000
vn -1.000000 -0.000000 -0.000000
vn -1.000000 -0.000000 -0.000000
vn -1.000000 -0.000000 -0.000000
vn -0.000000 -0.965926 0.258818
vn -0.000000 -0.965926 0.258818
vn -0.000000 -0.965926 0.258818
vn -0.000000 -0.965926 0.258818
vn -0.000000 -0.965926 0.258818
vn -0.000000 -0.965926 0.258818
vn -1.000000 -0.000000 -0.000000
vn -1.000000 -0.000000 -0.000000
vn -1.000000 -0.000000 -0.000000
vn -1.000000 -0.000000 -0.000000
vn -1.000000 -0.000000 -0.000000
vn -1.000000 -0.000000 -0.000000
vn -0.000000 -0.965924 0.258826
vn -0.000000 -0.965924 0.258826
vn -0.000000 -0.965924 0.258826
vn -0.000000 -0.965926 0.258820
vn -0.000000 -0.965926 0.258820
vn -0.000000 -0.965926 0.258820
vn 0.000000 -0.258819 -0.965926
vn 0.000000 -0.258819 -0.965926
vn 0.000000 -0.258819 -0.965926
vn 0.000000 -0.258819 -0.965926
vn 0.000000 -0.258819 -0.965926
vn 0.000000 -0.258819 -0.965926
vn 0.000000 -0.258819 -0.965926
vn 0.000000 -0.258819 -0.965926
vn 0.000000 -0.258819 -0.965926
vn 0.000000 -0.258819 -0.965926
vn 0.000000 -0.258819 -0.965926
vn 0.000000 -0.258819 -0.965926
vn 0.000000 -0.258819 -0.965926
vn 0.000000 -0.258819 -0.965926
vn 0.000000 -0.258819 -0.965926
vn 0.000000 -0.258819 -0.965926
vn 0.000000 -0.258819 -0.965926
vn 0.000000 -0.258819 -0.965926
vn -1.000000 -0.000000 -0.000000
vn -1.000000 -0.000000 -0.000000
vn -1.000000 -0.000000 -0.000000
vn -1.000000 -0.000000 -0.000000
vn -1.000000 -0.000000 -0.000000
vn -1.000000 -0.000000 -0.000000
vn 0.000000 -1.000000 0.000000
vn 0.000000 -1.000000 0.000000
vn 0.000000 -1.000000 0.000000
vn 0.000000 -1.000000 0.000000
vn 0.000000 -1.000000 0.000000
vn 0.000000 -1.000000 0.000000
vn -1.000000 -0.000000 -0.000000
vn -1.000000 -0.000000 -0.000000
vn -1.000000 -0.000000 -0.000000
vn -1.000000 -0.000001 -0.000000
vn -1.000000 -0.000001 -0.000000
vn -1.000000 -0.000001 -0.000000
vn 0.000000 0.965927 -0.258816
vn 0.000000 0.965927 -0.258816
vn 0.000000 0.965927 -0.258816
vn 0.000000 0.965926 -0.258820
vn 0.000000 0.965926 -0.258820
vn 0.000000 0.965926 -0.258820
vn -1.000000 0.000000 -0.000000
vn -1.000000 0.000000 -0.000000
vn -1.000000 0.000000 -0.000000
vn -1.000000 -0.000000 -0.000000
vn -1.000000 -0.000000 -0.000000
vn -1.000000 -0.000000 -0.000000
vn -1.000000 0.000000 -0.000000
vn -1.000000 0.000000 -0.000000
vn -1.000000 0.000000 -0.000000
vn -1.000000 -0.000000 -0.000000
vn -1.000000 -0.000000 -0.000000
vn -1.000000 -0.000000 -0.000000
vn 0.000000 -0.258819 -0.965926
vn 0.000000 -0.258819 -0.965926
vn 0.000000 -0.258819 -0.965926
vn 0.000000 -0.258819 -0.965926
vn 0.000000 -0.258819 -0.965926
vn 0.000000 -0.258819 -0.965926
vn 0.000000 0.965927 -0.258813
vn 0.000000 0.965927 -0.258813
vn 0.000000 0.965927 -0.258813
vn 0.000000 0.965926 -0.258820
vn 0.000000 0.965926 -0.258820
vn 0.000000 0.965926 -0.258820
vn 1.000000 0.000000 0.000000
vn 1.000000 0.000000 0.000000
vn 1.000000 0.000000 0.000000
vn 1.000000 0.000000 0.000000
vn 1.000000 0.000000 0.000000
vn 1.000000 0.000000 0.000000
vn -0.000001 0.258819 0.965926
vn -0.000001 0.258819 0.965926
vn -0.000001 0.258819 0.965926
vn -0.000000 0.258819 0.965926
vn -0.000000 0.258819 0.965926
vn -0.000000 0.258819 0.965926
vn -0.000000 0.258819 0.965926
vn -0.000000 0.258819 0.965926
vn -0.000000 0.258819 0.965926
vn 0.618509 0.785778 -0.000002
vn 0.618509 0.785778 -0.000002
vn 0.618509 0.785778 -0.000002
vn 0.618509 0.785778 0.000000
vn 0.618509 0.785778 0.000000
vn 0.618509 0.785778 0.000000
vn -0.000000 -0.965926 0.258820
vn -0.000000 -0.965926 0.258820
vn -0.000000 -0.965926 0.258820
vn -0.000000 -0.965924 0.258826
vn -0.000000 -0.965924 0.258826
vn -0.000000 -0.965924 0.258826
vn -1.000000 -0.000000 -0.000000
vn 0.000005 -0.172433 -0.985021
vn 0.000005 -0.172433 -0.985021
vn -1.000000 -0.000000 -0.000000
vn 0.000005 -0.172433 -0.985021
vn 0.000003 -0.172395 -0.985028
vn -0.000000 0.258819 0.965926
vn -0.000000 0.258819 0.965926
vn -0.000000 0.258819 0.965926
vn -0.000000 0.258819 0.965926
vn -0.000000 0.258819 0.965926
vn -0.000000 0.258819 0.965926
vn -1.000000 0.000000 -0.000000
vn -1.000000 0.000000 -0.000000
vn -1.000000 0.000000 -0.000000
vn -1.000000 -0.000000 -0.000000
vn -1.000000 -0.000000 -0.000000
vn -1.000000 -0.000000 -0.000000
vn -0.000000 -0.965926 0.258820
vn -0.000000 -0.965926 0.258820
vn -0.000000 -0.965926 0.258820
vn -0.000000 -0.965926 0.258820
vn -0.000000 -0.965926 0.258820
vn -0.000000 -0.965926 0.258820
vn -0.000000 0.258819 0.965926
vn -0.000000 0.258819 0.965926
vn -0.000000 0.258819 0.965926
vn -0.000000 0.258819 0.965926
vn -0.000000 0.258819 0.965926
vn -0.000000 0.258819 0.965926
vn -1.000000 0.000000 -0.000000
vn -1.000000 0.000000 -0.000000
vn -1.000000 0.000000 -0.000000
vn -1.000000 -0.000000 -0.000000
vn -1.000000 -0.000000 -0.000000
vn -1.000000 -0.000000 -0.000000
vn -0.000000 -0.965928 0.258812
vn -0.000000 -0.965928 0.258812
vn -0.000000 -0.965928 0.258812
vn -0.000000 -0.965924 0.258825
vn -0.000000 -0.965924 0.258825
vn -0.000000 -0.965924 0.258825
vn 1.000000 0.000000 0.000000
vn 1.000000 0.000000 0.000000
vn 1.000000 0.000000 0.000000
vn 1.000000 0.000000 0.000000
vn 1.000000 0.000000 0.000000
vn 1.000000 0.000000 0.000000
vn -1.000000 0.000000 -0.000000
vn -1.000000 0.000000 -0.000000
vn -1.000000 0.000000 -0.000000
vn -1.000000 -0.000000 -0.000000
vn -1.000000 -0.000000 -0.000000
vn -1.000000 -0.000000 -0.000000
vn 0.000000 -0.258819 -0.965926
vn 0.000000 -0.258819 -0.965926
vn 0.000000 -0.258819 -0.965926
vn 0.000000 -0.258819 -0.965926
vn 0.000000 -0.258819 -0.965926
vn 0.000000 -0.258819 -0.965926
vn 0.000000 -0.258819 -0.965926
vn 0.000000 -0.258819 -0.965926
vn 0.000000 -0.258819 -0.965926
vn 0.000000 -0.258819 -0.965926
vn 0.000000 -0.258819 -0.965926
vn 0.000000 -0.258819 -0.965926
vn 0.000000 -0.258819 -0.965926
vn 0.000000 -0.258819 -0.965926
vn 0.000000 -0.258819 -0.965926
vn 0.000000 -0.258819 -0.965926
vn 0.000000 -0.258819 -0.965926
vn 0.000000 -0.258819 -0.965926
vn 0.000000 -0.258819 -0.965926
vn 0.000000 -0.258819 -0.965926
vn 0.000000 -0.258819 -0.965926
vn 0.000000 -0.258819 -0.965926
vn 0.000000 -0.258819 -0.965926
vn 0.000000 -0.258819 -0.965926
vn -0.000000 -0.965926 0.258819
vn -0.000000 -0.965926 0.258819
vn -0.000000 -0.965926 0.258819
vn -0.000000 -0.965926 0.258819
vn -0.000000 -0.965926 0.258819
vn -0.000000 -0.965926 0.258819
vn -0.000000 -0.965926 0.258820
vn -0.000000 -0.965926 0.258820
vn -0.000000 -0.965926 0.258820
vn -0.000000 -0.965926 0.258820
vn -0.000000 -0.965926 0.258820
vn -0.000000 -0.965926 0.258820
vn -0.000000 0.258819 0.965926
vn -0.000000 0.258819 0.965926
vn -0.000000 0.258819 0.965926
vn -0.000000 0.258819 0.965926
vn -0.000000 0.258819 0.965926
vn -0.000000 0.258819 0.965926
vn -0.000000 0.258819 0.965926
vn -0.000000 0.258819 0.965926
vn -0.000000 0.258819 0.965926
vn -0.000000 0.258819 0.965926
vn -0.000000 0.258819 0.965926
vn -0.000000 0.258819 0.965926
vn 1.000000 0.000000 0.000000
vn 1.000000 0.000000 0.000000
vn 1.000000 0.000000 0.000000
vn 1.000000 0.000000 0.000000
vn 1.000000 0.000000 0.000000
vn 1.000000 0.000000 0.000000
vn -0.000000 -0.965926 0.258820
vn -0.000000 -0.965926 0.258820
vn -0.000000 -0.965926 0.258820
vn -0.000000 -0.965926 0.258820
vn -0.000000 -0.965926 0.258820
vn -0.000000 -0.965926 0.258820
vn 0.000000 0.965926 -0.258818
vn 0.000000 0.965926 -0.258818
vn 0.000000 0.965926 -0.258818
vn 0.000000 0.965909 -0.258880
vn 0.000000 0.965909 -0.258880
vn 0.000000 0.965909 -0.258880
vn 0.618508 0.785778 0.000007
vn 0.618508 0.785778 0.000007
vn 0.618508 0.785778 0.000007
vn 0.618508 0.785778 0.000000
vn 0.618508 0.785778 0.000000
vn 0.618508 0.785778 0.000000
vn 0.000000 -0.258819 -0.965926
vn 0.000000 -0.258819 -0.965926
vn 0.000000 -0.258819 -0.965926
vn 0.000000 -0.258826 -0.965924
vn 0.000000 -0.258826 -0.965924
vn 0.000000 -0.258826 -0.965924
vn 0.000000 -0.258819 -0.965926
vn 0.000000 -0.258819 -0.965926
vn 0.000000 -0.258819 -0.965926
vn -1.000000 -0.000000 -0.000000
vn -1.000000 -0.000000 -0.000000
vn -1.000000 -0.000000 -0.000000
vn -1.000000 -0.000000 -0.000000
vn -1.000000 -0.000000 -0.000000
vn -1.000000 -0.000000 -0.000000
vn 0.618509 0.785778 0.000000
vn 0.618509 0.785778 0.000000
vn 0.618509 0.785778 0.000000
vn 0.618505 0.785780 -0.000013
vn 0.618505 0.785780 -0.000013
vn 0.618505 0.785780 -0.000013
vn -1.000000 0.000000 -0.000000
vn -1.000000 0.000000 -0.000000
vn -1.000000 0.000000 -0.000000
vn -1.000000 -0.000001 -0.000000
vn -1.000000 -0.000001 -0.000000
vn -1.000000 -0.000001 -0.000000
vn 0.000000 -0.258819 -0.965926
vn 0.000000 -0.258819 -0.965926
vn 0.000000 -0.258819 -0.965926
vn 0.000000 -0.258819 -0.965926
vn 0.000000 -0.258819 -0.965926
vn 0.000000 -0.258819 -0.965926
vn -1.000000 0.000000 -0.000000
vn -1.000000 0.000000 -0.000000
vn -1.000000 0.000000 -0.000000
vn -1.000000 -0.000000 -0.000000
vn -1.000000 -0.000000 -0.000000
vn -1.000000 -0.000000 -0.000000
vn 1.000000 0.000000 0.000000
vn 1.000000 0.000000 0.000000
vn 1.000000 0.000000 0.000000
vn 1.000000 0.000000 0.000000
vn 1.000000 0.000000 0.000000
vn 1.000000 0.000000 0.000000
vn -1.000000 0.000000 -0.000000
vn -1.000000 0.000000 -0.000000
vn -1.000000 0.000000 -0.000000
vn -1.000000 -0.000000 -0.000000
vn -1.000000 -0.000000 -0.000000
vn -1.000000 -0.000000 -0.000000
vn -0.000000 0.258819 0.965926
vn -0.000000 0.258819 0.965926
vn -0.000000 0.258819 0.965926
vn -0.000000 0.258819 0.965926
vn -0.000000 0.258819 0.965926
vn -0.000000 0.258819 0.965926
vn 0.000000 0.965926 -0.258818
vn 0.000000 0.965926 -0.258818
vn 0.000000 0.965926 -0.258818
vn 0.000000 0.965924 -0.258825
vn 0.000000 0.965924 -0.258825
vn 0.000000 0.965924 -0.258825
vn -1.000000 0.000000 -0.000000
vn -1.000000 0.000000 -0.000000
vn -1.000000 0.000000 -0.000000
vn -1.000000 -0.000000 -0.000000
vn -1.000000 -0.000000 -0.000000
vn -1.000000 -0.000000 -0.000000
vn -0.000000 0.258819 0.965926
vn -0.000000 0.258819 0.965926
vn -0.000000 0.258819 0.965926
vn -0.000000 0.258819 0.965926
vn -0.000000 0.258819 0.965926
vn -0.000000 0.258819 0.965926
vn 0.000000 -1.000000 0.000000
vn 0.000000 -1.000000 0.000000
vn 0.000000 -1.000000 0.000000
vn 0.000000 -1.000000 0.000000
vn 0.000000 -1.000000 0.000000
vn 0.000000 -1.000000 0.000000
vn -1.000000 -0.000000 -0.000000
vn -1.000000 -0.000000 -0.000000
vn -1.000000 -0.000000 -0.000000
vn -1.000000 0.000000 -0.000000
vn -1.000000 0.000000 -0.000000
vn -1.000000 0.000000 -0.000000
vn 1.000000 0.000000 0.000000
vn 1.000000 0.000000 0.000000
vn 1.000000 0.000000 0.000000
vn 1.000000 0.000000 0.000000
vn 1.000000 0.000000 0.000000
vn 1.000000 0.000000 0.000000
vn 0.000000 0.965926 -0.258820
vn 0.000000 0.965926 -0.258820
vn 0.000000 0.965926 -0.258820
vn 0.000000 0.965927 -0.258816
vn 0.000000 0.965927 -0.258816
vn 0.000000 0.965927 -0.258816
vn -0.000000 -0.965926 0.258820
vn -0.000000 -0.965926 0.258820
vn -0.000000 -0.965926 0.258820
vn -0.000000 -0.965926 0.258820
vn -0.000000 -0.965926 0.258820
vn -0.000000 -0.965926 0.258820
vn 0.000000 -0.258819 -0.965926
vn 0.000000 -0.258819 -0.965926
vn 0.000000 -0.258819 -0.965926
vn 0.000000 -0.258819 -0.965926
vn 0.000000 -0.258819 -0.965926
vn 0.000000 -0.258819 -0.965926
vn -0.000000 0.258819 0.965926
vn -0.000000 0.258819 0.965926
vn -0.000000 0.258819 0.965926
vn -0.000000 0.258819 0.965926
vn -0.000000 0.258819 0.965926
vn -0.000000 0.258819 0.965926
vn 0.000001 0.258815 0.965927
vn 0.000001 0.258815 0.965927
vn 0.000001 0.258815 0.965927
vn -0.000000 0.258819 0.965926
vn -0.000000 0.258819 0.965926
vn -0.000000 0.258819 0.965926
vn -0.000000 0.258819 0.965926
vn -0.000000 0.258819 0.965926
vn -0.000000 0.258819 0.965926
vn 0.000000 -0.258819 -0.965926
vn 0.000000 -0.258819 -0.965926
vn 0.000000 -0.258819 -0.965926
vn 0.000000 -0.258819 -0.965926
vn 0.000000 -0.258819 -0.965926
vn 0.000000 -0.258819 -0.965926
vn -0.000007 -0.258825 -0.965924
vn -0.000007 -0.258825 -0.965924
vn -0.000007 -0.258825 -0.965924
vn 0.000000 -0.258808 -0.965929
vn 0.000000 -0.258808 -0.965929
vn 0.000000 -0.258808 -0.965929
vn 0.000000 -0.258820 -0.965926
vn 0.000000 -0.258820 -0.965926
vn 0.000000 -0.258820 -0.965926
vn 0.000001 -0.258816 -0.965927
vn 0.000001 -0.258816 -0.965927
vn 0.000001 -0.258816 -0.965927
vn -0.000000 -0.965923 0.258830
vn -0.000000 -0.965923 0.258830
vn -0.000000 -0.965923 0.258830
vn -0.000000 -0.965926 0.258817
vn -0.000000 -0.965926 0.258817
vn -0.000000 -0.965926 0.258817
vn -1.000000 0.000000 -0.000000
vn -1.000000 0.000000 -0.000000
vn -1.000000 0.000000 -0.000000
vn -1.000000 -0.000000 -0.000000
vn -1.000000 -0.000000 -0.000000
vn -1.000000 -0.000000 -0.000000
vn 1.000000 0.000000 0.000000
vn 1.000000 0.000000 0.000000
vn 1.000000 0.000000 0.000000
vn 1.000000 0.000000 0.000000
vn 1.000000 0.000000 0.000000
vn 1.000000 0.000000 0.000000
vn 1.000000 0.000000 0.000000
vn 1.000000 0.000000 0.000000
vn 1.000000 0.000000 0.000000
vn 1.000000 0.000000 0.000000
vn 1.000000 0.000000 0.000000
vn 1.000000 0.000000 0.000000
vn -0.000000 0.258819 0.965926
vn -0.000000 0.258819 0.965926
vn -0.000000 0.258819 0.965926
vn -0.000000 0.258819 0.965926
vn -0.000000 0.258819 0.965926
vn -0.000000 0.258819 0.965926
vn 1.000000 0.000000 0.000000
vn 1.000000 0.000000 0.000000
vn 1.000000 0.000000 0.000000
vn 1.000000 0.000000 0.000000
vn 1.000000 0.000000 0.000000
vn 1.000000 0.000000 0.000000
vn -0.000000 -0.965926 0.258818
vn -0.000000 -0.965926 0.258818
vn -0.000000 -0.965926 0.258818
vn -0.000000 -0.965926 0.258818
vn -0.000000 -0.965926 0.258818
vn -0.000000 -0.965926 0.258818
vn 1.000000 0.000000 0.000000
vn 1.000000 0.000000 0.000000
vn 1.000000 0.000000 0.000000
vn 1.000000 0.000000 0.000000
vn 1.000000 0.000000 0.000000
vn 1.000000 0.000000 0.000000
vn -0.000000 -0.965927 0.258816
vn -0.000000 -0.965927 0.258816
vn -0.000000 -0.965927 0.258816
vn -0.000000 -0.965925 0.258823
vn -0.000000 -0.965925 0.258823
vn -0.000000 -0.965925 0.258823
vn -1.000000 0.000000 -0.000000
vn -1.000000 0.000000 -0.000000
vn -1.000000 0.000000 -0.000000
vn -1.000000 -0.000000 -0.000000
vn -1.000000 -0.000000 -0.000000
vn -1.000000 -0.000000 -0.000000
vn 0.000000 -0.258819 -0.965926
vn 0.000000 -0.258819 -0.965926
vn 0.000000 -0.258819 -0.965926
vn 0.000000 -0.258819 -0.965926
vn 0.000000 -0.258819 -0.965926
vn 0.000000 -0.258819 -0.965926
vn 0.000000 -0.258819 -0.965926
vn 0.000000 -0.258819 -0.965926
vn 0.000000 -0.258819 -0.965926
vn 0.000000 -0.258819 -0.965926
vn 0.000000 -0.258819 -0.965926
vn 0.000000 -0.258819 -0.965926
vn 0.000000 -0.258819 -0.965926
vn 0.000000 -0.258819 -0.965926
vn 0.000000 -0.258819 -0.965926
vn 0.000000 -0.258819 -0.965926
vn 0.000000 -0.258819 -0.965926
vn 0.000000 -0.258819 -0.965926
vn 0.000000 -0.258819 -0.965926
vn 0.000000 -0.258819 -0.965926
vn 0.000000 -0.258819 -0.965926
vn -0.000000 0.258817 0.965926
vn -0.000000 0.258817 0.965926
vn -0.000000 0.258817 0.965926
vn 0.000000 -0.258813 -0.965927
vn 0.000000 -0.258813 -0.965927
vn 0.000000 -0.258813 -0.965927
vn 0.000000 -0.258819 -0.965926
vn 0.000000 -0.258819 -0.965926
vn 0.000000 -0.258819 -0.965926
vn 0.000000 -0.258819 -0.965926
vn 0.000000 -0.258819 -0.965926
vn 0.000000 -0.258819 -0.965926
vn -0.000000 0.258820 0.965926
vn -0.000000 0.258820 0.965926
vn -0.000000 0.258820 0.965926
vn -0.000000 0.258819 0.965926
vn -0.000000 0.258819 0.965926
vn -0.000000 0.258819 0.965926
vn 0.000000 -0.258819 -0.965926
vn 0.000000 -0.258819 -0.965926
vn 0.000000 -0.258819 -0.965926
vn 0.000000 -0.258819 -0.965926
vn 0.000000 -0.258819 -0.965926
vn 0.000000 -0.258819 -0.965926
vn -1.000000 0.000000 -0.000000
vn -1.000000 0.000000 -0.000000
vn -1.000000 0.000000 -0.000000
vn -1.000000 -0.000001 -0.000000
vn -1.000000 -0.000001 -0.000000
vn -1.000000 -0.000001 -0.000000
vn 0.000000 0.965926 -0.258820
vn 0.000000 0.965926 -0.258820
vn 0.000000 0.965926 -0.258820
vn 0.000000 0.965927 -0.258813
vn 0.000000 0.965927 -0.258813
vn 0.000000 0.965927 -0.258813
vn 0.618510 0.785777 -0.000009
vn 0.618510 0.785777 -0.000009
vn 0.618510 0.785777 -0.000009
vn 0.618508 0.785779 0.000000
vn 0.618508 0.785779 0.000000
vn 0.618508 0.785779 0.000000
vn 1.000000 0.000000 0.000000
vn 1.000000 0.000000 0.000000
vn 1.000000 0.000000 0.000000
vn 1.000000 0.000000 0.000000
vn 1.000000 0.000000 0.000000
vn 1.000000 0.000000 0.000000
vn -0.000000 1.000000 -0.000000
vn -0.000000 1.000000 -0.000000
vn -0.000000 1.000000 -0.000000
vn -0.000000 1.000000 -0.000000
vn -0.000000 1.000000 -0.000000
vn -0.000000 1.000000 -0.000000
vn -0.000000 0.258819 0.965926
vn -0.000000 0.258819 0.965926
vn -0.000000 0.258819 0.965926
vn -0.000000 0.258819 0.965926
vn -0.000000 0.258819 0.965926
vn -0.000000 0.258819 0.965926
vn -0.000000 -0.965927 0.258816
vn -0.000000 -0.965927 0.258816
vn -0.000000 -0.965927 0.258816
vn -0.000000 -0.965927 0.258817
vn -0.000000 -0.965927 0.258817
vn -0.000000 -0.965927 0.258817
vn 0.000000 -0.258819 -0.965926
vn 0.000000 -0.258819 -0.965926
vn 0.000000 -0.258819 -0.965926
vn 0.000000 -0.258819 -0.965926
vn 0.000000 -0.258819 -0.965926
vn 0.000000 -0.258819 -0.965926
vn 0.000000 -0.258819 -0.965926
vn 0.000000 -0.258819 -0.965926
vn 0.000000 -0.258819 -0.965926
vn -0.000000 -0.258819 -0.965926
vn -0.000000 -0.258819 -0.965926
vn -0.000000 -0.258819 -0.965926
vn 0.000000 -0.258823 -0.965925
vn 0.000000 -0.258823 -0.965925
vn 0.000000 -0.258823 -0.965925
vn 0.000000 -0.258824 -0.965925
vn 0.000000 -0.258824 -0.965925
vn 0.000000 -0.258824 -0.965925
vn 0.000000 0.965922 -0.258832
vn 0.000000 0.965922 -0.258832
vn 0.000000 0.965922 -0.258832
vn 0.000000 0.965928 -0.258811
vn 0.000000 0.965928 -0.258811
vn 0.000000 0.965928 -0.258811
vn -1.000000 0.000000 -0.000000
vn -1.000000 0.000000 -0.000000
vn -1.000000 0.000000 -0.000000
vn -1.000000 -0.000001 -0.000000
vn -1.000000 -0.000001 -0.000000
vn -1.000000 -0.000001 -0.000000
vn 0.000000 0.965925 -0.258823
vn 0.000000 0.965925 -0.258823
vn 0.000000 0.965925 -0.258823
vn 0.000000 0.965927 -0.258816
vn 0.000000 0.965927 -0.258816
vn 0.000000 0.965927 -0.258816
vn -1.000000 0.000000 -0.000000
vn -1.000000 0.000000 -0.000000
vn -1.000000 0.000000 -0.000000
vn -1.000000 -0.000000 -0.000000
vn -1.000000 -0.000000 -0.000000
vn -1.000000 -0.000000 -0.000000
vn -0.000000 0.258819 0.965926
vn -0.000000 0.258819 0.965926
vn -0.000000 0.258819 0.965926
vn -0.000000 0.258819 0.965926
vn -0.000000 0.258819 0.965926
vn -0.000000 0.258819 0.965926
vn 0.000000 0.965924 -0.258826
vn 0.000000 0.965924 -0.258826
vn 0.000000 0.965924 -0.258826
vn 0.000000 0.965927 -0.258813
vn 0.000000 0.965927 -0.258813
vn 0.000000 0.965927 -0.258813
vn -1.000000 0.000000 -0.000000
vn -1.000000 0.000000 -0.000000
vn -1.000000 0.000000 -0.000000
vn -1.000000 -0.000001 -0.000000
vn -1.000000 -0.000001 -0.000000
vn -1.000000 -0.000001 -0.000000
vn -0.000000 0.258819 0.965926
vn -0.000000 0.258819 0.965926
vn -0.000000 0.258819 0.965926
vn -0.000000 0.258819 0.965926
vn -0.000000 0.258819 0.965926
vn -0.000000 0.258819 0.965926
vn 0.000000 0.965924 -0.258825
vn 0.000000 0.965924 -0.258825
vn 0.000000 0.965924 -0.258825
vn 0.000000 0.965926 -0.258818
vn 0.000000 0.965926 -0.258818
vn 0.000000 0.965926 -0.258818
vn 0.000000 0.965926 -0.258820
vn 0.000000 0.965926 -0.258820
vn 0.000000 0.965926 -0.258820
vn 0.000000 0.965926 -0.258820
vn 0.000000 0.965926 -0.258820
vn 0.000000 0.965926 -0.258820
vn 0.000000 0.965926 -0.258820
vn 0.000000 0.965926 -0.258820
vn 0.000000 0.965926 -0.258820
vn 0.000000 0.965926 -0.258820
vn 0.000000 0.965926 -0.258820
vn 0.000000 0.965926 -0.258820
vn 0.000000 0.965927 -0.258813
vn 0.000000 0.965927 -0.258813
vn 0.000000 0.965927 -0.258813
vn 0.000000 0.965924 -0.258826
vn 0.000000 0.965924 -0.258826
vn 0.000000 0.965924 -0.258826
vn -0.000000 -0.965924 0.258826
vn -0.000000 -0.965924 0.258826
vn -0.000000 -0.965924 0.258826
vn -0.000000 -0.965927 0.258813
vn -0.000000 -0.965927 0.258813
vn -0.000000 -0.965927 0.258813
vn 1.000000 0.000000 0.000000
vn 1.000000 0.000000 0.000000
vn 1.000000 0.000000 0.000000
vn 1.000000 0.000000 0.000000
vn 1.000000 0.000000 0.000000
vn 1.000000 0.000000 0.000000
vn 1.000000 0.000000 0.000000
vn 1.000000 0.000000 0.000000
vn 1.000000 0.000000 0.000000
vn 1.000000 0.000000 0.000000
vn 1.000000 0.000000 0.000000
vn 1.000000 0.000000 0.000000
vn -0.000000 0.258819 0.965926
vn -0.000000 0.258819 0.965926
vn -0.000000 0.258819 0.965926
vn -0.000000 0.258819 0.965926
vn -0.000000 0.258819 0.965926
vn -0.000000 0.258819 0.965926
vn -0.000000 -0.965924 0.258826
vn -0.000000 -0.965924 0.258826
vn -0.000000 -0.965924 0.258826
vn -0.000000 -0.965926 0.258820
vn -0.000000 -0.965926 0.258820
vn -0.000000 -0.965926 0.258820
vn -0.000000 -0.965928 0.258811
vn -0.000000 -0.965928 0.258811
vn -0.000000 -0.965928 0.258811
vn -0.000000 -0.965924 0.258825
vn -0.000000 -0.965924 0.258825
vn -0.000000 -0.965924 0.258825
vn 0.000000 -0.258819 -0.965926
vn 0.000000 -0.258819 -0.965926
vn 0.000000 -0.258819 -0.965926
vn 0.000000 -0.258819 -0.965926
vn 0.000000 -0.258819 -0.965926
vn 0.000000 -0.258819 -0.965926
vn 1.000000 0.000000 0.000000
vn 1.000000 0.000000 0.000000
vn 1.000000 0.000000 0.000000
vn 1.000000 0.000000 0.000000
vn 1.000000 0.000000 0.000000
vn 1.000000 0.000000 0.000000
vn 0.000000 0.965926 -0.258820
vn 0.000000 0.965926 -0.258820
vn 0.000000 0.965926 -0.258820
vn 0.000000 0.965926 -0.258820
vn 0.000000 0.965926 -0.258820
vn 0.000000 0.965926 -0.258820
vn -0.000000 -0.965926 0.258820
vn -0.000000 -0.965926 0.258820
vn -0.000000 -0.965926 0.258820
vn -0.000000 -0.965926 0.258819
vn -0.000000 -0.965926 0.258819
vn -0.000000 -0.965926 0.258819
vn -0.000000 -0.965926 0.258820
vn -0.000000 -0.965926 0.258820
vn -0.000000 -0.965926 0.258820
vn -0.000000 -0.965927 0.258813
vn -0.000000 -0.965927 0.258813
vn -0.000000 -0.965927 0.258813
vn -0.000000 -0.965927 0.258816
vn -0.000000 -0.965927 0.258816
vn -0.000000 -0.965927 0.258816
vn -0.000000 -0.965925 0.258823
vn -0.000000 -0.965925 0.258823
vn -0.000000 -0.965925 0.258823
vn -0.000000 0.258819 0.965926
vn -0.000000 0.258819 0.965926
vn -0.000000 0.258819 0.965926
vn -0.000000 0.258819 0.965926
vn -0.000000 0.258819 0.965926
vn -0.000000 0.258819 0.965926
vn -0.000000 -0.965926 0.258820
vn -0.000000 -0.965926 0.258820
vn -0.000000 -0.965926 0.258820
vn -0.000000 -0.965926 0.258818
vn -0.000000 -0.965926 0.258818
vn -0.000000 -0.965926 0.258818
vn -0.000000 -0.965923 0.258830
vn -0.000000 -0.965923 0.258830
vn -0.000000 -0.965923 0.258830
vn -0.000000 -0.965927 0.258816
vn -0.000000 -0.965927 0.258816
vn -0.000000 -0.965927 0.258816
vn 1.000000 0.000000 0.000000
vn 1.000000 0.000000 0.000000
vn 1.000000 0.000000 0.000000
vn 1.000000 0.000000 0.000000
vn 1.000000 0.000000 0.000000
vn 1.000000 0.000000 0.000000
vn 0.618508 0.785778 0.000013
vn 0.618508 0.785778 0.000013
vn 0.618508 0.785778 0.000013
vn 0.618508 0.785778 0.000000
vn 0.618508 0.785778 0.000000
vn 0.618508 0.785778 0.000000
vn 0.000000 -0.258819 -0.965926
vn 0.000000 -0.258819 -0.965926
vn 0.000000 -0.258819 -0.965926
vn 0.000000 -0.258819 -0.965926
vn 0.000000 -0.258819 -0.965926
vn 0.000000 -0.258819 -0.965926
vn 0.000000 0.965927 -0.258813
vn 0.000000 0.965927 -0.258813
vn 0.000000 0.965927 -0.258813
vn 0.000000 0.965924 -0.258826
vn 0.000000 0.965924 -0.258826
vn 0.000000 0.965924 -0.258826
vn 0.000000 0.965925 -0.258823
vn 0.000000 0.965925 -0.258823
vn 0.000000 0.965925 -0.258823
vn 0.000000 0.965927 -0.258816
vn 0.000000 0.965927 -0.258816
vn 0.000000 0.965927 -0.258816
vn -0.000000 0.258819 0.965926
vn -0.000000 0.258819 0.965926
vn -0.000000 0.258819 0.965926
vn -0.000000 0.258819 0.965926
vn -0.000000 0.258819 0.965926
vn -0.000000 0.258819 0.965926
vn 0.000000 0.965926 -0.258819
vn 0.000000 0.965926 -0.258819
vn 0.000000 0.965926 -0.258819
vn 0.000000 0.965926 -0.258820
vn 0.000000 0.965926 -0.258820
vn 0.000000 0.965926 -0.258820
vn -0.000000 -0.965926 0.258820
vn -0.000000 -0.965926 0.258820
vn -0.000000 -0.965926 0.258820
vn -0.000000 -0.965926 0.258820
vn -0.000000 -0.965926 0.258820
vn -0.000000 -0.965926 0.258820
vn 0.000000 0.965926 -0.258820
vn 0.000000 0.965926 -0.258820
vn 0.000000 0.965926 -0.258820
vn 0.000000 0.965926 -0.258820
vn 0.000000 0.965926 -0.258820
vn 0.000000 0.965926 -0.258820
vn -1.000000 0.000000 -0.000000
vn -1.000000 0.000000 -0.000000
vn -1.000000 0.000000 -0.000000
vn -1.000000 -0.000000 -0.000000
vn -1.000000 -0.000000 -0.000000
vn -1.000000 -0.000000 -0.000000
vn -1.000000 0.000000 -0.000000
vn -1.000000 0.000000 -0.000000
vn -1.000000 0.000000 -0.000000
vn -1.000000 -0.000001 -0.000000
vn -1.000000 -0.000001 -0.000000
vn -1.000000 -0.000001 -0.000000
vn -0.000000 0.258819 0.965926
vn -0.000000 0.258819 0.965926
vn -0.000000 0.258819 0.965926
vn -0.000000 0.258818 0.965926
vn -0.000000 0.258818 0.965926
vn -0.000000 0.258818 0.965926
vn -0.000000 0.258819 0.965926
vn -0.000000 0.258819 0.965926
vn -0.000000 0.258819 0.965926
vn -0.000000 0.258822 0.965925
vn -0.000000 0.258822 0.965925
vn -0.000000 0.258822 0.965925
vn 1.000000 0.000001 0.000000
vn 1.000000 0.000001 0.000000
vn 1.000000 0.000001 0.000000
vn -1.000000 -0.000000 -0.000000
vn -1.000000 -0.000000 -0.000000
vn -1.000000 -0.000000 -0.000000
vn -0.000000 0.258819 0.965926
vn -0.000000 0.258819 0.965926
vn -0.000000 0.258819 0.965926
vn -0.000000 0.258819 0.965926
vn -0.000000 0.258819 0.965926
vn -0.000000 0.258819 0.965926
vn -0.000000 0.258819 0.965926
vn -0.000000 0.258819 0.965926
vn -0.000000 0.258819 0.965926
vn -0.000000 0.258819 0.965926
vn -0.000000 0.258819 0.965926
vn -0.000000 0.258819 0.965926
vn -1.000000 0.000000 -0.000000
vn -1.000000 0.000000 -0.000000
vn -1.000000 0.000000 -0.000000
vn -1.000000 -0.000001 -0.000000
vn -1.000000 -0.000001 -0.000000
vn -1.000000 -0.000001 -0.000000
vn 0.000000 0.965926 -0.258820
vn 0.000000 0.965926 -0.258820
vn 0.000000 0.965926 -0.258820
vn 0.000000 0.965927 -0.258816
vn 0.000000 0.965927 -0.258816
vn 0.000000 0.965927 -0.258816
vn 0.000000 0.965926 -0.258817
vn 0.000000 0.965926 -0.258817
vn 0.000000 0.965926 -0.258817
vn 0.000000 0.965925 -0.258823
vn 0.000000 0.965925 -0.258823
vn 0.000000 0.965925 -0.258823
vn 1.000000 0.000000 0.000000
vn 1.000000 0.000000 0.000000
vn 1.000000 0.000000 0.000000
vn 1.000000 0.000000 0.000000
vn 1.000000 0.000000 0.000000
vn 1.000000 0.000000 0.000000
vn -0.000000 0.258819 0.965926
vn -0.000000 0.258819 0.965926
vn -0.000000 0.258819 0.965926
vn -0.000000 0.258819 0.965926
vn -0.000000 0.258819 0.965926
vn -0.000000 0.258819 0.965926
vn 1.000000 0.000000 0.000000
vn 1.000000 0.000000 0.000000
vn 1.000000 0.000000 0.000000
vn 1.000000 0.000000 0.000000
vn 1.000000 0.000000 0.000000
vn 1.000000 0.000000 0.000000
vn -0.000000 -0.965926 0.258818
vn -0.000000 -0.965926 0.258818
vn -0.000000 -0.965926 0.258818
vn -0.000000 -0.965926 0.258818
vn -0.000000 -0.965926 0.258818
vn -0.000000 -0.965926 0.258818
vn 1.000000 0.000000 0.000000
vn 1.000000 0.000000 0.000000
vn 1.000000 0.000000 0.000000
vn 1.000000 0.000000 0.000000
vn 1.000000 0.000000 0.000000
vn 1.000000 0.000000 0.000000
vn -0.000000 -0.965924 0.258826
vn -0.000000 -0.965924 0.258826
vn -0.000000 -0.965924 0.258826
vn -0.000000 -0.965926 0.258820
vn -0.000000 -0.965926 0.258820
vn -0.000000 -0.965926 0.258820
vn 0.000000 -0.258819 -0.965926
vn 0.000000 -0.258819 -0.965926
vn 0.000000 -0.258819 -0.965926
vn 0.000000 -0.258819 -0.965926
vn 0.000000 -0.258819 -0.965926
vn 0.000000 -0.258819 -0.965926
vn 0.000000 -0.258819 -0.965926
vn 0.000000 -0.258819 -0.965926
vn 0.000000 -0.258819 -0.965926
vn 0.000000 -0.258819 -0.965926
vn 0.000000 -0.258819 -0.965926
vn 0.000000 -0.258819 -0.965926
vn 0.000000 -0.258819 -0.965926
vn 0.000000 -0.258819 -0.965926
vn 0.000000 -0.258819 -0.965926
vn 0.000000 -0.258819 -0.965926
vn 0.000000 -0.258819 -0.965926
vn 0.000000 -0.258819 -0.965926
vn 1.000000 0.000000 0.000000
vn 1.000000 0.000000 0.000000
vn 1.000000 0.000000 0.000000
vn 1.000000 0.000000 0.000000
vn 1.000000 0.000000 0.000000
vn 1.000000 0.000000 0.000000
vn 0.000000 -1.000000 0.000000
vn 0.000000 -1.000000 0.000000
vn 0.000000 -1.000000 0.000000
vn 0.000000 -1.000000 0.000000
vn 0.000000 -1.000000 0.000000
vn 0.000000 -1.000000 0.000000
s off
g Shed pasted__pasted__GFBXASC045dindingFBXASC032depanFBXASC032kiri1
usemtl pasted__pasted__GFBXASC045DindingFBXASC032belakangFBXASC032kiriSG
f 2871/2698/4250 2865/2933/4251 2874/2885/4252
f 2871/2698/4253 2862/2896/4254 2865/2933/4255
f 2475/2868/4256 2994/2611/4257 2997/2612/4258
f 2475/2868/4259 2484/2867/4260 2994/2611/4261
f 2576/2853/4262 2588/2955/4263 2567/2931/4264
f 2576/2853/4265 2582/2906/4266 2588/2955/4267
f 2988/2783/4268 2537/2951/4269 2985/2927/4270
f 2988/2783/4271 2534/2902/4272 2537/2951/4273
f 2746/2578/4274 2735/2762/4275 2750/2575/4276
f 2746/2578/4277 2740/2773/4278 2735/2762/4279
f 2725/2821/4280 2965/2590/4281 2716/2822/4282
f 2725/2821/4283 2728/2589/4284 2965/2590/4285
f 2522/2632/4286 2525/2782/4287 2531/2656/4288
f 2522/2632/4289 2528/2685/4290 2525/2782/4291
f 2885/2735/4292 2903/2934/4293 2891/2745/4294
f 2903/2934/4295 2906/3036/4296 2909/3039/4297
f 2903/2934/4298 2885/2735/4299 2906/3036/4300
f 2919/2670/4301 2928/2647/4302 2922/2624/4303
f 2919/2670/4304 2913/2707/4305 2928/2647/4306
f 2599/2983/4307 2610/2804/4308 2605/2809/4309
f 2599/2983/4310 2613/2981/4311 2610/2804/4312
f 2563/3061/4313 2552/3014/4314 2544/2878/4315
f 2563/3061/4316 2992/3027/4317 2552/3014/4318
f 2542/3002/4319 2546/2874/4320 2553/3012/4321
f 2542/3002/4322 2549/2850/4323 2546/2874/4324
f 3002/2792/4325 2513/2952/4326 2999/2928/4327
f 3002/2792/4328 2504/2903/4329 2513/2952/4330
f 2636/2994/4331 2631/2839/4332 2625/2996/4333
f 2636/2994/4334 2639/2834/4335 2631/2839/4336
f 2987/2973/4337 2527/2784/4338 2990/2976/4339
f 2987/2973/4340 2533/2775/4341 2527/2784/4342
f 2486/2837/4343 2996/2954/4344 2993/2930/4345
f 2486/2837/4346 2489/2905/4347 2996/2954/4348
f 2864/3048/4349 2878/3030/4350 2870/3028/4351
f 2864/3048/4352 2872/3047/4353 2878/3030/4354
f 2626/2627/4355 2638/2761/4356 2644/2652/4357
f 2626/2627/4358 2629/2682/4359 2638/2761/4360
f 2730/2706/4361 2964/2940/4362 2727/2916/4363
f 2730/2706/4364 2967/2886/4365 2964/2940/4366
f 2815/2542/4367 2819/2737/4368 2825/2518/4369
f 2815/2542/4370 2821/2729/4371 2819/2737/4372
f 2583/2607/4373 2587/2831/4374 2590/2594/4375
f 2583/2607/4376 2580/2884/4377 2587/2831/4378
f 3012/2587/4379 2494/2787/4380 3007/2583/4381
f 3012/2587/4382 2499/2814/4383 2494/2787/4384
f 2624/2576/4385 2628/2755/4386 2634/2573/4387
f 2624/2576/4388 2630/2764/4389 2628/2755/4390
f 2566/3063/4391 2545/2879/4392 2559/2882/4393
f 2566/3063/4394 2564/3062/4395 2545/2879/4396
f 3003/3004/4397 2512/2861/4398 2506/3006/4399
f 3003/3004/4400 2517/2858/4401 2512/2861/4402
f 2729/2960/4403 2720/2701/4404 2732/2957/4405
f 2729/2960/4406 2726/2711/4407 2720/2701/4408
f 2834/3037/4409 2828/2730/4410 2831/3034/4411
f 2834/3037/4412 2837/2738/4413 2828/2730/4414
f 2474/2635/4415 2477/2836/4416 2483/2659/4417
f 2474/2635/4418 2480/2688/4419 2477/2836/4420
f 2989/3001/4421 2530/2857/4422 2536/3003/4423
f 2989/3001/4424 2526/2848/4425 2530/2857/4426
f 2923/2548/4427 2932/2528/4428 2926/2529/4429
f 2923/2548/4430 2929/2546/4431 2932/2528/4432
f 2850/2681/4433 2838/2643/4434 2856/2620/4435
f 2850/2681/4436 2844/2757/4437 2838/2643/4438
f 2948/2522/4439 2939/2744/4440 2945/2559/4441
f 2939/2744/4442 2935/2519/4443 2941/2741/4444
f 2939/2744/4445 2948/2522/4446 2935/2519/4447
f 2540/2932/4448 3017/2910/4449 2560/2956/4450
f 2540/2932/4451 2550/2873/4452 3017/2910/4453
f 2868/2675/4454 2875/2693/4455 2866/2641/4456
f 2868/2675/4457 2877/2728/4458 2875/2693/4459
f 2841/2696/4460 2859/2946/4461 2847/2922/4462
f 2841/2696/4463 2853/2894/4464 2859/2946/4465
f 2974/2580/4466 2804/2768/4467 2981/2577/4468
f 2974/2580/4469 2809/2779/4470 2804/2768/4471
f 2668/2700/4472 2662/2939/4473 2665/2915/4474
f 2668/2700/4475 2659/2897/4476 2662/2939/4477
f 2802/2630/4478 2805/2776/4479 2811/2654/4480
f 2802/2630/4481 2808/2684/4482 2805/2776/4483
f 2799/2713/4484 2781/2941/4485 2784/2917/4486
f 2799/2713/4487 2790/2887/4488 2781/2941/4489
f 2786/2962/4490 2798/2709/4491 2801/2959/4492
f 2786/2962/4493 2780/2716/4494 2798/2709/4495
f 2672/2802/4496 2675/2538/4497 2681/2539/4498
f 2672/2802/4499 2678/2800/4500 2675/2538/4501
f 2635/2760/4502 2632/2948/4503 2641/2924/4504
f 2635/2760/4505 2623/2899/4506 2632/2948/4507
f 2643/2967/4508 2640/2765/4509 2637/2970/4510
f 2643/2967/4511 2646/2756/4512 2640/2765/4513
f 2595/2936/4514 2619/2913/4515 2607/2937/4516
f 2595/2936/4517 2621/2912/4518 2619/2913/4519
f 2612/2719/4520 2606/2935/4521 2618/2911/4522
f 2612/2719/4523 2597/2888/4524 2606/2935/4525
f 2733/2629/4526 2736/2766/4527 2742/2653/4528
f 2733/2629/4529 2739/2683/4530 2736/2766/4531
f 2508/2860/4532 3000/2606/4533 2514/2608/4534
f 2508/2860/4535 2520/2859/4536 3000/2606/4537
f 3013/3008/4538 2496/2862/4539 2500/2865/4540
f 3013/3008/4541 3015/3007/4542 2496/2862/4543
f 2968/2562/4544 2717/2710/4545 2966/2565/4546
f 2968/2562/4547 2722/2702/4548 2717/2710/4549
f 2774/2965/4550 2762/2758/4551 2984/2968/4552
f 2774/2965/4553 2768/2750/4554 2762/2758/4555
f 2960/2742/4556 2951/3018/4557 2957/2743/4558
f 2951/3018/4559 2963/3038/4560 2954/3041/4561
f 2951/3018/4562 2960/2742/4563 2963/3038/4564
f 2684/2516/4565 2673/2731/4566 2682/2543/4567
f 2673/2731/4568 2693/2568/4569 2696/2720/4570
f 2673/2731/4571 2700/2569/4572 2693/2568/4573
f 2688/2551/4574 2684/2516/4575 2690/2550/4576
f 2673/2731/4577 2688/2551/4578 2700/2569/4579
f 2673/2731/4580 2684/2516/4581 2688/2551/4582
f 2912/3050/4583 2914/3021/4584 2921/3019/4585
f 2912/3050/4586 2917/3049/4587 2914/3021/4588
f 3014/2817/4589 3005/2953/4590 3008/2929/4591
f 3014/2817/4592 3011/2904/4593 3005/2953/4594
f 2647/2619/4595 2650/2699/4596 2656/2642/4597
f 2647/2619/4598 2653/2679/4599 2650/2699/4600
f 2757/2618/4601 2760/2753/4602 2766/2650/4603
f 2757/2618/4604 2763/2680/4605 2760/2753/4606
f 3001/2975/4607 2518/2794/4608 3004/2978/4609
f 3001/2975/4610 2521/2781/4611 2518/2794/4612
f 2554/2637/4613 2543/2872/4614 2547/2661/4615
f 2554/2637/4616 2557/2690/4617 2543/2872/4618
f 2894/3056/4619 2884/2790/4620 2888/2795/4621
f 2894/3056/4622 2905/3055/4623 2884/2790/4624
f 2787/2622/4625 2796/2712/4626 2778/2645/4627
f 2787/2622/4628 2793/2671/4629 2796/2712/4630
f 2747/2998/4631 2737/2840/4632 2741/2843/4633
f 2747/2998/4634 2755/2997/4635 2737/2840/4636
f 2754/2767/4637 2748/2949/4638 2751/2925/4639
f 2754/2767/4640 2745/2900/4641 2748/2949/4642
f 2791/2564/4643 2789/2717/4644 2783/2567/4645
f 2791/2564/4646 2794/2708/4647 2789/2717/4648
f 2505/2584/4649 2509/2780/4650 2515/2581/4651
f 2505/2584/4652 2511/2793/4653 2509/2780/4654
f 2863/2525/4655 2869/2549/4656 2867/2527/4657
f 2911/2523/4658 2924/2547/4659 2927/2526/4660
f 2911/2523/4661 2920/2557/4662 2924/2547/4663
f 2873/3044/4664 2876/3045/4665 2879/3029/4666
f 2900/2520/4667 2882/2746/4668 2897/2691/4669
f 2882/2746/4670 2893/2544/4671 2887/2736/4672
f 2882/2746/4673 2900/2520/4674 2893/2544/4675
f 2930/3031/4676 2918/3042/4677 2933/3046/4678
f 2930/3031/4679 2915/3020/4680 2918/3042/4681
f 2660/2572/4682 2649/2703/4683 2664/2563/4684
f 2660/2572/4685 2654/2752/4686 2649/2703/4687
f 2701/2724/4688 2680/2942/4689 2674/2918/4690
f 2701/2724/4691 2683/2889/4692 2680/2942/4693
f 2779/2810/4694 2782/2588/4695 2788/2818/4696
f 2779/2810/4697 2785/2586/4698 2782/2588/4699
f 2881/2639/4700 2901/2655/4701 2895/2631/4702
f 2881/2639/4703 2890/2663/4704 2901/2655/4705
f 2585/2636/4706 2570/2852/4707 2573/2660/4708
f 2585/2636/4709 2579/2689/4710 2570/2852/4711
f 2551/2854/4712 3020/2667/4713 3018/2668/4714
f 2551/2854/4715 2991/2771/4716 3020/2667/4717
f 2978/2971/4718 2807/2778/4719 2972/2974/4720
f 2978/2971/4721 2813/2769/4722 2807/2778/4723
f 2842/3051/4724 2852/3015/4725 2855/3052/4726
f 2842/3051/4727 2845/3017/4728 2852/3015/4729
f 2535/2582/4730 2524/2774/4731 2539/2579/4732
f 2535/2582/4733 2529/2785/4734 2524/2774/4735
f 2602/2722/4736 2598/2566/4737 2604/2714/4738
f 2602/2722/4739 2608/2570/4740 2598/2566/4741
f 2602/2722/4742 2596/2552/4743 2608/2570/4744
f 2596/2552/4745 2602/2722/4746 2592/2517/4747
f 2601/2808/4748 2593/2540/4749 2591/2541/4750
f 2601/2808/4751 2616/2805/4752 2593/2540/4753
f 2961/2748/4754 2946/2945/4755 2952/2921/4756
f 2961/2748/4757 2934/2893/4758 2946/2945/4759
f 2523/2856/4760 2986/2603/4761 2538/2605/4762
f 2523/2856/4763 2532/2849/4764 2986/2603/4765
f 2982/2754/4766 2769/2938/4767 2772/2914/4768
f 2982/2754/4769 2775/2898/4770 2769/2938/4771
f 2995/2982/4772 2479/2815/4773 2488/2995/4774
f 2995/2982/4775 2485/2807/4776 2479/2815/4777
f 2950/2558/4778 2947/2533/4779 2944/2560/4780
f 2950/2558/4781 2953/2532/4782 2947/2533/4783
f 2829/2734/4784 2823/2943/4785 2832/2919/4786
f 2829/2734/4787 2814/2891/4788 2823/2943/4789
f 2753/2969/4790 2738/2772/4791 2756/2972/4792
f 2753/2969/4793 2744/2763/4794 2738/2772/4795
f 2818/2798/4796 2833/2536/4797 2824/2537/4798
f 2818/2798/4799 2836/2797/4800 2833/2536/4801
f 2502/2863/4802 3006/2610/4803 2493/2864/4804
f 2502/2863/4805 3009/2609/4806 3006/2610/4807
f 2627/2838/4808 2642/2596/4809 2633/2598/4810
f 2627/2838/4811 2645/2835/4812 2642/2596/4813
f 2734/2842/4814 2752/2599/4815 2749/2600/4816
f 2734/2842/4817 2743/2841/4818 2752/2599/4819
f 2731/2987/4820 2723/2823/4821 2969/2988/4822
f 2731/2987/4823 2719/2820/4824 2723/2823/4825
f 2507/2633/4826 2516/2791/4827 2519/2657/4828
f 2507/2633/4829 2510/2686/4830 2516/2791/4831
f 2715/2621/4832 2718/2705/4833 2724/2644/4834
f 2715/2621/4835 2721/2669/4836 2718/2705/4837
f 3010/2977/4838 2497/2813/4839 3016/2985/4840
f 3010/2977/4841 2503/2788/4842 2497/2813/4843
f 2694/2980/4844 2705/2801/4845 2697/2803/4846
f 2694/2980/4847 2709/2979/4848 2705/2801/4849
f 2936/3054/4850 2959/2786/4851 2942/2789/4852
f 2936/3054/4853 2962/3053/4854 2959/2786/4855
f 2490/2597/4856 2476/2806/4857 2998/2585/4858
f 2490/2597/4859 2481/2816/4860 2476/2806/4861
f 2671/2625/4862 2704/2725/4863 2677/2648/4864
f 2671/2625/4865 2695/2674/4866 2704/2725/4867
f 2648/2826/4868 2666/2591/4869 2663/2592/4870
f 2648/2826/4871 2657/2825/4872 2666/2591/4873
f 2577/3011/4874 2581/2876/4875 2584/3013/4876
f 2577/3011/4877 2571/2870/4878 2581/2876/4879
f 2777/2993/4880 2761/2828/4881 2765/2833/4882
f 2777/2993/4883 2983/2991/4884 2761/2828/4885
f 2971/2999/4886 2810/2847/4887 2975/3000/4888
f 2971/2999/4889 2806/2844/4890 2810/2847/4891
f 2569/2992/4892 2572/2883/4893 2578/3005/4894
f 2569/2992/4895 2575/2830/4896 2572/2883/4897
f 2487/3009/4898 2482/2869/4899 2491/3010/4900
f 2487/3009/4901 2478/2866/4902 2482/2869/4903
f 2702/3059/4904 2691/3026/4905 2685/3060/4906
f 2702/3059/4907 2713/3025/4908 2691/3026/4909
f 2880/2638/4910 2883/2739/4911 2889/2662/4912
f 2880/2638/4913 2886/2677/4914 2883/2739/4915
f 2938/2665/4916 2949/2651/4917 2943/2628/4918
f 2938/2665/4919 2956/2695/4920 2949/2651/4921
f 2776/2574/4922 2759/2749/4923 2771/2571/4924
f 2776/2574/4925 2764/2759/4926 2759/2749/4927
f 2767/2829/4928 2770/2595/4929 2758/2832/4930
f 2767/2829/4931 2773/2593/4932 2770/2595/4933
f 2803/2846/4934 2977/2601/4935 2980/2602/4936
f 2803/2846/4937 2812/2845/4938 2977/2601/4939
f 2840/3022/4940 2843/3040/4941 2849/3043/4942
f 2840/3022/4943 2846/3016/4944 2843/3040/4945
f 2548/2880/4946 2561/2617/4947 2555/2881/4948
f 2548/2880/4949 2541/2616/4950 2561/2617/4951
f 2669/2989/4952 2655/2827/4953 2661/2990/4954
f 2669/2989/4955 2651/2824/4956 2655/2827/4957
f 2586/2877/4958 2568/2613/4959 2589/2615/4960
f 2586/2877/4961 2574/2871/4962 2568/2613/4963
f 2970/2777/4964 2979/2950/4965 2976/2926/4966
f 2970/2777/4967 2973/2901/4968 2979/2950/4969
f 2916/2697/4970 2925/2947/4971 2931/2923/4972
f 2916/2697/4973 2910/2895/4974 2925/2947/4975
f 2614/2961/4976 2617/2723/4977 2611/2715/4978
f 2594/3033/4979 2620/2964/4980 2622/3024/4981
f 2620/2964/4982 2617/2723/4983 2614/2961/4984
f 2617/2723/4985 2620/2964/4986 2594/3033/4987
f 2711/2727/4988 2686/2666/4989 2689/2673/4990
f 2698/2907/4991 2707/2726/4992 2692/2890/4993
f 2710/2963/4994 2679/2732/4995 2706/2721/4996
f 2679/2732/4997 2703/3032/4998 2676/3035/4999
f 2714/3023/5000 2679/2732/5001 2710/2963/5002
f 2679/2732/5003 2714/3023/5004 2703/3032/5005
f 2904/2740/5006 2898/2944/5007 2907/2920/5008
f 2904/2740/5009 2892/2892/5010 2898/2944/5011
f 2857/2556/5012 2848/2530/5013 2860/2531/5014
f 2857/2556/5015 2839/2554/5016 2848/2530/5017
f 2896/2692/5018 2908/2534/5019 2899/2535/5020
f 2896/2692/5021 2902/2640/5022 2908/2534/5023
f 2817/2626/5024 2826/2733/5025 2835/2649/5026
f 2817/2626/5027 2820/2676/5028 2826/2733/5029
f 2667/2958/5030 2652/2751/5031 2670/2966/5032
f 2667/2958/5033 2658/2704/5034 2652/2751/5035
f 2937/2664/5036 2958/2747/5037 2955/2694/5038
f 2937/2664/5039 2940/2678/5040 2958/2747/5041
f 2816/3058/5042 2827/2796/5043 2822/2799/5044
f 2816/3058/5045 2830/3057/5046 2827/2796/5047
f 2600/2623/5048 2609/2718/5049 2615/2646/5050
f 2600/2623/5051 2603/2672/5052 2609/2718/5053
f 2800/2984/5054 2795/2819/5055 2792/2986/5056
f 2800/2984/5057 2797/2811/5058 2795/2819/5059
f 3019/2614/5060 2556/2851/5061 2562/2604/5062
f 3019/2614/5063 2558/2875/5064 2556/2851/5065
f 2565/2545/5066 3019/2614/5067 3021/2553/5068
f 2558/2875/5069 3019/2614/5070 2565/2545/5071
f 2854/2521/5072 2858/2555/5073 2861/2524/5074
f 2854/2521/5075 2851/2561/5076 2858/2555/5077
f 2492/2634/5078 2495/2812/5079 2501/2658/5080
f 2492/2634/5081 2498/2687/5082 2495/2812/5083
f 2687/2908/5084 2708/2855/5085 2699/2909/5086
f 2687/2908/5087 2712/2770/5088 2708/2855/5089
usemtl pasted__GFBXASC045DindingFBXASC032belakangFBXASC032kiriSG
f 3419/3064/5090 3422/3065/5091 3413/3066/5092
f 3419/3064/5093 3413/3066/5094 3410/3067/5095
f 3023/3068/5096 3545/3069/5097 3542/3070/5098
f 3023/3068/5099 3542/3070/5100 3032/3071/5101
f 3124/3072/5102 3115/3073/5103 3136/3074/5104
f 3124/3072/5105 3136/3074/5106 3130/3075/5107
f 3536/3076/5108 3533/3077/5109 3085/3078/5110
f 3536/3076/5111 3085/3078/5112 3082/3079/5113
f 3294/3080/5114 3298/3081/5115 3283/3082/5116
f 3294/3080/5117 3283/3082/5118 3288/3083/5119
f 3273/3084/5120 3264/3085/5121 3513/3086/5122
f 3273/3084/5123 3513/3086/5124 3276/3087/5125
f 3070/3088/5126 3079/3089/5127 3073/3090/5128
f 3070/3088/5129 3073/3090/5130 3076/3091/5131
f 3433/3092/5132 3439/3093/5133 3451/3094/5134
f 3451/3094/5135 3457/3095/5136 3454/3096/5137
f 3451/3094/5138 3454/3096/5139 3433/3092/5140
f 3467/3097/5141 3470/3098/5142 3476/3099/5143
f 3467/3097/5144 3476/3099/5145 3461/3100/5146
f 3147/3101/5147 3153/3102/5148 3158/3103/5149
f 3147/3101/5150 3158/3103/5151 3161/3104/5152
f 3111/3105/5153 3092/3106/5154 3100/3107/5155
f 3111/3105/5156 3100/3107/5157 3540/3108/5158
f 3090/3109/5159 3101/3110/5160 3094/3111/5161
f 3090/3109/5162 3094/3111/5163 3097/3112/5164
f 3550/3113/5165 3547/3114/5166 3061/3115/5167
f 3550/3113/5168 3061/3115/5169 3052/3116/5170
f 3184/3117/5171 3173/3118/5172 3179/3119/5173
f 3184/3117/5174 3179/3119/5175 3187/3120/5176
f 3535/3121/5177 3538/3122/5178 3075/3123/5179
f 3535/3121/5180 3075/3123/5181 3081/3124/5182
f 3034/3125/5183 3541/3126/5184 3544/3127/5185
f 3034/3125/5186 3544/3127/5187 3037/3128/5188
f 3412/3129/5189 3418/3130/5190 3426/3131/5191
f 3412/3129/5192 3426/3131/5193 3420/3132/5194
f 3174/3133/5195 3192/3134/5196 3186/3135/5197
f 3174/3133/5198 3186/3135/5199 3177/3136/5200
f 3278/3137/5201 3275/3138/5202 3512/3139/5203
f 3278/3137/5204 3512/3139/5205 3515/3140/5206
f 3363/3141/5207 3373/3142/5208 3367/3143/5209
f 3363/3141/5210 3367/3143/5211 3369/3144/5212
f 3131/3145/5213 3138/3146/5214 3135/3147/5215
f 3131/3145/5216 3135/3147/5217 3128/3148/5218
f 3560/3149/5219 3555/3150/5220 3042/3151/5221
f 3560/3149/5222 3042/3151/5223 3047/3152/5224
f 3172/3153/5225 3182/3154/5226 3176/3155/5227
f 3172/3153/5228 3176/3155/5229 3178/3156/5230
f 3114/3157/5231 3107/3158/5232 3093/3159/5233
f 3114/3157/5234 3093/3159/5235 3112/3160/5236
f 3551/3161/5237 3054/3162/5238 3060/3163/5239
f 3551/3161/5240 3060/3163/5241 3065/3164/5242
f 3277/3165/5243 3280/3166/5244 3268/3167/5245
f 3277/3165/5246 3268/3167/5247 3274/3168/5248
f 3382/3169/5249 3379/3170/5250 3376/3171/5251
f 3382/3169/5252 3376/3171/5253 3385/3172/5254
f 3022/3173/5255 3031/3174/5256 3025/3175/5257
f 3022/3173/5258 3025/3175/5259 3028/3176/5260
f 3537/3177/5261 3084/3178/5262 3078/3179/5263
f 3537/3177/5264 3078/3179/5265 3074/3180/5266
f 3471/3181/5267 3474/3182/5268 3480/3183/5269
f 3471/3181/5270 3480/3183/5271 3477/3184/5272
f 3398/3185/5273 3404/3186/5274 3386/3187/5275
f 3398/3185/5276 3386/3187/5277 3392/3188/5278
f 3496/3189/5279 3493/3190/5280 3487/3191/5281
f 3487/3191/5282 3489/3192/5283 3483/3193/5284
f 3487/3191/5285 3483/3193/5286 3496/3189/5287
f 3088/3194/5288 3108/3195/5289 3565/3196/5290
f 3088/3194/5291 3565/3196/5292 3098/3197/5293
f 3416/3198/5294 3414/3199/5295 3423/3200/5296
f 3416/3198/5297 3423/3200/5298 3425/3201/5299
f 3389/3202/5300 3395/3203/5301 3407/3204/5302
f 3389/3202/5303 3407/3204/5304 3401/3205/5305
f 3522/3206/5306 3529/3207/5307 3352/3208/5308
f 3522/3206/5309 3352/3208/5310 3357/3209/5311
f 3216/3210/5312 3213/3211/5313 3210/3212/5314
f 3216/3210/5315 3210/3212/5316 3207/3213/5317
f 3350/3214/5318 3359/3215/5319 3353/3216/5320
f 3350/3214/5321 3353/3216/5322 3356/3217/5323
f 3347/3218/5324 3332/3219/5325 3329/3220/5326
f 3347/3218/5327 3329/3220/5328 3338/3221/5329
f 3334/3222/5330 3349/3223/5331 3346/3224/5332
f 3334/3222/5333 3346/3224/5334 3328/3225/5335
f 3220/3226/5336 3229/3227/5337 3223/3228/5338
f 3220/3226/5339 3223/3228/5340 3226/3229/5341
f 3183/3230/5342 3189/3231/5343 3180/3232/5344
f 3183/3230/5345 3180/3232/5346 3171/3233/5347
f 3191/3234/5348 3185/3235/5349 3188/3236/5350
f 3191/3234/5351 3188/3236/5352 3194/3237/5353
f 3143/3238/5354 3155/3239/5355 3167/3240/5356
f 3143/3238/5357 3167/3240/5358 3169/3241/5359
f 3160/3242/5360 3166/3243/5361 3154/3244/5362
f 3160/3242/5363 3154/3244/5364 3145/3245/5365
f 3281/3246/5366 3290/3247/5367 3284/3248/5368
f 3281/3246/5369 3284/3248/5370 3287/3249/5371
f 3056/3250/5372 3062/3251/5373 3548/3252/5374
f 3056/3250/5375 3548/3252/5376 3068/3253/5377
f 3561/3254/5378 3048/3255/5379 3044/3256/5380
f 3561/3254/5381 3044/3256/5382 3563/3257/5383
f 3516/3258/5384 3514/3259/5385 3265/3260/5386
f 3516/3258/5387 3265/3260/5388 3270/3261/5389
f 3322/3262/5390 3532/3263/5391 3310/3264/5392
f 3322/3262/5393 3310/3264/5394 3316/3265/5395
f 3508/3266/5396 3505/3267/5397 3499/3268/5398
f 3499/3268/5399 3502/3269/5400 3511/3270/5401
f 3499/3268/5402 3511/3270/5403 3508/3266/5404
f 3232/3271/5405 3230/3272/5406 3221/3273/5407
f 3221/3273/5408 3244/3274/5409 3241/3275/5410
f 3221/3273/5411 3241/3275/5412 3248/3276/5413
f 3236/3277/5414 3238/3278/5415 3232/3271/5416
f 3221/3273/5417 3248/3276/5418 3236/3277/5419
f 3221/3273/5420 3236/3277/5421 3232/3271/5422
f 3460/3279/5423 3469/3280/5424 3462/3281/5425
f 3460/3279/5426 3462/3281/5427 3465/3282/5428
f 3562/3283/5429 3556/3284/5430 3553/3285/5431
f 3562/3283/5432 3553/3285/5433 3559/3286/5434
f 3195/3287/5435 3204/3288/5436 3198/3289/5437
f 3195/3287/5438 3198/3289/5439 3201/3290/5440
f 3305/3291/5441 3314/3292/5442 3308/3293/5443
f 3305/3291/5444 3308/3293/5445 3311/3294/5446
f 3549/3295/5447 3552/3296/5448 3066/3297/5449
f 3549/3295/5450 3066/3297/5451 3069/3298/5452
f 3102/3299/5453 3095/3300/5454 3091/3301/5455
f 3102/3299/5456 3091/3301/5457 3105/3302/5458
f 3442/3303/5459 3436/3304/5460 3432/3305/5461
f 3442/3303/5462 3432/3305/5463 3453/3306/5464
f 3335/3307/5465 3326/3308/5466 3344/3309/5467
f 3335/3307/5468 3344/3309/5469 3341/3310/5470
f 3295/3311/5471 3289/3312/5472 3285/3313/5473
f 3295/3311/5474 3285/3313/5475 3303/3314/5476
f 3302/3315/5477 3299/3316/5478 3296/3317/5479
f 3302/3315/5480 3296/3317/5481 3293/3318/5482
f 3339/3319/5483 3331/3320/5484 3337/3321/5485
f 3339/3319/5486 3337/3321/5487 3342/3322/5488
f 3053/3323/5489 3063/3324/5490 3057/3325/5491
f 3053/3323/5492 3057/3325/5493 3059/3326/5494
f 3411/3327/5495 3415/3328/5496 3417/3329/5497
f 3459/3330/5498 3475/3331/5499 3472/3332/5500
f 3459/3330/5501 3472/3332/5502 3468/3333/5503
f 3421/3334/5504 3427/3335/5505 3424/3336/5506
f 3448/3337/5507 3445/3338/5508 3430/3339/5509
f 3430/3339/5510 3435/3340/5511 3441/3341/5512
f 3430/3339/5513 3441/3341/5514 3448/3337/5515
f 3478/3342/5516 3481/3343/5517 3466/3344/5518
f 3478/3342/5519 3466/3344/5520 3463/3345/5521
f 3208/3346/5522 3212/3347/5523 3197/3348/5524
f 3208/3346/5525 3197/3348/5526 3202/3349/5527
f 3249/3350/5528 3222/3351/5529 3228/3352/5530
f 3249/3350/5531 3228/3352/5532 3231/3353/5533
f 3327/3354/5534 3336/3355/5535 3330/3356/5536
f 3327/3354/5537 3330/3356/5538 3333/3357/5539
f 3429/3358/5540 3443/3359/5541 3449/3360/5542
f 3429/3358/5543 3449/3360/5544 3438/3361/5545
f 3133/3362/5546 3121/3363/5547 3118/3364/5548
f 3133/3362/5549 3118/3364/5550 3127/3365/5551
f 3099/3366/5552 3566/3367/5553 3568/3368/5554
f 3099/3366/5555 3568/3368/5556 3539/3369/5557
f 3526/3370/5558 3520/3371/5559 3355/3372/5560
f 3526/3370/5561 3355/3372/5562 3361/3373/5563
f 3390/3374/5564 3403/3375/5565 3400/3376/5566
f 3390/3374/5567 3400/3376/5568 3393/3377/5569
f 3083/3378/5570 3087/3379/5571 3072/3380/5572
f 3083/3378/5573 3072/3380/5574 3077/3381/5575
f 3150/3382/5576 3152/3383/5577 3146/3384/5578
f 3150/3382/5579 3146/3384/5580 3156/3385/5581
f 3150/3382/5582 3156/3385/5583 3144/3386/5584
f 3144/3386/5585 3140/3387/5586 3150/3382/5587
f 3149/3388/5588 3139/3389/5589 3141/3390/5590
f 3149/3388/5591 3141/3390/5592 3164/3391/5593
f 3509/3392/5594 3500/3393/5595 3494/3394/5596
f 3509/3392/5597 3494/3394/5598 3482/3395/5599
f 3071/3396/5600 3086/3397/5601 3534/3398/5602
f 3071/3396/5603 3534/3398/5604 3080/3399/5605
f 3530/3400/5606 3320/3401/5607 3317/3402/5608
f 3530/3400/5609 3317/3402/5610 3323/3403/5611
f 3543/3404/5612 3036/3405/5613 3027/3406/5614
f 3543/3404/5615 3027/3406/5616 3033/3407/5617
f 3498/3408/5618 3492/3409/5619 3495/3410/5620
f 3498/3408/5621 3495/3410/5622 3501/3411/5623
f 3377/3412/5624 3380/3413/5625 3371/3414/5626
f 3377/3412/5627 3371/3414/5628 3362/3415/5629
f 3301/3416/5630 3304/3417/5631 3286/3418/5632
f 3301/3416/5633 3286/3418/5634 3292/3419/5635
f 3366/3420/5636 3372/3421/5637 3381/3422/5638
f 3366/3420/5639 3381/3422/5640 3384/3423/5641
f 3050/3424/5642 3041/3425/5643 3554/3426/5644
f 3050/3424/5645 3554/3426/5646 3557/3427/5647
f 3175/3428/5648 3181/3429/5649 3190/3430/5650
f 3175/3428/5651 3190/3430/5652 3193/3431/5653
f 3282/3432/5654 3297/3433/5655 3300/3434/5656
f 3282/3432/5657 3300/3434/5658 3291/3435/5659
f 3279/3436/5660 3517/3437/5661 3271/3438/5662
f 3279/3436/5663 3271/3438/5664 3267/3439/5665
f 3055/3440/5666 3067/3441/5667 3064/3442/5668
f 3055/3440/5669 3064/3442/5670 3058/3443/5671
f 3263/3444/5672 3272/3445/5673 3266/3446/5674
f 3263/3444/5675 3266/3446/5676 3269/3447/5677
f 3558/3448/5678 3564/3449/5679 3045/3450/5680
f 3558/3448/5681 3045/3450/5682 3051/3451/5683
f 3242/3452/5684 3245/3453/5685 3253/3454/5686
f 3242/3452/5687 3253/3454/5688 3257/3455/5689
f 3484/3456/5690 3490/3457/5691 3507/3458/5692
f 3484/3456/5693 3507/3458/5694 3510/3459/5695
f 3038/3460/5696 3546/3461/5697 3024/3462/5698
f 3038/3460/5699 3024/3462/5700 3029/3463/5701
f 3219/3464/5702 3225/3465/5703 3252/3466/5704
f 3219/3464/5705 3252/3466/5706 3243/3467/5707
f 3196/3468/5708 3211/3469/5709 3214/3470/5710
f 3196/3468/5711 3214/3470/5712 3205/3471/5713
f 3125/3472/5714 3132/3473/5715 3129/3474/5716
f 3125/3472/5717 3129/3474/5718 3119/3475/5719
f 3325/3476/5720 3313/3477/5721 3309/3478/5722
f 3325/3476/5723 3309/3478/5724 3531/3479/5725
f 3519/3480/5726 3523/3481/5727 3358/3482/5728
f 3519/3480/5729 3358/3482/5730 3354/3483/5731
f 3117/3484/5732 3126/3485/5733 3120/3486/5734
f 3117/3484/5735 3120/3486/5736 3123/3487/5737
f 3035/3488/5738 3039/3489/5739 3030/3490/5740
f 3035/3488/5741 3030/3490/5742 3026/3491/5743
f 3250/3492/5744 3233/3493/5745 3239/3494/5746
f 3250/3492/5747 3239/3494/5748 3261/3495/5749
f 3428/3496/5750 3437/3497/5751 3431/3498/5752
f 3428/3496/5753 3431/3498/5754 3434/3499/5755
f 3486/3500/5756 3491/3501/5757 3497/3502/5758
f 3486/3500/5759 3497/3502/5760 3504/3503/5761
f 3324/3504/5762 3319/3505/5763 3307/3506/5764
f 3324/3504/5765 3307/3506/5766 3312/3507/5767
f 3315/3508/5768 3306/3509/5769 3318/3510/5770
f 3315/3508/5771 3318/3510/5772 3321/3511/5773
f 3351/3512/5774 3528/3513/5775 3525/3514/5776
f 3351/3512/5777 3525/3514/5778 3360/3515/5779
f 3388/3516/5780 3397/3517/5781 3391/3518/5782
f 3388/3516/5783 3391/3518/5784 3394/3519/5785
f 3096/3520/5786 3103/3521/5787 3109/3522/5788
f 3096/3520/5789 3109/3522/5790 3089/3523/5791
f 3217/3524/5792 3209/3525/5793 3203/3526/5794
f 3217/3524/5795 3203/3526/5796 3199/3527/5797
f 3134/3528/5798 3137/3529/5799 3116/3530/5800
f 3134/3528/5801 3116/3530/5802 3122/3531/5803
f 3518/3532/5804 3524/3533/5805 3527/3534/5806
f 3518/3532/5807 3527/3534/5808 3521/3535/5809
f 3464/3536/5810 3479/3537/5811 3473/3538/5812
f 3464/3536/5813 3473/3538/5814 3458/3539/5815
f 3162/3540/5816 3159/3541/5817 3165/3542/5818
f 3142/3543/5819 3170/3544/5820 3168/3545/5821
f 3168/3545/5822 3162/3540/5823 3165/3542/5824
f 3165/3542/5825 3142/3543/5826 3168/3545/5827
f 3259/3546/5828 3237/3547/5829 3234/3548/5830
f 3246/3549/5831 3240/3550/5832 3255/3551/5833
f 3258/3552/5834 3254/3553/5835 3227/3554/5836
f 3227/3554/5837 3224/3555/5838 3251/3556/5839
f 3262/3557/5840 3258/3552/5841 3227/3554/5842
f 3227/3554/5843 3251/3556/5844 3262/3557/5845
f 3452/3558/5846 3455/3559/5847 3446/3560/5848
f 3452/3558/5849 3446/3560/5850 3440/3561/5851
f 3405/3562/5852 3408/3563/5853 3396/3564/5854
f 3405/3562/5855 3396/3564/5856 3387/3565/5857
f 3444/3566/5858 3447/3567/5859 3456/3568/5860
f 3444/3566/5861 3456/3568/5862 3450/3569/5863
f 3365/3570/5864 3383/3571/5865 3374/3572/5866
f 3365/3570/5867 3374/3572/5868 3368/3573/5869
f 3215/3574/5870 3218/3575/5871 3200/3576/5872
f 3215/3574/5873 3200/3576/5874 3206/3577/5875
f 3485/3578/5876 3503/3579/5877 3506/3580/5878
f 3485/3578/5879 3506/3580/5880 3488/3581/5881
f 3364/3582/5882 3370/3583/5883 3375/3584/5884
f 3364/3582/5885 3375/3584/5886 3378/3585/5887
f 3148/3586/5888 3163/3587/5889 3157/3588/5890
f 3148/3586/5891 3157/3588/5892 3151/3589/5893
f 3348/3590/5894 3340/3591/5895 3343/3592/5896
f 3348/3590/5897 3343/3592/5898 3345/3593/5899
f 3567/3594/5900 3110/3595/5901 3104/3596/5902
f 3567/3594/5903 3104/3596/5904 3106/3597/5905
f 3113/3598/5906 3569/3599/5907 3567/3594/5908
f 3106/3597/5909 3113/3598/5910 3567/3594/5911
f 3402/3600/5912 3409/3601/5913 3406/3602/5914
f 3402/3600/5915 3406/3602/5916 3399/3603/5917
f 3040/3604/5918 3049/3605/5919 3043/3606/5920
f 3040/3604/5921 3043/3606/5922 3046/3607/5923
f 3235/3608/5924 3247/3609/5925 3256/3610/5926
f 3235/3608/5927 3256/3610/5928 3260/3611/5929
g default
v 7.495137 0.006764 -0.862643
v 7.495137 0.006764 -0.862643
v 7.495137 0.006764 -0.862643
v 8.010986 0.006763 -1.205447
v 8.010986 0.006763 -1.205447
v 8.010986 0.006763 -1.205447
v 8.010986 0.006764 -0.862643
v 8.010986 0.006764 -0.862643
v 8.010986 0.006764 -0.862643
v 7.495137 0.006763 -1.205447
v 7.495137 0.006763 -1.205447
v 7.495137 0.006763 -1.205447
v 7.495137 15.926422 -1.205450
v 7.495137 15.926422 -1.205450
v 7.495137 15.926422 -1.205450
v 8.010986 15.723389 -1.205450
v 8.010986 15.723389 -1.205450
v 8.010986 15.723389 -1.205450
v 7.495137 15.926417 -0.862646
v 7.495137 15.926417 -0.862646
v 7.495137 15.926417 -0.862646
v 8.010986 15.723384 -0.862646
v 8.010986 15.723384 -0.862646
v 8.010986 15.723384 -0.862646
vt 0.988286 0.433106
vt 0.036709 0.433106
vt 0.988286 0.445567
vt 0.036709 0.445568
vt 0.976150 0.470249
vt 0.976150 0.470249
vt 0.976150 0.470249
vt 0.988286 0.470249
vt 0.419885 0.470249
vt 0.386747 0.470249
vt 0.066657 0.470249
vt 0.046166 0.470249
vt 0.036709 0.470249
vt 0.036709 0.470249
vt 0.036709 0.470249
vt 0.036709 0.470249
vt 0.976150 0.494930
vt 0.419885 0.494930
vt 0.386747 0.494930
vt 0.036709 0.494930
vt 0.988286 0.507392
vt 0.066657 0.507392
vt 0.046166 0.507392
vt 0.036709 0.507392
vn 0.000000 -0.000000 -1.000000
vn 0.000000 -0.000000 -1.000000
vn 0.000000 -0.000000 -1.000000
vn 0.000000 -0.000000 -1.000000
vn 0.000000 -0.000000 -1.000000
vn 0.000000 -0.000000 -1.000000
vn -0.000000 0.000000 1.000000
vn -0.000000 0.000000 1.000000
vn -0.000000 0.000000 1.000000
vn -0.000000 0.000000 1.000000
vn -0.000000 0.000000 1.000000
vn -0.000000 0.000000 1.000000
vn 0.000000 -1.000000 0.000000
vn 0.000000 -1.000000 0.000000
vn 0.000000 -1.000000 0.000000
vn 0.000000 -1.000000 0.000000
vn 0.000000 -1.000000 0.000000
vn 0.000000 -1.000000 0.000000
vn 0.366221 0.930528 -0.000000
vn 0.366221 0.930528 -0.000000
vn 0.366221 0.930528 -0.000000
vn 0.366224 0.930527 -0.000000
vn 0.366224 0.930527 -0.000000
vn 0.366224 0.930527 -0.000000
vn -1.000000 -0.000000 -0.000000
vn -1.000000 -0.000000 -0.000000
vn -1.000000 -0.000000 -0.000000
vn -1.000000 -0.000000 -0.000000
vn -1.000000 -0.000000 -0.000000
vn -1.000000 -0.000000 -0.000000
vn 1.000000 0.000000 0.000000
vn 1.000000 0.000000 0.000000
vn 1.000000 0.000000 0.000000
vn 1.000000 0.000000 0.000000
vn 1.000000 0.000000 0.000000
vn 1.000000 0.000000 0.000000
s off
g Shed pasted__GFBXASC045penyanggaFBXASC032kiriFBXASC032tengah
usemtl pasted__GFBXASC045penyanggaFBXASC032belakangFBXASC032kiriSG
f 3582/3612/5930 3585/3616/5931 3573/3624/5932
f 3582/3612/5933 3573/3624/5934 3579/3613/5935
f 3591/3618/5936 3588/3632/5937 3570/3635/5938
f 3591/3618/5939 3570/3635/5940 3576/3626/5941
f 3571/3633/5942 3580/3634/5943 3574/3623/5944
f 3571/3633/5945 3574/3623/5946 3577/3622/5947
f 3584/3620/5948 3590/3629/5949 3592/3630/5950
f 3584/3620/5951 3592/3630/5952 3586/3621/5953
f 3572/3615/5954 3589/3614/5955 3583/3619/5956
f 3572/3615/5957 3583/3619/5958 3581/3627/5959
f 3593/3628/5960 3578/3631/5961 3575/3625/5962
f 3593/3628/5963 3575/3625/5964 3587/3617/5965
g default
v 7.495137 3.078243 -0.862644
v 7.495137 3.078243 -0.862644
v 7.495137 3.078243 -0.862644
v 7.724366 3.139667 6.494390
v 7.724366 3.139667 6.494390
v 7.724366 3.139667 6.494390
v 7.724366 3.139666 -0.862635
v 7.724366 3.139666 -0.862635
v 7.724366 3.139666 -0.862635
v 7.495137 3.078242 6.494381
v 7.495137 3.078242 6.494381
v 7.495137 3.078242 6.494381
v 7.781757 2.008471 6.494393
v 7.781757 2.008471 6.494393
v 7.781757 2.008471 6.494393
v 7.781757 2.008470 -0.862632
v 7.781757 2.008470 -0.862632
v 7.781757 2.008470 -0.862632
v 8.010986 2.069894 6.494371
v 8.010986 2.069894 6.494371
v 8.010986 2.069894 6.494371
v 8.010986 2.069894 -0.862654
v 8.010986 2.069894 -0.862654
v 8.010986 2.069894 -0.862654
v 7.495137 3.999989 -0.862640
v 7.495137 3.999989 -0.862640
v 7.495137 3.999989 -0.862640
v 7.724366 4.061412 6.494394
v 7.724366 4.061412 6.494394
v 7.724366 4.061412 6.494394
v 7.724366 4.061413 -0.862631
v 7.724366 4.061413 -0.862631
v 7.724366 4.061413 -0.862631
v 7.495137 3.999988 6.494386
v 7.495137 3.999988 6.494386
v 7.495137 3.999988 6.494386
v 7.781757 2.930215 6.494397
v 7.781757 2.930215 6.494397
v 7.781757 2.930215 6.494397
v 7.781757 2.930214 -0.862628
v 7.781757 2.930214 -0.862628
v 7.781757 2.930214 -0.862628
v 8.010986 2.991639 6.494376
v 8.010986 2.991639 6.494376
v 8.010986 2.991639 6.494376
v 8.010986 2.991638 -0.862649
v 8.010986 2.991638 -0.862649
v 8.010986 2.991638 -0.862649
v 8.010986 3.913383 6.494380
v 8.010986 3.913383 6.494380
v 8.010986 3.913383 6.494380
v 7.495137 4.921733 6.494390
v 7.495137 4.921733 6.494390
v 7.495137 4.921733 6.494390
v 7.781757 3.851958 6.494371
v 7.781757 3.851958 6.494371
v 7.781757 3.851958 6.494371
v 7.724366 4.983157 6.494399
v 7.724366 4.983157 6.494399
v 7.724366 4.983157 6.494399
v 7.495137 4.921734 -0.862635
v 7.495137 4.921734 -0.862635
v 7.495137 4.921734 -0.862635
v 7.781757 3.851959 -0.862654
v 7.781757 3.851959 -0.862654
v 7.781757 3.851959 -0.862654
v 8.010986 3.913383 -0.862645
v 8.010986 3.913383 -0.862645
v 8.010986 3.913383 -0.862645
v 7.724366 4.983154 -0.862627
v 7.724366 4.983154 -0.862627
v 7.724366 4.983154 -0.862627
v 7.724366 5.904900 -0.862653
v 7.724366 5.904900 -0.862653
v 7.724366 5.904900 -0.862653
v 8.010986 4.835128 6.494384
v 8.010986 4.835128 6.494384
v 8.010986 4.835128 6.494384
v 8.010986 4.835129 -0.862641
v 8.010986 4.835129 -0.862641
v 8.010986 4.835129 -0.862641
v 7.724366 5.904899 6.494372
v 7.724366 5.904899 6.494372
v 7.724366 5.904899 6.494372
v 7.781757 4.773704 6.494375
v 7.781757 4.773704 6.494375
v 7.781757 4.773704 6.494375
v 7.781757 4.773705 -0.862650
v 7.781757 4.773705 -0.862650
v 7.781757 4.773705 -0.862650
v 7.495137 5.843475 -0.862631
v 7.495137 5.843475 -0.862631
v 7.495137 5.843475 -0.862631
v 7.495137 5.843474 6.494394
v 7.495137 5.843474 6.494394
v 7.495137 5.843474 6.494394
v 7.724366 1.296176 -0.862643
v 7.724366 1.296176 -0.862643
v 7.724366 1.296176 -0.862643
v 8.010986 0.226403 6.494393
v 8.010986 0.226403 6.494393
v 8.010986 0.226403 6.494393
v 8.010986 0.226404 -0.862632
v 8.010986 0.226404 -0.862632
v 8.010986 0.226404 -0.862632
v 7.724366 1.296177 6.494382
v 7.724366 1.296177 6.494382
v 7.724366 1.296177 6.494382
v 7.781757 0.164979 6.494385
v 7.781757 0.164979 6.494385
v 7.781757 0.164979 6.494385
v 7.781757 0.164980 -0.862640
v 7.781757 0.164980 -0.862640
v 7.781757 0.164980 -0.862640
v 7.495137 1.234752 -0.862652
v 7.495137 1.234752 -0.862652
v 7.495137 1.234752 -0.862652
v 7.495137 1.234753 6.494373
v 7.495137 1.234753 6.494373
v 7.495137 1.234753 6.494373
v 7.724366 2.217921 -0.862639
v 7.724366 2.217921 -0.862639
v 7.724366 2.217921 -0.862639
v 8.010986 1.148149 6.494398
v 8.010986 1.148149 6.494398
v 8.010986 1.148149 6.494398
v 8.010986 1.148149 -0.862627
v 8.010986 1.148149 -0.862627
v 8.010986 1.148149 -0.862627
v 7.724366 2.217921 6.494386
v 7.724366 2.217921 6.494386
v 7.724366 2.217921 6.494386
v 7.781757 1.086726 6.494389
v 7.781757 1.086726 6.494389
v 7.781757 1.086726 6.494389
v 7.781757 1.086725 -0.862636
v 7.781757 1.086725 -0.862636
v 7.781757 1.086725 -0.862636
v 7.495137 2.156497 -0.862648
v 7.495137 2.156497 -0.862648
v 7.495137 2.156497 -0.862648
v 7.495137 2.156498 6.494377
v 7.495137 2.156498 6.494377
v 7.495137 2.156498 6.494377
v 8.010986 12.209098 6.494388
v 8.010986 12.209098 6.494388
v 8.010986 12.209098 6.494388
v 7.495137 13.217444 6.494397
v 7.495137 13.217444 6.494397
v 7.495137 13.217444 6.494397
v 7.781757 12.147666 6.494379
v 7.781757 12.147666 6.494379
v 7.781757 12.147666 6.494379
v 7.724366 13.278861 6.494376
v 7.724366 13.278861 6.494376
v 7.724366 13.278861 6.494376
v 7.495137 13.217438 -0.862628
v 7.495137 13.217438 -0.862628
v 7.495137 13.217438 -0.862628
v 7.781757 12.147659 -0.862647
v 7.781757 12.147659 -0.862647
v 7.781757 12.147659 -0.862647
v 8.010986 12.209091 -0.862638
v 8.010986 12.209091 -0.862638
v 8.010986 12.209091 -0.862638
v 7.724366 13.278854 -0.862649
v 7.724366 13.278854 -0.862649
v 7.724366 13.278854 -0.862649
v 8.010986 7.600364 6.494397
v 8.010986 7.600364 6.494397
v 8.010986 7.600364 6.494397
v 7.495137 8.608710 6.494376
v 7.495137 8.608710 6.494376
v 7.495137 8.608710 6.494376
v 7.781757 7.538939 6.494388
v 7.781757 7.538939 6.494388
v 7.781757 7.538939 6.494388
v 7.724366 8.670135 6.494385
v 7.724366 8.670135 6.494385
v 7.724366 8.670135 6.494385
v 7.495137 8.608711 -0.862649
v 7.495137 8.608711 -0.862649
v 7.495137 8.608711 -0.862649
v 7.781757 7.538940 -0.862637
v 7.781757 7.538940 -0.862637
v 7.781757 7.538940 -0.862637
v 8.010986 7.600365 -0.862628
v 8.010986 7.600365 -0.862628
v 8.010986 7.600365 -0.862628
v 7.724366 8.670135 -0.862640
v 7.724366 8.670135 -0.862640
v 7.724366 8.670135 -0.862640
v 7.495137 10.452194 -0.862640
v 7.495137 10.452194 -0.862640
v 7.495137 10.452194 -0.862640
v 8.010986 9.443855 -0.862650
v 8.010986 9.443855 -0.862650
v 8.010986 9.443855 -0.862650
v 7.781757 9.382431 -0.862629
v 7.781757 9.382431 -0.862629
v 7.781757 9.382431 -0.862629
v 7.724366 10.513626 -0.862632
v 7.724366 10.513626 -0.862632
v 7.724366 10.513626 -0.862632
v 7.781757 9.382438 6.494396
v 7.781757 9.382438 6.494396
v 7.781757 9.382438 6.494396
v 7.495137 10.452201 6.494385
v 7.495137 10.452201 6.494385
v 7.495137 10.452201 6.494385
v 7.724366 10.513633 6.494393
v 7.724366 10.513633 6.494393
v 7.724366 10.513633 6.494393
v 8.010986 9.443862 6.494375
v 8.010986 9.443862 6.494375
v 8.010986 9.443862 6.494375
v 7.495137 14.139175 -0.862654
v 7.495137 14.139175 -0.862654
v 7.495137 14.139175 -0.862654
v 7.724366 14.200614 6.494380
v 7.724366 14.200614 6.494380
v 7.724366 14.200614 6.494380
v 7.724366 14.200607 -0.862645
v 7.724366 14.200607 -0.862645
v 7.724366 14.200607 -0.862645
v 7.495137 14.139182 6.494371
v 7.495137 14.139182 6.494371
v 7.495137 14.139182 6.494371
v 7.781757 13.069419 6.494383
v 7.781757 13.069419 6.494383
v 7.781757 13.069419 6.494383
v 7.781757 13.069412 -0.862642
v 7.781757 13.069412 -0.862642
v 7.781757 13.069412 -0.862642
v 8.010986 13.130836 6.494392
v 8.010986 13.130836 6.494392
v 8.010986 13.130836 6.494392
v 8.010986 13.130829 -0.862633
v 8.010986 13.130829 -0.862633
v 8.010986 13.130829 -0.862633
v 7.495137 11.373947 -0.862636
v 7.495137 11.373947 -0.862636
v 7.495137 11.373947 -0.862636
v 8.010986 10.365601 -0.862646
v 8.010986 10.365601 -0.862646
v 8.010986 10.365601 -0.862646
v 7.781757 10.304169 -0.862655
v 7.781757 10.304169 -0.862655
v 7.781757 10.304169 -0.862655
v 7.724366 11.435364 -0.862628
v 7.724366 11.435364 -0.862628
v 7.724366 11.435364 -0.862628
v 7.781757 10.304175 6.494370
v 7.781757 10.304175 6.494370
v 7.781757 10.304175 6.494370
v 7.495137 11.373954 6.494389
v 7.495137 11.373954 6.494389
v 7.495137 11.373954 6.494389
v 7.724366 11.435370 6.494398
v 7.724366 11.435370 6.494398
v 7.724366 11.435370 6.494398
v 8.010986 10.365607 6.494379
v 8.010986 10.365607 6.494379
v 8.010986 10.365607 6.494379
v 7.495137 7.686966 -0.862653
v 7.495137 7.686966 -0.862653
v 7.495137 7.686966 -0.862653
v 8.010986 6.678619 -0.862633
v 8.010986 6.678619 -0.862633
v 8.010986 6.678619 -0.862633
v 7.781757 6.617195 -0.862641
v 7.781757 6.617195 -0.862641
v 7.781757 6.617195 -0.862641
v 7.724366 7.748390 -0.862644
v 7.724366 7.748390 -0.862644
v 7.724366 7.748390 -0.862644
v 7.781757 6.617194 6.494384
v 7.781757 6.617194 6.494384
v 7.781757 6.617194 6.494384
v 7.495137 7.686965 6.494372
v 7.495137 7.686965 6.494372
v 7.495137 7.686965 6.494372
v 7.724366 7.748389 6.494381
v 7.724366 7.748389 6.494381
v 7.724366 7.748389 6.494381
v 8.010986 6.678618 6.494392
v 8.010986 6.678618 6.494392
v 8.010986 6.678618 6.494392
v 7.724366 9.591881 -0.862636
v 7.724366 9.591881 -0.862636
v 7.724366 9.591881 -0.862636
v 8.010986 8.522109 6.494370
v 8.010986 8.522109 6.494370
v 8.010986 8.522109 6.494370
v 8.010986 8.522110 -0.862655
v 8.010986 8.522110 -0.862655
v 8.010986 8.522110 -0.862655
v 7.724366 9.591887 6.494390
v 7.724366 9.591887 6.494390
v 7.724366 9.591887 6.494390
v 7.781757 8.460685 6.494392
v 7.781757 8.460685 6.494392
v 7.781757 8.460685 6.494392
v 7.781757 8.460686 -0.862633
v 7.781757 8.460686 -0.862633
v 7.781757 8.460686 -0.862633
v 7.495137 9.530457 -0.862645
v 7.495137 9.530457 -0.862645
v 7.495137 9.530457 -0.862645
v 7.495137 9.530463 6.494380
v 7.495137 9.530463 6.494380
v 7.495137 9.530463 6.494380
v 7.495137 12.295685 -0.862632
v 7.495137 12.295685 -0.862632
v 7.495137 12.295685 -0.862632
v 7.724366 12.357123 6.494371
v 7.724366 12.357123 6.494371
v 7.724366 12.357123 6.494371
v 7.724366 12.357117 -0.862654
v 7.724366 12.357117 -0.862654
v 7.724366 12.357117 -0.862654
v 7.495137 12.295691 6.494393
v 7.495137 12.295691 6.494393
v 7.495137 12.295691 6.494393
v 7.781757 11.225928 6.494374
v 7.781757 11.225928 6.494374
v 7.781757 11.225928 6.494374
v 7.781757 11.225922 -0.862651
v 7.781757 11.225922 -0.862651
v 7.781757 11.225922 -0.862651
v 8.010986 11.287345 6.494383
v 8.010986 11.287345 6.494383
v 8.010986 11.287345 6.494383
v 8.010986 11.287338 -0.862642
v 8.010986 11.287338 -0.862642
v 8.010986 11.287338 -0.862642
v 7.781757 5.695449 6.494380
v 7.781757 5.695449 6.494380
v 7.781757 5.695449 6.494380
v 7.495137 6.765221 -0.862627
v 7.495137 6.765221 -0.862627
v 7.495137 6.765221 -0.862627
v 7.781757 5.695450 -0.862646
v 7.781757 5.695450 -0.862646
v 7.781757 5.695450 -0.862646
v 7.495137 6.765220 6.494398
v 7.495137 6.765220 6.494398
v 7.495137 6.765220 6.494398
v 8.010986 5.756874 -0.862637
v 8.010986 5.756874 -0.862637
v 8.010986 5.756874 -0.862637
v 8.010986 5.756873 6.494389
v 8.010986 5.756873 6.494389
v 8.010986 5.756873 6.494389
v 7.724366 6.826644 6.494377
v 7.724366 6.826644 6.494377
v 7.724366 6.826644 6.494377
v 7.724366 6.826645 -0.862648
v 7.724366 6.826645 -0.862648
v 7.724366 6.826645 -0.862648
v 7.781757 13.991157 6.494387
v 7.781757 13.991157 6.494387
v 7.781757 13.991157 6.494387
v 7.495137 15.060928 -0.862650
v 7.495137 15.060928 -0.862650
v 7.495137 15.060928 -0.862650
v 7.781757 13.991150 -0.862638
v 7.781757 13.991150 -0.862638
v 7.781757 13.991150 -0.862638
v 7.495137 15.060935 6.494375
v 7.495137 15.060935 6.494375
v 7.495137 15.060935 6.494375
v 8.010986 14.052582 -0.862629
v 8.010986 14.052582 -0.862629
v 8.010986 14.052582 -0.862629
v 8.010986 14.052588 6.494396
v 8.010986 14.052588 6.494396
v 8.010986 14.052588 6.494396
v 7.724366 15.122352 6.494384
v 7.724366 15.122352 6.494384
v 7.724366 15.122352 6.494384
v 7.724366 15.122345 -0.862641
v 7.724366 15.122345 -0.862641
v 7.724366 15.122345 -0.862641
v 7.511940 15.919785 -0.862628
v 7.511940 15.919785 -0.862628
v 7.511940 15.919785 -0.862628
v 8.010986 14.974319 -0.862656
v 8.010986 14.974319 -0.862656
v 8.010986 14.974319 -0.862656
v 7.781757 14.912903 -0.862634
v 7.781757 14.912903 -0.862634
v 7.781757 14.912903 -0.862634
v 7.786627 15.811691 -0.862636
v 7.786627 15.811691 -0.862636
v 7.786627 15.811691 -0.862636
v 7.781757 14.912910 6.494391
v 7.781757 14.912910 6.494391
v 7.781757 14.912910 6.494391
v 7.511940 15.919791 6.494397
v 7.511940 15.919791 6.494397
v 7.511940 15.919791 6.494397
v 7.786627 15.811698 6.494389
v 7.786627 15.811698 6.494389
v 7.786627 15.811698 6.494389
v 8.010986 14.974326 6.494400
v 8.010986 14.974326 6.494400
v 8.010986 14.974326 6.494400
vt 0.646361 1.043307
vt 0.687557 1.043307
vt 0.700848 1.043307
vt 0.851019 1.043307
vt 0.864309 1.043307
vt 0.905506 1.043307
vt 0.918796 1.043307
vt 0.969299 1.043307
vt 0.524096 1.043307
vt 0.537387 1.043307
vt 0.578583 1.043307
vt 0.591874 1.043307
vt 0.633070 1.043307
vt 0.482900 1.043307
vt 0.469609 1.043307
vt 0.428412 1.043307
vt 0.415122 1.043307
vt 0.373925 1.043307
vt 0.360635 1.043307
vt 0.319438 1.043307
vt 0.306148 1.043307
vt 0.264951 1.043307
vt 0.251661 1.043307
vt 0.250051 1.043307
vt 0.235527 1.043307
vt 0.235451 1.043307
vt 0.220927 1.043307
vt 0.220851 1.043307
vt 0.210464 1.043307
vt 0.206327 1.043307
vt 0.206251 1.043307
vt 0.197174 1.043307
vt 0.191728 1.043307
vt 0.191652 1.043307
vt 0.177128 1.043307
vt 0.177052 1.043307
vt 0.162528 1.043307
vt 0.162452 1.043307
vt 0.155977 1.043307
vt 0.147928 1.043307
vt 0.147852 1.043307
vt 0.142686 1.043307
vt 0.133329 1.043307
vt 0.133253 1.043307
vt 0.118729 1.043307
vt 0.118653 1.043307
vt 0.104129 1.043307
vt 0.104053 1.043307
vt 0.742044 1.043307
vt 0.755335 1.043307
vt 0.796531 1.043307
vt 0.809822 1.043307
vt 0.101490 1.043307
vt 0.089529 1.043307
vt 0.089453 1.043307
vt 0.088199 1.043307
vt 0.074930 1.043307
vt 0.074853 1.043307
vt 0.060330 1.043307
vt 0.060254 1.043307
vt 0.045730 1.043307
vt 0.045654 1.043307
vt 0.033712 1.043307
vt 0.031130 1.043307
vt 0.031054 1.043307
vt 0.016530 1.043307
vt 0.546823 1.461973
vt 0.603232 1.461973
vt 0.659641 1.461973
vt 0.716051 1.461973
vt 0.772460 1.461973
vt 0.828869 1.461973
vt 0.885278 1.461973
vt 0.941687 1.461973
vt 0.490414 1.461973
vt 0.434005 1.461973
vt 0.377595 1.461973
vt 0.321186 1.461973
vt 0.264777 1.461973
vt 0.208368 1.461973
vt 0.151959 1.461973
vt 0.095550 1.461973
vt 0.994248 1.463004
vt 0.550582 1.476002
vt 0.606991 1.476002
vt 0.663400 1.476002
vt 0.719810 1.476002
vt 0.776219 1.476002
vt 0.832628 1.476002
vt 0.889037 1.476002
vt 0.945446 1.476002
vt 0.494173 1.476002
vt 0.437764 1.476002
vt 0.381354 1.476002
vt 0.324945 1.476002
vt 0.268536 1.476002
vt 0.212127 1.476002
vt 0.155718 1.476002
vt 0.099309 1.476002
vt 0.537764 1.479515
vt 0.594173 1.479515
vt 0.650582 1.479515
vt 0.706991 1.479515
vt 0.763401 1.479515
vt 0.819810 1.479515
vt 0.876219 1.479515
vt 0.932628 1.479515
vt 0.481355 1.479515
vt 0.424946 1.479515
vt 0.368536 1.479515
vt 0.312127 1.479515
vt 0.255718 1.479515
vt 0.199309 1.479515
vt 0.142900 1.479515
vt 0.086491 1.479515
vt 0.030081 1.479515
vt 0.987633 1.479813
vt 0.918796 1.493544
vt 0.918796 1.493544
vt 0.936387 1.493544
vt 0.936387 1.493544
vt 0.958559 1.493544
vt 0.969299 1.493544
vt 0.524096 1.493544
vt 0.524096 1.493544
vt 0.537387 1.493544
vt 0.537387 1.493544
vt 0.541523 1.493544
vt 0.541523 1.493544
vt 0.578583 1.493544
vt 0.578583 1.493544
vt 0.591874 1.493544
vt 0.591874 1.493544
vt 0.597932 1.493544
vt 0.597932 1.493544
vt 0.633070 1.493544
vt 0.633070 1.493544
vt 0.646361 1.493544
vt 0.646361 1.493544
vt 0.654341 1.493544
vt 0.654341 1.493544
vt 0.687557 1.493544
vt 0.687557 1.493544
vt 0.700848 1.493544
vt 0.700848 1.493544
vt 0.710751 1.493544
vt 0.710751 1.493544
vt 0.742044 1.493544
vt 0.742044 1.493544
vt 0.755335 1.493544
vt 0.755335 1.493544
vt 0.767160 1.493544
vt 0.767160 1.493544
vt 0.796531 1.493544
vt 0.796531 1.493544
vt 0.809822 1.493544
vt 0.809822 1.493544
vt 0.823569 1.493544
vt 0.823569 1.493544
vt 0.851019 1.493544
vt 0.851019 1.493544
vt 0.864309 1.493544
vt 0.864309 1.493544
vt 0.879978 1.493544
vt 0.879978 1.493544
vt 0.905506 1.493544
vt 0.905506 1.493544
vt 0.485114 1.493544
vt 0.485114 1.493544
vt 0.482900 1.493544
vt 0.482900 1.493544
vt 0.469609 1.493544
vt 0.469609 1.493544
vt 0.428705 1.493544
vt 0.428705 1.493544
vt 0.428412 1.493544
vt 0.428412 1.493544
vt 0.415122 1.493544
vt 0.415122 1.493544
vt 0.411599 1.493544
vt 0.393535 1.493544
vt 0.373925 1.493544
vt 0.373925 1.493544
vt 0.372295 1.493544
vt 0.372295 1.493544
vt 0.360635 1.493544
vt 0.360635 1.493544
vt 0.319438 1.493544
vt 0.319438 1.493544
vt 0.315886 1.493544
vt 0.315886 1.493544
vt 0.306148 1.493544
vt 0.306148 1.493544
vt 0.264951 1.493544
vt 0.264951 1.493544
vt 0.264651 1.493544
vt 0.259477 1.493544
vt 0.259477 1.493544
vt 0.251661 1.493544
vt 0.251661 1.493544
vt 0.250127 1.493544
vt 0.250051 1.493544
vt 0.250051 1.493544
vt 0.235527 1.493544
vt 0.235527 1.493544
vt 0.235451 1.493544
vt 0.235451 1.493544
vt 0.220927 1.493544
vt 0.220927 1.493544
vt 0.220851 1.493544
vt 0.220851 1.493544
vt 0.210464 1.493544
vt 0.210464 1.493544
vt 0.206327 1.493544
vt 0.206327 1.493544
vt 0.206251 1.493544
vt 0.206251 1.493544
vt 0.203068 1.493544
vt 0.203068 1.493544
vt 0.197174 1.493544
vt 0.197174 1.493544
vt 0.191728 1.493544
vt 0.191728 1.493544
vt 0.191652 1.493544
vt 0.191652 1.493544
vt 0.177128 1.493544
vt 0.177128 1.493544
vt 0.177052 1.493544
vt 0.177052 1.493544
vt 0.162528 1.493544
vt 0.162528 1.493544
vt 0.162452 1.493544
vt 0.162452 1.493544
vt 0.155977 1.493544
vt 0.155977 1.493544
vt 0.147928 1.493544
vt 0.147928 1.493544
vt 0.147852 1.493544
vt 0.147852 1.493544
vt 0.146659 1.493544
vt 0.146659 1.493544
vt 0.142686 1.493544
vt 0.142686 1.493544
vt 0.133329 1.493544
vt 0.133329 1.493544
vt 0.133253 1.493544
vt 0.133253 1.493544
vt 0.118729 1.493544
vt 0.118729 1.493544
vt 0.118653 1.493544
vt 0.118653 1.493544
vt 0.104129 1.493544
vt 0.104129 1.493544
vt 0.104053 1.493544
vt 0.104053 1.493544
vt 0.101490 1.493544
vt 0.101490 1.493544
vt 0.090249 1.493544
vt 0.090249 1.493544
vt 0.089529 1.493544
vt 0.089529 1.493544
vt 0.089453 1.493544
vt 0.089453 1.493544
vt 0.074930 1.493544
vt 0.074930 1.493544
vt 0.074854 1.493544
vt 0.074854 1.493544
vt 0.060330 1.493544
vt 0.060330 1.493544
vt 0.060254 1.493544
vt 0.060254 1.493544
vt 0.045730 1.493544
vt 0.045730 1.493544
vt 0.045654 1.493544
vt 0.045654 1.493544
vt 0.033840 1.493544
vt 0.033840 1.493544
vt 0.033712 1.493544
vt 0.033712 1.493544
vt 0.031130 1.493544
vt 0.031130 1.493544
vt 0.031054 1.493544
vt 0.031054 1.493544
vt 0.016530 1.493544
vt 0.016530 1.493544
vt 0.088199 1.493544
vt 0.088199 1.493544
vt 0.987633 1.507275
vt 0.537764 1.507573
vt 0.594173 1.507573
vt 0.650582 1.507573
vt 0.706991 1.507573
vt 0.763401 1.507573
vt 0.819810 1.507573
vt 0.876219 1.507573
vt 0.932628 1.507573
vt 0.481355 1.507573
vt 0.424946 1.507573
vt 0.368536 1.507573
vt 0.312127 1.507573
vt 0.255718 1.507573
vt 0.199309 1.507573
vt 0.142900 1.507573
vt 0.086491 1.507573
vt 0.030081 1.507573
vt 0.550582 1.511086
vt 0.606991 1.511086
vt 0.663400 1.511086
vt 0.719810 1.511086
vt 0.776219 1.511086
vt 0.832628 1.511086
vt 0.889037 1.511086
vt 0.945446 1.511086
vt 0.494173 1.511086
vt 0.437764 1.511086
vt 0.381354 1.511086
vt 0.324945 1.511086
vt 0.268536 1.511086
vt 0.212127 1.511086
vt 0.155718 1.511086
vt 0.099309 1.511086
vt 0.994248 1.524084
vt 0.885278 1.525115
vt 0.941687 1.525115
vt 0.546823 1.525115
vt 0.603232 1.525115
vt 0.659641 1.525115
vt 0.716051 1.525115
vt 0.772460 1.525115
vt 0.828869 1.525115
vt 0.490414 1.525115
vt 0.434005 1.525115
vt 0.377595 1.525115
vt 0.321186 1.525115
vt 0.264777 1.525115
vt 0.208368 1.525115
vt 0.151959 1.525115
vt 0.095550 1.525115
vt 0.918796 1.943781
vt 0.958559 1.943781
vt 0.524096 1.943781
vt 0.537387 1.943781
vt 0.578583 1.943781
vt 0.591874 1.943781
vt 0.633070 1.943781
vt 0.646361 1.943781
vt 0.687557 1.943781
vt 0.700848 1.943781
vt 0.742045 1.943781
vt 0.755335 1.943781
vt 0.796531 1.943781
vt 0.809822 1.943781
vt 0.851019 1.943781
vt 0.864309 1.943781
vt 0.905506 1.943781
vt 0.482900 1.943781
vt 0.469609 1.943781
vt 0.428412 1.943781
vt 0.415122 1.943781
vt 0.411599 1.943781
vt 0.393535 1.943781
vt 0.373925 1.943781
vt 0.360635 1.943781
vt 0.319438 1.943781
vt 0.306148 1.943781
vt 0.264951 1.943781
vt 0.264651 1.943781
vt 0.251661 1.943781
vt 0.250127 1.943781
vt 0.250051 1.943781
vt 0.235527 1.943781
vt 0.235451 1.943781
vt 0.220927 1.943781
vt 0.220851 1.943781
vt 0.210464 1.943781
vt 0.206328 1.943781
vt 0.206252 1.943781
vt 0.197174 1.943781
vt 0.191728 1.943781
vt 0.191652 1.943781
vt 0.177128 1.943781
vt 0.177052 1.943781
vt 0.162528 1.943781
vt 0.162452 1.943781
vt 0.155977 1.943781
vt 0.147928 1.943781
vt 0.147852 1.943781
vt 0.142687 1.943781
vt 0.133329 1.943781
vt 0.133253 1.943781
vt 0.118729 1.943781
vt 0.118653 1.943781
vt 0.104129 1.943781
vt 0.104053 1.943781
vt 0.101490 1.943781
vt 0.089529 1.943781
vt 0.089453 1.943781
vt 0.088199 1.943781
vt 0.074930 1.943781
vt 0.074854 1.943781
vt 0.060330 1.943781
vt 0.060254 1.943781
vt 0.045730 1.943781
vt 0.045654 1.943781
vt 0.033712 1.943781
vt 0.031130 1.943781
vt 0.031054 1.943781
vt 0.016530 1.943781
vn -0.258821 0.965925 -0.000000
vn -0.258821 0.965925 -0.000000
vn -0.258821 0.965925 -0.000000
vn -0.258818 0.965926 -0.000000
vn -0.258818 0.965926 -0.000000
vn -0.258818 0.965926 -0.000000
vn -0.258818 0.965926 -0.000000
vn -0.258818 0.965926 -0.000000
vn -0.258818 0.965926 -0.000000
vn -0.258818 0.965926 -0.000000
vn -0.258818 0.965926 -0.000000
vn -0.258818 0.965926 -0.000000
vn 0.965926 0.258819 -0.000000
vn 0.965926 0.258819 -0.000000
vn 0.965926 0.258819 -0.000000
vn 0.965926 0.258819 -0.000000
vn 0.965926 0.258819 -0.000000
vn 0.965926 0.258819 -0.000000
vn 0.258819 -0.965926 0.000000
vn 0.258819 -0.965926 0.000000
vn 0.258819 -0.965926 0.000000
vn 0.258819 -0.965926 0.000000
vn 0.258819 -0.965926 0.000000
vn 0.258819 -0.965926 0.000000
vn 0.965926 0.258819 -0.000000
vn 0.965926 0.258819 -0.000000
vn 0.965926 0.258819 -0.000000
vn 0.965926 0.258819 -0.000000
vn 0.965926 0.258819 -0.000000
vn 0.965926 0.258819 -0.000000
vn -0.965926 -0.258819 0.000000
vn -0.965926 -0.258819 0.000000
vn -0.965926 -0.258819 0.000000
vn -0.965926 -0.258819 0.000000
vn -0.965926 -0.258819 0.000000
vn -0.965926 -0.258819 0.000000
vn -0.965926 -0.258819 0.000000
vn -0.965926 -0.258819 0.000000
vn -0.965926 -0.258819 0.000000
vn -0.965926 -0.258819 0.000000
vn -0.965926 -0.258819 0.000000
vn -0.965926 -0.258819 0.000000
vn -0.258818 0.965926 -0.000000
vn -0.258818 0.965926 -0.000000
vn -0.258818 0.965926 -0.000000
vn -0.258821 0.965925 -0.000000
vn -0.258821 0.965925 -0.000000
vn -0.258821 0.965925 -0.000000
vn -0.258832 0.965922 -0.000000
vn -0.258832 0.965922 -0.000000
vn -0.258832 0.965922 -0.000000
vn -0.258811 0.965928 -0.000000
vn -0.258811 0.965928 -0.000000
vn -0.258811 0.965928 -0.000000
vn -0.965926 -0.258819 0.000000
vn -0.965926 -0.258819 0.000000
vn -0.965926 -0.258819 0.000000
vn -0.965926 -0.258819 0.000000
vn -0.965926 -0.258819 0.000000
vn -0.965926 -0.258819 0.000000
vn -0.258818 0.965926 -0.000000
vn -0.258818 0.965926 -0.000000
vn -0.258818 0.965926 -0.000000
vn -0.258818 0.965926 -0.000000
vn -0.258818 0.965926 -0.000000
vn -0.258818 0.965926 -0.000000
vn 0.258818 -0.965926 0.000000
vn 0.258818 -0.965926 0.000000
vn 0.258818 -0.965926 0.000000
vn 0.258821 -0.965925 0.000000
vn 0.258821 -0.965925 0.000000
vn 0.258821 -0.965925 0.000000
vn -0.000000 -0.000000 -1.000000
vn -0.000000 -0.000000 -1.000000
vn -0.000000 -0.000000 -1.000000
vn -0.000000 -0.000000 -1.000000
vn -0.000000 -0.000000 -1.000000
vn -0.000000 -0.000000 -1.000000
vn 0.965926 0.258819 -0.000000
vn 0.965926 0.258819 -0.000000
vn 0.965926 0.258819 -0.000000
vn 0.965926 0.258819 -0.000000
vn 0.965926 0.258819 -0.000000
vn 0.965926 0.258819 -0.000000
vn -0.000000 -0.000000 -1.000000
vn -0.000000 -0.000000 -1.000000
vn -0.000000 -0.000000 -1.000000
vn -0.000000 -0.000000 -1.000000
vn -0.000000 -0.000000 -1.000000
vn -0.000000 -0.000000 -1.000000
vn 0.965926 0.258819 -0.000000
vn 0.965926 0.258819 -0.000000
vn 0.965926 0.258819 -0.000000
vn 0.965926 0.258819 -0.000000
vn 0.965926 0.258819 -0.000000
vn 0.965926 0.258819 -0.000000
vn -0.258819 0.965926 -0.000000
vn -0.258819 0.965926 -0.000000
vn -0.258819 0.965926 -0.000000
vn -0.258819 0.965926 -0.000000
vn -0.258819 0.965926 -0.000000
vn -0.258819 0.965926 -0.000000
vn 0.258818 -0.965926 0.000000
vn 0.258818 -0.965926 0.000000
vn 0.258818 -0.965926 0.000000
vn 0.258821 -0.965925 0.000000
vn 0.258821 -0.965925 0.000000
vn 0.258821 -0.965925 0.000000
vn -0.000000 -0.000000 -1.000000
vn -0.000000 -0.000000 -1.000000
vn -0.000000 -0.000000 -1.000000
vn -0.000000 -0.000000 -1.000000
vn -0.000000 -0.000000 -1.000000
vn -0.000000 -0.000000 -1.000000
vn -0.000000 -0.000000 -1.000000
vn -0.000000 -0.000000 -1.000000
vn -0.000000 -0.000000 -1.000000
vn -0.000000 -0.000000 -1.000000
vn -0.000000 -0.000000 -1.000000
vn -0.000000 -0.000000 -1.000000
vn 0.258819 -0.965926 0.000000
vn 0.258819 -0.965926 0.000000
vn 0.258819 -0.965926 0.000000
vn 0.258819 -0.965926 0.000000
vn 0.258819 -0.965926 0.000000
vn 0.258819 -0.965926 0.000000
vn 0.965926 0.258819 -0.000000
vn 0.965926 0.258819 -0.000000
vn 0.965926 0.258819 -0.000000
vn 0.965926 0.258819 -0.000000
vn 0.965926 0.258819 -0.000000
vn 0.965926 0.258819 -0.000000
vn 0.000000 0.000001 1.000000
vn 0.000000 0.000001 1.000000
vn 0.000000 0.000001 1.000000
vn 0.000000 -0.000002 1.000000
vn 0.000000 -0.000002 1.000000
vn 0.000000 -0.000002 1.000000
vn -0.258818 0.965926 -0.000000
vn -0.258818 0.965926 -0.000000
vn -0.258818 0.965926 -0.000000
vn -0.258825 0.965924 -0.000000
vn -0.258825 0.965924 -0.000000
vn -0.258825 0.965924 -0.000000
vn -0.258825 0.965924 -0.000000
vn -0.258825 0.965924 -0.000000
vn -0.258825 0.965924 -0.000000
vn -0.258814 0.965927 -0.000000
vn -0.258814 0.965927 -0.000000
vn -0.258814 0.965927 -0.000000
vn 0.258818 -0.965926 0.000000
vn 0.258818 -0.965926 0.000000
vn 0.258818 -0.965926 0.000000
vn 0.258825 -0.965924 0.000000
vn 0.258825 -0.965924 0.000000
vn 0.258825 -0.965924 0.000000
vn 0.258818 -0.965926 0.000000
vn 0.258818 -0.965926 0.000000
vn 0.258818 -0.965926 0.000000
vn 0.258818 -0.965926 0.000000
vn 0.258818 -0.965926 0.000000
vn 0.258818 -0.965926 0.000000
vn 0.965926 0.258819 -0.000000
vn 0.965926 0.258819 -0.000000
vn 0.965926 0.258819 -0.000000
vn 0.965926 0.258819 -0.000000
vn 0.965926 0.258819 -0.000000
vn 0.965926 0.258819 -0.000000
vn -0.000000 -0.000000 -1.000000
vn -0.000000 -0.000000 -1.000000
vn -0.000000 -0.000000 -1.000000
vn -0.000000 -0.000000 -1.000000
vn -0.000000 -0.000000 -1.000000
vn -0.000000 -0.000000 -1.000000
vn -0.965926 -0.258819 0.000000
vn -0.965926 -0.258819 0.000000
vn -0.965926 -0.258819 0.000000
vn -0.965926 -0.258819 0.000000
vn -0.965926 -0.258819 0.000000
vn -0.965926 -0.258819 0.000000
vn 0.965926 0.258819 -0.000000
vn 0.965926 0.258819 -0.000000
vn 0.965926 0.258819 -0.000000
vn 0.965926 0.258819 -0.000000
vn 0.965926 0.258819 -0.000000
vn 0.965926 0.258819 -0.000000
vn -0.000000 -0.000000 -1.000000
vn -0.000000 -0.000000 -1.000000
vn -0.000000 -0.000000 -1.000000
vn -0.000000 -0.000000 -1.000000
vn -0.000000 -0.000000 -1.000000
vn -0.000000 -0.000000 -1.000000
vn 0.258819 -0.965926 0.000000
vn 0.258819 -0.965926 0.000000
vn 0.258819 -0.965926 0.000000
vn 0.258819 -0.965926 0.000000
vn 0.258819 -0.965926 0.000000
vn 0.258819 -0.965926 0.000000
vn -0.965926 -0.258819 0.000000
vn -0.965926 -0.258819 0.000000
vn -0.965926 -0.258819 0.000000
vn -0.965926 -0.258819 0.000000
vn -0.965926 -0.258819 0.000000
vn -0.965926 -0.258819 0.000000
vn -0.000000 -0.000000 -1.000000
vn -0.000000 -0.000000 -1.000000
vn -0.000000 -0.000000 -1.000000
vn -0.000000 -0.000000 -1.000000
vn -0.000000 -0.000000 -1.000000
vn -0.000000 -0.000000 -1.000000
vn -0.965926 -0.258819 0.000000
vn -0.965926 -0.258819 0.000000
vn -0.965926 -0.258819 0.000000
vn -0.965926 -0.258819 0.000000
vn -0.965926 -0.258819 0.000000
vn -0.965926 -0.258819 0.000000
vn 0.000000 0.000001 1.000000
vn 0.000000 0.000001 1.000000
vn 0.000000 0.000001 1.000000
vn 0.000000 -0.000002 1.000000
vn 0.000000 -0.000002 1.000000
vn 0.000000 -0.000002 1.000000
vn -0.965926 -0.258819 0.000000
vn -0.965926 -0.258819 0.000000
vn -0.965926 -0.258819 0.000000
vn -0.965926 -0.258819 0.000000
vn -0.965926 -0.258819 0.000000
vn -0.965926 -0.258819 0.000000
vn -0.965926 -0.258819 0.000000
vn -0.965926 -0.258819 0.000000
vn -0.965926 -0.258819 0.000000
vn -0.965926 -0.258819 0.000000
vn -0.965926 -0.258819 0.000000
vn -0.965926 -0.258819 0.000000
vn -0.258818 0.965926 -0.000000
vn -0.258818 0.965926 -0.000000
vn -0.258818 0.965926 -0.000000
vn -0.258818 0.965926 -0.000000
vn -0.258818 0.965926 -0.000000
vn -0.258818 0.965926 -0.000000
vn 0.000000 0.000001 1.000000
vn 0.000000 0.000001 1.000000
vn 0.000000 0.000001 1.000000
vn 0.000000 -0.000002 1.000000
vn 0.000000 -0.000002 1.000000
vn 0.000000 -0.000002 1.000000
vn -0.000000 -0.000000 -1.000000
vn -0.000000 -0.000000 -1.000000
vn -0.000000 -0.000000 -1.000000
vn -0.000000 -0.000000 -1.000000
vn -0.000000 -0.000000 -1.000000
vn -0.000000 -0.000000 -1.000000
vn 0.965926 0.258819 -0.000000
vn 0.965926 0.258819 -0.000000
vn 0.965926 0.258819 -0.000000
vn 0.965926 0.258819 -0.000000
vn 0.965926 0.258819 -0.000000
vn 0.965926 0.258819 -0.000000
vn -0.258818 0.965926 -0.000000
vn -0.258818 0.965926 -0.000000
vn -0.258818 0.965926 -0.000000
vn -0.258825 0.965924 -0.000000
vn -0.258825 0.965924 -0.000000
vn -0.258825 0.965924 -0.000000
vn 0.258819 -0.965926 0.000000
vn 0.258819 -0.965926 0.000000
vn 0.258819 -0.965926 0.000000
vn 0.258818 -0.965926 0.000000
vn 0.258818 -0.965926 0.000000
vn 0.258818 -0.965926 0.000000
vn -0.258819 0.965926 -0.000000
vn -0.258819 0.965926 -0.000000
vn -0.258819 0.965926 -0.000000
vn -0.258819 0.965926 -0.000000
vn -0.258819 0.965926 -0.000000
vn -0.258819 0.965926 -0.000000
vn 0.000000 0.000001 1.000000
vn 0.000000 0.000001 1.000000
vn 0.000000 0.000001 1.000000
vn 0.000000 -0.000002 1.000000
vn 0.000000 -0.000002 1.000000
vn 0.000000 -0.000002 1.000000
vn 0.258818 -0.965926 0.000000
vn 0.258818 -0.965926 0.000000
vn 0.258818 -0.965926 0.000000
vn 0.258818 -0.965926 0.000000
vn 0.258818 -0.965926 0.000000
vn 0.258818 -0.965926 0.000000
vn -0.000000 -0.000000 -1.000000
vn -0.000000 -0.000000 -1.000000
vn -0.000000 -0.000000 -1.000000
vn -0.000000 -0.000000 -1.000000
vn -0.000000 -0.000000 -1.000000
vn -0.000000 -0.000000 -1.000000
vn -0.258821 0.965925 -0.000000
vn -0.258821 0.965925 -0.000000
vn -0.258821 0.965925 -0.000000
vn -0.258818 0.965926 -0.000000
vn -0.258818 0.965926 -0.000000
vn -0.258818 0.965926 -0.000000
vn 0.000000 0.000001 1.000000
vn 0.000000 0.000001 1.000000
vn 0.000000 0.000001 1.000000
vn 0.000000 -0.000002 1.000000
vn 0.000000 -0.000002 1.000000
vn 0.000000 -0.000002 1.000000
vn -0.000000 -0.000000 -1.000000
vn -0.000000 -0.000000 -1.000000
vn -0.000000 -0.000000 -1.000000
vn -0.000000 -0.000000 -1.000000
vn -0.000000 -0.000000 -1.000000
vn -0.000000 -0.000000 -1.000000
vn 0.965926 0.258819 -0.000000
vn 0.965926 0.258819 -0.000000
vn 0.965926 0.258819 -0.000000
vn 0.965926 0.258819 -0.000000
vn 0.965926 0.258819 -0.000000
vn 0.965926 0.258819 -0.000000
vn 0.000000 0.000001 1.000000
vn 0.000000 0.000001 1.000000
vn 0.000000 0.000001 1.000000
vn 0.000000 -0.000002 1.000000
vn 0.000000 -0.000002 1.000000
vn 0.000000 -0.000002 1.000000
vn 0.965926 0.258819 -0.000000
vn 0.965926 0.258819 -0.000000
vn 0.965926 0.258819 -0.000000
vn 0.965926 0.258819 -0.000000
vn 0.965926 0.258819 -0.000000
vn 0.965926 0.258819 -0.000000
vn 0.965926 0.258819 -0.000000
vn 0.965926 0.258819 -0.000000
vn 0.965926 0.258819 -0.000000
vn 0.965926 0.258819 -0.000000
vn 0.965926 0.258819 -0.000000
vn 0.965926 0.258819 -0.000000
vn -0.965926 -0.258819 0.000000
vn -0.965926 -0.258819 0.000000
vn -0.965926 -0.258819 0.000000
vn -0.965926 -0.258819 0.000000
vn -0.965926 -0.258819 0.000000
vn -0.965926 -0.258819 0.000000
vn -0.000000 -0.000000 -1.000000
vn -0.000000 -0.000000 -1.000000
vn -0.000000 -0.000000 -1.000000
vn -0.000000 -0.000000 -1.000000
vn -0.000000 -0.000000 -1.000000
vn -0.000000 -0.000000 -1.000000
vn 0.258825 -0.965924 0.000000
vn 0.258825 -0.965924 0.000000
vn 0.258825 -0.965924 0.000000
vn 0.258818 -0.965926 0.000000
vn 0.258818 -0.965926 0.000000
vn 0.258818 -0.965926 0.000000
vn -0.965926 -0.258819 0.000000
vn -0.965926 -0.258819 0.000000
vn -0.965926 -0.258819 0.000000
vn -0.965926 -0.258819 0.000000
vn -0.965926 -0.258819 0.000000
vn -0.965926 -0.258819 0.000000
vn 0.000000 0.000001 1.000000
vn 0.000000 0.000001 1.000000
vn 0.000000 0.000001 1.000000
vn 0.000000 -0.000002 1.000000
vn 0.000000 -0.000002 1.000000
vn 0.000000 -0.000002 1.000000
vn -0.258825 0.965924 -0.000000
vn -0.258825 0.965924 -0.000000
vn -0.258825 0.965924 -0.000000
vn -0.258818 0.965926 -0.000000
vn -0.258818 0.965926 -0.000000
vn -0.258818 0.965926 -0.000000
vn -0.965926 -0.258819 0.000000
vn -0.965926 -0.258819 0.000000
vn -0.965926 -0.258819 0.000000
vn -0.965926 -0.258819 0.000000
vn -0.965926 -0.258819 0.000000
vn -0.965926 -0.258819 0.000000
vn -0.258818 0.965926 -0.000000
vn -0.258818 0.965926 -0.000000
vn -0.258818 0.965926 -0.000000
vn -0.258818 0.965926 -0.000000
vn -0.258818 0.965926 -0.000000
vn -0.258818 0.965926 -0.000000
vn -0.000000 -0.000000 -1.000000
vn -0.000000 -0.000000 -1.000000
vn -0.000000 -0.000000 -1.000000
vn -0.000000 -0.000000 -1.000000
vn -0.000000 -0.000000 -1.000000
vn -0.000000 -0.000000 -1.000000
vn 0.000000 0.000001 1.000000
vn 0.000000 0.000001 1.000000
vn 0.000000 0.000001 1.000000
vn 0.000000 -0.000002 1.000000
vn 0.000000 -0.000002 1.000000
vn 0.000000 -0.000002 1.000000
vn 0.965926 0.258819 -0.000000
vn 0.965926 0.258819 -0.000000
vn 0.965926 0.258819 -0.000000
vn 0.965926 0.258819 -0.000000
vn 0.965926 0.258819 -0.000000
vn 0.965926 0.258819 -0.000000
vn -0.965926 -0.258819 0.000000
vn -0.965926 -0.258819 0.000000
vn -0.965926 -0.258819 0.000000
vn -0.965926 -0.258819 0.000000
vn -0.965926 -0.258819 0.000000
vn -0.965926 -0.258819 0.000000
vn 0.965926 0.258819 -0.000000
vn 0.965926 0.258819 -0.000000
vn 0.965926 0.258819 -0.000000
vn 0.965926 0.258819 -0.000000
vn 0.965926 0.258819 -0.000000
vn 0.965926 0.258819 -0.000000
vn 0.258825 -0.965924 0.000000
vn 0.258825 -0.965924 0.000000
vn 0.258825 -0.965924 0.000000
vn 0.258818 -0.965926 0.000000
vn 0.258818 -0.965926 0.000000
vn 0.258818 -0.965926 0.000000
vn -0.000000 -0.000000 -1.000000
vn -0.000000 -0.000000 -1.000000
vn -0.000000 -0.000000 -1.000000
vn -0.000000 -0.000000 -1.000000
vn -0.000000 -0.000000 -1.000000
vn -0.000000 -0.000000 -1.000000
vn -0.000000 -0.000000 -1.000000
vn -0.000000 -0.000000 -1.000000
vn -0.000000 -0.000000 -1.000000
vn -0.000000 -0.000000 -1.000000
vn -0.000000 -0.000000 -1.000000
vn -0.000000 -0.000000 -1.000000
vn 0.000000 0.000001 1.000000
vn 0.000000 0.000001 1.000000
vn 0.000000 0.000001 1.000000
vn 0.000000 -0.000002 1.000000
vn 0.000000 -0.000002 1.000000
vn 0.000000 -0.000002 1.000000
vn 0.258811 -0.965928 0.000000
vn 0.258811 -0.965928 0.000000
vn 0.258811 -0.965928 0.000000
vn 0.258818 -0.965926 0.000000
vn 0.258818 -0.965926 0.000000
vn 0.258818 -0.965926 0.000000
vn -0.258821 0.965925 -0.000000
vn -0.258821 0.965925 -0.000000
vn -0.258821 0.965925 -0.000000
vn -0.258818 0.965926 -0.000000
vn -0.258818 0.965926 -0.000000
vn -0.258818 0.965926 -0.000000
vn 0.000000 0.000001 1.000000
vn 0.000000 0.000001 1.000000
vn 0.000000 0.000001 1.000000
vn 0.000000 -0.000002 1.000000
vn 0.000000 -0.000002 1.000000
vn 0.000000 -0.000002 1.000000
vn 0.965926 0.258819 -0.000000
vn 0.965926 0.258819 -0.000000
vn 0.965926 0.258819 -0.000000
vn 0.965926 0.258819 -0.000000
vn 0.965926 0.258819 -0.000000
vn 0.965926 0.258819 -0.000000
vn 0.258818 -0.965926 0.000000
vn 0.258818 -0.965926 0.000000
vn 0.258818 -0.965926 0.000000
vn 0.258821 -0.965925 0.000000
vn 0.258821 -0.965925 0.000000
vn 0.258821 -0.965925 0.000000
vn 0.965926 0.258819 -0.000000
vn 0.965926 0.258819 -0.000000
vn 0.965926 0.258819 -0.000000
vn 0.965926 0.258819 -0.000000
vn 0.965926 0.258819 -0.000000
vn 0.965926 0.258819 -0.000000
vn 0.000000 0.000001 1.000000
vn 0.000000 0.000001 1.000000
vn 0.000000 0.000001 1.000000
vn 0.000000 -0.000002 1.000000
vn 0.000000 -0.000002 1.000000
vn 0.000000 -0.000002 1.000000
vn 0.258832 -0.965922 0.000000
vn 0.258832 -0.965922 0.000000
vn 0.258832 -0.965922 0.000000
vn 0.258818 -0.965926 0.000000
vn 0.258818 -0.965926 0.000000
vn 0.258818 -0.965926 0.000000
vn 0.000000 0.000001 1.000000
vn 0.000000 0.000001 1.000000
vn 0.000000 0.000001 1.000000
vn 0.000000 -0.000002 1.000000
vn 0.000000 -0.000002 1.000000
vn 0.000000 -0.000002 1.000000
vn 0.258819 -0.965926 0.000000
vn 0.258819 -0.965926 0.000000
vn 0.258819 -0.965926 0.000000
vn 0.258819 -0.965926 0.000000
vn 0.258819 -0.965926 0.000000
vn 0.258819 -0.965926 0.000000
vn 0.965926 0.258820 -0.000000
vn 0.965926 0.258820 -0.000000
vn 0.965926 0.258820 -0.000000
vn 0.965926 0.258818 -0.000000
vn 0.965926 0.258818 -0.000000
vn 0.965926 0.258818 -0.000000
vn -0.000000 -0.000000 -1.000000
vn -0.000000 -0.000000 -1.000000
vn -0.000000 -0.000000 -1.000000
vn -0.000000 -0.000000 -1.000000
vn -0.000000 -0.000000 -1.000000
vn -0.000000 -0.000000 -1.000000
vn 0.000000 0.000001 1.000000
vn 0.000000 0.000001 1.000000
vn 0.000000 0.000001 1.000000
vn 0.000000 -0.000002 1.000000
vn 0.000000 -0.000002 1.000000
vn 0.000000 -0.000002 1.000000
vn -0.965926 -0.258819 0.000000
vn -0.965926 -0.258819 0.000000
vn -0.965926 -0.258819 0.000000
vn -0.965926 -0.258819 0.000000
vn -0.965926 -0.258819 0.000000
vn -0.965926 -0.258819 0.000000
vn -0.000000 -0.000000 -1.000000
vn -0.000000 -0.000000 -1.000000
vn -0.000000 -0.000000 -1.000000
vn -0.000000 -0.000000 -1.000000
vn -0.000000 -0.000000 -1.000000
vn -0.000000 -0.000000 -1.000000
vn 0.000000 0.000001 1.000000
vn 0.000000 0.000001 1.000000
vn 0.000000 0.000001 1.000000
vn 0.000000 -0.000002 1.000000
vn 0.000000 -0.000002 1.000000
vn 0.000000 -0.000002 1.000000
vn -0.965926 -0.258819 0.000000
vn -0.965926 -0.258819 0.000000
vn -0.965926 -0.258819 0.000000
vn -0.965926 -0.258819 0.000000
vn -0.965926 -0.258819 0.000000
vn -0.965926 -0.258819 0.000000
vn -0.965926 -0.258819 0.000000
vn -0.965926 -0.258819 0.000000
vn -0.965926 -0.258819 0.000000
vn -0.965926 -0.258819 0.000000
vn -0.965926 -0.258819 0.000000
vn -0.965926 -0.258819 0.000000
vn 0.000000 0.000001 1.000000
vn 0.000000 0.000001 1.000000
vn 0.000000 0.000001 1.000000
vn 0.000000 -0.000002 1.000000
vn 0.000000 -0.000002 1.000000
vn 0.000000 -0.000002 1.000000
vn 0.000000 -0.000002 1.000000
vn 0.000000 -0.000002 1.000000
vn 0.000000 -0.000002 1.000000
vn 0.000000 0.000002 1.000000
vn 0.000000 0.000002 1.000000
vn 0.000000 0.000002 1.000000
vn -0.965926 -0.258819 0.000000
vn -0.965926 -0.258819 0.000000
vn -0.965926 -0.258819 0.000000
vn -0.965926 -0.258819 0.000000
vn -0.965926 -0.258819 0.000000
vn -0.965926 -0.258819 0.000000
vn -0.258818 0.965926 -0.000000
vn -0.258818 0.965926 -0.000000
vn -0.258818 0.965926 -0.000000
vn -0.258818 0.965926 -0.000000
vn -0.258818 0.965926 -0.000000
vn -0.258818 0.965926 -0.000000
vn 0.258818 -0.965926 0.000000
vn 0.258818 -0.965926 0.000000
vn 0.258818 -0.965926 0.000000
vn 0.258818 -0.965926 0.000000
vn 0.258818 -0.965926 0.000000
vn 0.258818 -0.965926 0.000000
vn -0.965926 -0.258819 0.000000
vn -0.965926 -0.258819 0.000000
vn -0.965926 -0.258819 0.000000
vn -0.965926 -0.258819 0.000000
vn -0.965926 -0.258819 0.000000
vn -0.965926 -0.258819 0.000000
vn -0.000000 -0.000000 -1.000000
vn -0.000000 -0.000000 -1.000000
vn -0.000000 -0.000000 -1.000000
vn -0.000000 -0.000000 -1.000000
vn -0.000000 -0.000000 -1.000000
vn -0.000000 -0.000000 -1.000000
vn 0.000000 0.000001 1.000000
vn 0.000000 0.000001 1.000000
vn 0.000000 0.000001 1.000000
vn 0.000000 -0.000002 1.000000
vn 0.000000 -0.000002 1.000000
vn 0.000000 -0.000002 1.000000
vn 0.258818 -0.965926 0.000000
vn 0.258818 -0.965926 0.000000
vn 0.258818 -0.965926 0.000000
vn 0.258818 -0.965926 0.000000
vn 0.258818 -0.965926 0.000000
vn 0.258818 -0.965926 0.000000
vn 0.965926 0.258819 -0.000000
vn 0.965926 0.258819 -0.000000
vn 0.965926 0.258819 -0.000000
vn 0.965926 0.258819 -0.000000
vn 0.965926 0.258819 -0.000000
vn 0.965926 0.258819 -0.000000
vn 0.366215 0.930530 -0.000000
vn 0.366215 0.930530 -0.000000
vn 0.366215 0.930530 -0.000000
vn 0.366225 0.930526 -0.000000
vn 0.366225 0.930526 -0.000000
vn 0.366225 0.930526 -0.000000
s off
g Shed pasted__GFBXASC045dindingFBXASC032kiriFBXASC032depan
usemtl pasted__GFBXASC045DindingFBXASC032belakangFBXASC032kiriSG
f 3655/3899/5966 3646/3692/5967 3652/3690/5968
f 3655/3899/5969 3652/3690/5970 3664/3898/5971
f 3787/3865/5972 3802/3672/5973 3805/3671/5974
f 3787/3865/5975 3805/3671/5976 3796/3864/5977
f 3953/3812/5978 3950/3993/5979 3947/3998/5980
f 3953/3812/5981 3947/3998/5982 3944/3822/5983
f 3728/4041/5984 3731/3915/5985 3721/3910/5986
f 3728/4041/5987 3721/3910/5988 3718/4039/5989
f 3602/3848/5990 3599/4010/5991 3614/4023/5992
f 3602/3848/5993 3614/4023/5994 3617/3878/5995
f 3745/3684/5996 3743/3687/5997 3752/3791/5998
f 3745/3684/5999 3752/3791/6000 3754/3783/6001
f 3649/3658/6002 3647/3655/6003 3656/3823/6004
f 3649/3658/6005 3656/3823/6006 3658/3834/6007
f 3859/3883/6008 3874/3680/6009 3877/3679/6010
f 3859/3883/6011 3877/3679/6012 3868/3882/6013
f 3751/3849/6014 3742/3665/6015 3748/3663/6016
f 3751/3849/6017 3748/3663/6018 3760/3846/6019
f 3703/3698/6020 3713/3688/6021 3710/3892/6022
f 3703/3698/6023 3710/3892/6024 3706/3914/6025
f 3595/3907/6026 3604/3696/6027 3598/3695/6028
f 3595/3907/6029 3598/3695/6030 3601/3905/6031
f 3770/4024/6032 3779/3880/6033 3781/3873/6034
f 3770/4024/6035 3781/3873/6036 3763/4022/6037
f 3618/3714/6038 3624/3731/6039 3639/3854/6040
f 3618/3714/6041 3639/3854/6042 3633/3748/6043
f 3626/3830/6044 3623/4001/6045 3638/4013/6046
f 3626/3830/6047 3638/4013/6048 3641/3856/6049
f 3978/3718/6050 3987/3752/6051 3981/3755/6052
f 3978/3718/6053 3981/3755/6054 3984/3742/6055
f 3761/3792/6056 3749/3987/6057 3740/3984/6058
f 3761/3792/6059 3740/3984/6060 3758/3784/6061
f 3709/3920/6062 3712/3701/6063 3700/3700/6064
f 3709/3920/6065 3700/3700/6066 3691/3917/6067
f 3872/4026/6068 3866/3884/6069 3862/3881/6070
f 3872/4026/6071 3862/3881/6072 3880/4025/6073
f 3750/3707/6074 3759/3724/6075 3756/3788/6076
f 3750/3707/6077 3756/3788/6078 3753/3739/6079
f 3732/3716/6080 3714/3733/6081 3720/3894/6082
f 3732/3716/6083 3720/3894/6084 3729/3750/6085
f 3650/4034/6086 3659/3900/6087 3661/3897/6088
f 3650/4034/6089 3661/3897/6090 3643/4032/6091
f 3692/3891/6092 3701/4030/6093 3695/4040/6094
f 3692/3891/6095 3695/4040/6096 3698/3913/6097
f 3636/3853/6098 3621/3953/6099 3627/3970/6100
f 3636/3853/6101 3627/3970/6102 3630/3937/6103
f 3775/3879/6104 3766/3678/6105 3772/3676/6106
f 3775/3879/6107 3772/3676/6108 3784/3874/6109
f 3934/3887/6110 3940/3682/6111 3949/3681/6112
f 3934/3887/6113 3949/3681/6114 3952/3886/6115
f 3746/4011/6116 3755/3850/6117 3757/3845/6118
f 3746/4011/6119 3757/3845/6120 3739/4009/6121
f 3956/4006/6122 3962/3840/6123 3967/3837/6124
f 3956/4006/6125 3967/3837/6126 3970/4005/6127
f 3869/3806/6128 3878/3991/6129 3881/3994/6130
f 3869/3806/6131 3881/3994/6132 3863/3813/6133
f 3834/3705/6134 3843/3722/6135 3837/3775/6136
f 3834/3705/6137 3837/3775/6138 3840/3737/6139
f 3991/3641/6140 3994/3643/6141 3979/3758/6142
f 3991/3641/6143 3979/3758/6144 3985/3802/6145
f 3668/3817/6146 3677/3997/6147 3671/4000/6148
f 3668/3817/6149 3671/4000/6150 3674/3827/6151
f 3708/3717/6152 3690/3734/6153 3696/3912/6154
f 3708/3717/6155 3696/3912/6156 3705/3751/6157
f 3632/4036/6158 3635/3904/6159 3640/3902/6160
f 3632/4036/6161 3640/3902/6162 3637/4035/6163
f 3631/3667/6164 3629/3657/6165 3620/3829/6166
f 3631/3667/6167 3620/3829/6168 3634/3855/6169
f 3810/3708/6170 3816/3725/6171 3831/3794/6172
f 3810/3708/6173 3831/3794/6174 3825/3740/6175
f 3799/3646/6176 3803/3636/6177 3788/3773/6178
f 3799/3646/6179 3788/3773/6180 3793/3766/6181
f 3969/3800/6182 3972/3948/6183 3963/3959/6184
f 3969/3800/6185 3963/3959/6186 3954/3930/6187
f 3769/3650/6188 3767/3645/6189 3776/3761/6190
f 3769/3650/6191 3776/3761/6192 3778/3807/6193
f 3955/3639/6194 3965/3642/6195 3959/3753/6196
f 3955/3639/6197 3959/3753/6198 3961/3795/6199
f 3835/3861/6200 3850/3670/6201 3853/3669/6202
f 3835/3861/6203 3853/3669/6204 3844/3860/6205
f 3717/3893/6206 3723/3955/6207 3735/3972/6208
f 3717/3893/6209 3735/3972/6210 3726/3939/6211
f 3957/3709/6212 3975/3726/6213 3966/3799/6214
f 3957/3709/6215 3966/3799/6216 3960/3741/6217
f 3818/3798/6218 3815/3989/6219 3830/3986/6220
f 3818/3798/6221 3830/3986/6222 3833/3790/6223
f 3811/3843/6224 3820/3662/6225 3814/3661/6226
f 3811/3843/6227 3814/3661/6228 3817/3841/6229
f 3608/4038/6230 3611/3908/6231 3616/3906/6232
f 3608/4038/6233 3616/3906/6234 3613/4037/6235
f 3733/3916/6236 3736/3699/6237 3724/3697/6238
f 3733/3916/6239 3724/3697/6240 3715/3909/6241
f 3612/3875/6242 3597/3954/6243 3603/3971/6244
f 3612/3875/6245 3603/3971/6246 3606/3938/6247
f 3992/4004/6248 3986/3836/6249 3982/3831/6250
f 3992/4004/6251 3982/3831/6252 4000/4002/6253
f 3900/3703/6254 3882/3720/6255 3888/3764/6256
f 3900/3703/6257 3888/3764/6258 3897/3735/6259
f 3619/3903/6260 3628/3694/6261 3622/3693/6262
f 3619/3903/6263 3622/3693/6264 3625/3901/6265
f 3945/3820/6266 3948/3950/6267 3939/3967/6268
f 3945/3820/6269 3939/3967/6270 3930/3934/6271
f 3654/3713/6272 3663/3730/6273 3660/3833/6274
f 3654/3713/6275 3660/3833/6276 3657/3747/6277
f 3884/3767/6278 3893/3979/6279 3887/3976/6280
f 3884/3767/6281 3887/3976/6282 3890/3759/6283
f 3642/3832/6284 3651/3952/6285 3645/3969/6286
f 3642/3832/6287 3645/3969/6288 3648/3936/6289
f 3914/3786/6290 3911/3985/6291 3926/3982/6292
f 3914/3786/6293 3926/3982/6294 3929/3778/6295
f 3797/3774/6296 3806/3981/6297 3809/3978/6298
f 3797/3774/6299 3809/3978/6300 3791/3765/6301
f 3823/3686/6302 3821/3640/6303 3812/3797/6304
f 3823/3686/6305 3812/3797/6306 3826/3789/6307
f 3774/3702/6308 3783/3719/6309 3780/3804/6310
f 3774/3702/6311 3780/3804/6312 3777/3743/6313
f 3920/4014/6314 3923/3858/6315 3928/3852/6316
f 3920/4014/6317 3928/3852/6318 3925/4012/6319
f 3847/3648/6320 3851/3638/6321 3836/3779/6322
f 3847/3648/6323 3836/3779/6324 3841/3772/6325
f 3828/3793/6326 3813/3947/6327 3819/3958/6328
f 3828/3793/6329 3819/3958/6330 3822/3929/6331
f 3958/3839/6332 3964/3660/6333 3973/3659/6334
f 3958/3839/6335 3973/3659/6336 3976/3838/6337
f 3871/3652/6338 3875/3649/6339 3860/3805/6340
f 3871/3652/6341 3860/3805/6342 3865/3814/6343
f 3907/3857/6344 3916/3668/6345 3910/3666/6346
f 3907/3857/6347 3910/3666/6348 3913/3851/6349
f 3933/3711/6350 3951/3728/6351 3942/3819/6352
f 3933/3711/6353 3942/3819/6354 3936/3745/6355
f 3885/3763/6356 3891/3942/6357 3903/3961/6358
f 3885/3763/6359 3903/3961/6360 3894/3924/6361
f 3665/3824/6362 3653/3999/6363 3644/4003/6364
f 3665/3824/6365 3644/4003/6366 3662/3835/6367
f 3607/3677/6368 3605/3664/6369 3596/3847/6370
f 3607/3677/6371 3596/3847/6372 3610/3877/6373
f 3845/3780/6374 3854/3983/6375 3857/3980/6376
f 3845/3780/6377 3857/3980/6378 3839/3771/6379
f 3848/4016/6380 3842/3862/6381 3838/3859/6382
f 3848/4016/6383 3838/3859/6384 3856/4015/6385
f 3594/3715/6386 3600/3732/6387 3615/3876/6388
f 3594/3715/6389 3615/3876/6390 3609/3749/6391
f 3858/3710/6392 3867/3727/6393 3861/3809/6394
f 3858/3710/6395 3861/3809/6396 3864/3744/6397
f 3669/3825/6398 3675/3951/6399 3687/3968/6400
f 3669/3825/6401 3687/3968/6402 3678/3935/6403
f 3896/4021/6404 3899/3871/6405 3889/3868/6406
f 3896/4021/6407 3889/3868/6408 3886/4019/6409
f 3685/3896/6410 3688/3689/6411 3676/3683/6412
f 3685/3896/6413 3676/3683/6414 3667/3889/6415
f 3855/3776/6416 3852/3944/6417 3849/3963/6418
f 3855/3776/6419 3849/3963/6420 3846/3926/6421
f 3785/3762/6422 3773/3977/6423 3764/3992/6424
f 3785/3762/6425 3764/3992/6426 3782/3808/6427
f 3932/4028/6428 3938/3888/6429 3943/3885/6430
f 3932/4028/6431 3943/3885/6432 3946/4027/6433
f 3716/3869/6434 3725/4020/6435 3719/4033/6436
f 3716/3869/6437 3719/4033/6438 3722/3921/6439
f 3738/3787/6440 3747/3946/6441 3741/3965/6442
f 3738/3787/6443 3741/3965/6444 3744/3928/6445
f 3824/4008/6446 3827/3844/6447 3832/3842/6448
f 3824/4008/6449 3832/3842/6450 3829/4007/6451
f 3762/3803/6452 3771/3941/6453 3765/3960/6454
f 3762/3803/6455 3765/3960/6456 3768/3932/6457
f 3704/4043/6458 3707/3919/6459 3697/3918/6460
f 3704/4043/6461 3697/3918/6462 3694/4042/6463
f 3998/3975/6464 4001/3990/6465 3983/3801/6466
f 3998/3975/6467 3983/3801/6468 3989/3757/6469
f 3684/3712/6470 3666/3729/6471 3672/3826/6472
f 3684/3712/6473 3672/3826/6474 3681/3746/6475
f 3924/3781/6476 3909/3945/6477 3915/3964/6478
f 3924/3781/6479 3915/3964/6480 3918/3927/6481
f 3679/3656/6482 3689/3653/6483 3686/3818/6484
f 3679/3656/6485 3686/3818/6486 3682/3828/6487
f 3906/3706/6488 3912/3723/6489 3927/3782/6490
f 3906/3706/6491 3927/3782/6492 3921/3738/6493
f 3693/3911/6494 3699/3956/6495 3711/3973/6496
f 3693/3911/6497 3711/3973/6498 3702/3940/6499
f 3895/3644/6500 3905/3647/6501 3902/3768/6502
f 3895/3644/6503 3902/3768/6504 3898/3760/6505
f 3727/3691/6506 3737/3674/6507 3734/3870/6508
f 3727/3691/6509 3734/3870/6510 3730/3922/6511
f 3807/3770/6512 3804/3943/6513 3801/3962/6514
f 3807/3770/6515 3801/3962/6516 3798/3925/6517
f 3999/3756/6518 3996/3923/6519 3993/3957/6520
f 3999/3756/6521 3993/3957/6522 3990/3931/6523
f 3931/3654/6524 3941/3651/6525 3935/3811/6526
f 3931/3654/6527 3935/3811/6528 3937/3821/6529
f 3901/3872/6530 3904/3675/6531 3892/3673/6532
f 3901/3872/6533 3892/3673/6534 3883/3867/6535
f 3680/4031/6536 3683/3895/6537 3673/3890/6538
f 3680/4031/6539 3673/3890/6540 3670/4029/6541
f 3919/3637/6542 3917/3685/6543 3908/3785/6544
f 3919/3637/6545 3908/3785/6546 3922/3777/6547
f 3786/3704/6548 3795/3721/6549 3789/3769/6550
f 3786/3704/6551 3789/3769/6552 3792/3736/6553
f 3879/3810/6554 3876/3949/6555 3873/3966/6556
f 3879/3810/6557 3873/3966/6558 3870/3933/6559
f 3800/4018/6560 3794/3866/6561 3790/3863/6562
f 3800/4018/6563 3790/3863/6564 3808/4017/6565
f 3977/3754/6566 3974/3974/6567 3971/3988/6568
f 3977/3754/6569 3971/3988/6570 3968/3796/6571
f 3980/3815/6572 3995/3995/6573 3997/3996/6574
f 3980/3815/6575 3997/3996/6576 3988/3816/6577
g default
v -1.504253 15.553479 8.534459
v -1.504253 15.553479 8.534459
v -1.504253 15.553479 8.534459
v 3.832497 19.139408 -2.671765
v 3.832497 19.139408 -2.671765
v 3.832497 19.139408 -2.671765
v -1.504253 15.553471 -2.671764
v -1.504253 15.553471 -2.671764
v -1.504253 15.553471 -2.671764
v 3.832497 19.139402 8.534457
v 3.832497 19.139402 8.534457
v 3.832497 19.139402 8.534457
v 9.155214 15.513669 8.534447
v 9.155214 15.513669 8.534447
v 9.155214 15.513669 8.534447
v 9.155214 15.513676 -2.671775
v 9.155214 15.513676 -2.671775
v 9.155214 15.513676 -2.671775
v 8.966330 15.387296 8.534441
v 9.104962 15.292829 8.534445
v 9.104962 15.292829 8.534445
v 8.911435 15.424680 8.534446
v 3.832154 18.775419 8.534464
v -1.260726 15.462522 8.534468
v -1.454629 15.332242 8.534451
v -1.454629 15.332242 8.534451
v 9.104962 15.292835 8.393698
v 9.104962 15.292829 -2.531015
v 9.104962 15.292835 -2.671762
v 9.104962 15.292835 -2.671762
v -1.454629 15.332249 8.393704
v -1.454629 15.332242 -2.531024
v -1.454629 15.332249 -2.671772
v -1.454629 15.332249 -2.671772
v 3.832154 18.884586 -2.671768
v 8.966330 15.387296 8.534441
v 8.966330 15.387296 8.534441
v 9.104962 15.292829 8.534445
v 9.104962 15.292829 8.534445
v 9.104962 15.292829 8.534445
v 8.911435 15.424680 8.534446
v 3.832154 18.775419 8.534464
v 3.832154 18.775419 8.534464
v -1.260726 15.462522 8.534468
v -1.454629 15.332242 8.534451
v -1.454629 15.332242 8.534451
v 9.104962 15.292835 8.393698
v 9.104962 15.292835 8.393698
v 9.104962 15.292835 8.393698
v 9.104962 15.292835 8.393698
v 9.104962 15.292835 8.393698
v 9.104962 15.292829 -2.531015
v 9.104962 15.292829 -2.531015
v 9.104962 15.292829 -2.531015
v 9.104962 15.292829 -2.531015
v 9.104962 15.292829 -2.531015
v 9.104962 15.292835 -2.671762
v 9.104962 15.292835 -2.671762
v 9.104962 15.292835 -2.671762
v -1.454629 15.332249 8.393704
v -1.454629 15.332249 8.393704
v -1.454629 15.332249 8.393704
v -1.454629 15.332249 8.393704
v -1.454629 15.332242 -2.531024
v -1.454629 15.332242 -2.531024
v -1.454629 15.332242 -2.531024
v -1.454629 15.332242 -2.531024
v -1.454629 15.332242 -2.531024
v -1.454629 15.332249 -2.671772
v -1.454629 15.332249 -2.671772
v -1.454629 15.332249 -2.671772
v 9.104962 14.332837 -2.531027
v 9.104962 14.332837 -2.531027
v 9.104962 14.332837 -2.531027
v 9.104962 14.332837 -2.531027
v 9.104962 14.332837 -2.531027
v 9.104962 14.332837 -2.531027
v 9.104962 14.332844 8.393702
v 9.104962 14.332844 8.393702
v 9.104962 14.332844 8.393702
v 9.104962 14.332844 8.393702
v 9.104962 14.332844 8.393702
v 9.104962 14.332844 8.393702
v -1.454629 14.372235 8.534454
v -1.454629 14.372235 8.534454
v -1.454629 14.372235 8.534454
v -1.454629 14.372242 8.393707
v -1.454629 14.372242 8.393707
v -1.454629 14.372242 8.393707
v -1.454629 14.372242 8.393707
v -1.454629 14.372242 8.393707
v -1.454629 14.372242 8.393707
v 3.832154 18.884594 -2.531021
v 3.832154 18.884594 -2.531021
v 3.832154 18.884594 -2.531021
v 3.832154 18.884594 -2.531021
v 3.832154 18.884594 -2.531021
v 3.832154 18.884594 -2.531021
v 3.832154 18.884594 -2.531021
v -1.315935 15.425412 -2.531014
v -1.315935 15.425412 -2.531014
v -1.315935 15.425412 -2.531014
v -1.315935 15.425412 -2.531014
v -1.315935 15.425412 -2.531014
v -1.315935 15.425412 -2.531014
v -1.315935 15.425412 -2.531014
v 3.832154 18.884586 -2.671768
v 3.832154 18.884586 -2.671768
v 3.832154 18.884586 -2.671768
v 3.832154 18.884586 -2.671768
v 3.832154 18.884586 -2.671768
v 3.832154 17.938297 -2.671768
v 3.832154 17.938297 -2.671768
v 3.832154 17.938297 -2.671768
v 3.832154 17.938297 -2.671768
v 3.832154 17.938297 -2.671768
v -1.454629 14.372242 -2.671768
v -1.454629 14.372242 -2.671768
v -1.454629 14.372242 -2.671768
v 9.104962 14.332844 -2.671774
v 9.104962 14.332844 -2.671774
v 9.104962 14.332844 -2.671774
v 9.104962 14.332837 8.534449
v 9.104962 14.332837 8.534449
v 9.104962 14.332837 8.534449
v 8.966330 15.387280 -2.531019
v 8.966330 15.387280 -2.531019
v 8.966330 15.387280 -2.531019
v 8.966330 15.387280 -2.531019
v 8.966330 15.387280 -2.531019
v 8.966330 15.387280 -2.531019
v 8.966330 15.387280 -2.531019
v -1.454629 14.372235 -2.531021
v -1.454629 14.372235 -2.531021
v -1.454629 14.372235 -2.531021
v -1.454629 14.372235 -2.531021
v -1.454629 14.372235 -2.531021
v -1.454629 14.372235 -2.531021
v -1.315935 14.461842 8.393718
v -1.315935 14.461842 8.393718
v -1.315935 14.461842 8.393718
v -1.315935 14.461842 8.393718
v -1.315935 14.461842 8.393718
v -1.315935 15.425419 8.393700
v -1.315935 15.425419 8.393700
v -1.315935 15.425419 8.393700
v -1.315935 15.425419 8.393700
v -1.315935 15.425419 8.393700
v 3.832154 17.788425 8.393708
v 3.832154 17.788425 8.393708
v 3.832154 17.788425 8.393708
v 3.832154 17.788425 8.393708
v 3.832154 18.884571 8.393723
v 3.832154 18.884571 8.393723
v 3.832154 18.884571 8.393723
v 3.832154 18.884571 8.393723
v -1.315935 14.372242 8.393707
v -1.315935 14.372242 8.393707
v -1.315935 14.372242 8.393707
v 3.832154 17.938305 -2.531021
v 3.832154 17.938305 -2.531021
v 3.832154 17.938305 -2.531021
v 3.832154 17.938305 -2.531021
v 3.832154 17.938305 -2.531021
v 8.966330 14.427655 -2.531017
v 8.966330 14.427655 -2.531017
v 8.966330 14.427655 -2.531017
v 8.966330 14.427655 -2.531017
v 8.966330 14.427655 -2.531017
v 8.966330 15.387302 8.393694
v 8.966330 15.387302 8.393694
v 8.966330 15.387302 8.393694
v 8.966330 15.387302 8.393694
v 8.966330 15.387302 8.393694
v 8.966330 15.387302 8.393694
v -1.315935 14.465772 -2.531026
v -1.315935 14.465772 -2.531026
v -1.315935 14.465772 -2.531026
v -1.315935 14.465772 -2.531026
v -1.315935 14.465772 -2.531026
v -1.315935 14.372235 -2.531021
v -1.315935 14.372235 -2.531021
v -1.315935 14.372235 -2.531021
v -1.315935 14.372235 -2.531021
v 8.966330 14.423710 8.393711
v 8.966330 14.423710 8.393711
v 8.966330 14.423710 8.393711
v 8.966330 14.423710 8.393711
v 8.966330 14.423710 8.393711
v 8.966330 14.332837 -2.531027
v 8.966330 14.332837 -2.531027
v 8.966330 14.332837 -2.531027
v 8.966330 14.332837 -2.531027
v 8.966330 14.332844 8.393702
v 8.966330 14.332844 8.393702
v 8.966330 14.332844 8.393702
v 3.832154 17.788435 8.534455
v 3.832154 17.788435 8.534455
v 3.832154 17.788435 8.534455
v 3.832154 17.788435 8.534455
vt 0.282904 0.476962
vt 0.282904 0.476962
vt 0.282904 0.476962
vt 0.286278 0.476962
vt 0.286284 0.476962
vt 0.294842 0.476962
vt 0.294842 0.476962
vt 0.309303 0.476962
vt 0.312448 0.476962
vt 0.313691 0.476962
vt 0.338816 0.476962
vt 0.338816 0.476962
vt 0.510066 0.476962
vt 0.282905 0.476962
vt 0.288879 0.476962
vt 0.282904 0.476962
vt 0.394380 0.476962
vt 0.294879 0.479288
vt 0.288873 0.479320
vt 0.312448 0.480107
vt 0.312448 0.480107
vt 0.313691 0.480107
vt 0.294629 0.481510
vt 0.295820 0.481510
vt 0.308447 0.481510
vt 0.391096 0.482236
vt 0.403918 0.482236
vt 0.391198 0.482473
vt 0.404019 0.482473
vt 0.312448 0.483252
vt 0.313639 0.483252
vt 0.391096 0.485442
vt 0.403918 0.485442
vt 0.391198 0.485678
vt 0.404019 0.485678
vt 0.338467 0.498001
vt 0.338467 0.498894
vt 0.294842 0.500838
vt 0.325879 0.503002
vt 0.294842 0.503151
vt 0.288873 0.503187
vt 0.335977 0.504107
vt 0.337622 0.507674
vt 0.335614 0.508544
vt 0.323636 0.508740
vt 0.323669 0.513191
vt 0.452329 0.522952
vt 0.358779 0.523824
vt 0.356252 0.523848
vt 0.451911 0.524049
vt 0.353868 0.524715
vt 0.452359 0.526157
vt 0.356282 0.527053
vt 0.451932 0.527254
vt 0.356468 0.527903
vt 0.353889 0.527921
vt 0.495960 0.555224
vt 0.069848 0.555224
vt 0.527997 0.567661
vt 0.037811 0.567661
vt 0.325428 0.574056
vt 0.337514 0.578479
vt 0.176623 0.583688
vt 0.182910 0.583730
vt 0.179553 0.583730
vt 0.179964 0.584831
vt 0.179553 0.584831
vt 0.176178 0.584831
vt 0.324486 0.590946
vt 0.323484 0.592372
vt 0.310228 0.593333
vt 0.310773 0.596069
vt 0.311477 0.596869
vt 0.310981 0.597113
vt 0.322218 0.597875
vt 0.322262 0.601319
vt 0.322865 0.601914
vt 0.322279 0.602682
vt 0.335931 0.629872
vt 0.324781 0.634092
vt 0.335878 0.634680
vt 0.335535 0.636265
vt 0.338747 0.636280
vt 0.466460 0.637723
vt 0.469900 0.637762
vt 0.337676 0.638628
vt 0.468123 0.638628
vt 0.336694 0.638832
vt 0.323874 0.639187
vt 0.338711 0.639485
vt 0.323757 0.640847
vt 0.469863 0.640967
vt 0.337676 0.641834
vt 0.464702 0.641834
vt 0.468123 0.641834
vt 0.338816 0.696041
vt 0.394380 0.696041
vt 0.282904 0.699216
vt 0.391360 0.710222
vt 0.404181 0.710222
vt 0.404792 0.710263
vt 0.391971 0.710263
vt 0.307828 0.712433
vt 0.295248 0.712433
vt 0.404181 0.713427
vt 0.391360 0.713427
vt 0.404792 0.713468
vt 0.391971 0.713468
vt 0.282904 0.714664
vt 0.288873 0.714681
vt 0.290206 0.717207
vt 0.290491 0.717207
vt 0.293351 0.717207
vt 0.294966 0.717207
vt 0.296140 0.717207
vt 0.303071 0.717207
vt 0.308767 0.717207
vt 0.322266 0.718467
vt 0.338816 0.720872
vt 0.510066 0.721083
vt 0.282904 0.721084
vt 0.288873 0.721084
vt 0.288878 0.721084
vt 0.309303 0.721084
vt 0.312448 0.721084
vt 0.282904 0.721084
vt 0.286278 0.721084
vt 0.286284 0.721084
vt 0.282904 0.721084
vt 0.282904 0.721084
vt 0.282904 0.721084
vt 0.338468 0.721084
vt 0.310211 0.722971
vt 0.321132 0.723404
vt 0.310208 0.723663
vt 0.309992 0.724715
vt 0.294629 0.725632
vt 0.308447 0.725632
vt 0.309296 0.727836
vt 0.322535 0.728333
vt 0.321710 0.729450
vt 0.687992 0.929057
vt 0.931208 0.929057
vt 0.693223 0.929667
vt 0.935782 0.929667
vt 0.288873 0.476962
vt 0.282904 0.476962
vt 0.290206 0.473085
vt 0.290491 0.473085
vt 0.293351 0.473085
vt 0.294966 0.473085
vt 0.303071 0.473085
vt 0.308767 0.473085
vt 0.295248 0.468311
vt 0.307828 0.468311
vt 0.693223 0.456509
vt 0.935782 0.456509
vt 0.687992 0.455044
vt 0.931208 0.455044
vt 0.336696 0.451456
vt 0.322948 0.446424
vt 0.527997 0.439561
vt 0.037811 0.439036
vt 0.495960 0.427076
vt 0.069848 0.427076
vt 0.498036 0.399663
vt 0.754997 0.399663
vt 0.497158 0.398632
vt 0.241277 0.398632
vt 0.840629 0.386553
vt 0.835391 0.385018
vt 0.842849 0.382142
vt 0.837763 0.380627
vt 0.840812 0.374896
vt 0.926766 0.224407
vt 0.918379 0.224348
vt 0.926629 0.223907
vt 0.920586 0.223897
vt 0.498036 0.220795
vt 0.754997 0.220795
vt 0.497158 0.220370
vt 0.241277 0.220370
vt 0.496352 0.219798
vt 0.244243 0.219798
vt 0.497190 0.219743
vt 0.758211 0.219743
vt 0.493185 0.215591
vt 0.496352 0.215591
vt 0.247409 0.215591
vt 0.244243 0.215591
vt 0.497190 0.215388
vt 0.500468 0.215388
vt 0.754933 0.215388
vt 0.758211 0.215388
vt 0.842406 0.072950
vt 0.841558 0.071314
vt 0.839415 0.067180
vt 0.844516 0.065731
vt 0.836326 0.062349
vt 0.841573 0.060833
vn 0.000000 0.000000 1.000000
vn 0.000000 0.000000 1.000000
vn 0.000000 0.000000 1.000000
vn 0.000000 0.000000 1.000000
vn 0.000000 0.000000 1.000000
vn 0.000000 0.000000 1.000000
vn 0.000000 0.000001 1.000000
vn 0.000000 0.000001 1.000000
vn 0.000000 0.000001 1.000000
vn 0.000000 0.000000 1.000000
vn 0.000000 0.000000 1.000000
vn 0.000000 0.000000 1.000000
vn 0.000000 0.000000 1.000000
vn 0.000000 0.000000 1.000000
vn 0.000000 0.000000 1.000000
vn 0.000000 0.000000 1.000000
vn 0.000000 0.000000 1.000000
vn 0.000000 0.000000 1.000000
vn 0.000000 0.000000 1.000000
vn 0.000000 0.000000 1.000000
vn 0.000000 0.000000 1.000000
vn -0.557722 0.830028 -0.000000
vn -0.557722 0.830028 -0.000000
vn -0.557722 0.830028 -0.000000
vn -0.557722 0.830028 -0.000000
vn -0.557722 0.830028 -0.000000
vn -0.557722 0.830028 -0.000000
vn 0.562979 0.826471 -0.000000
vn 0.562979 0.826471 -0.000000
vn 0.562979 0.826471 -0.000000
vn 0.562979 0.826471 -0.000000
vn 0.562979 0.826471 -0.000000
vn 0.562979 0.826471 -0.000000
vn 0.000000 -0.000003 -1.000000
vn 0.000000 -0.000003 -1.000000
vn 0.000000 -0.000003 -1.000000
vn 0.000000 -0.000004 -1.000000
vn 0.000000 -0.000004 -1.000000
vn 0.000000 -0.000004 -1.000000
vn 0.000000 -0.000000 -1.000000
vn 0.000000 -0.000000 -1.000000
vn 0.000000 -0.000000 -1.000000
vn 0.000000 0.000008 -1.000000
vn 0.000000 0.000008 -1.000000
vn 0.000000 0.000008 -1.000000
vn -0.975756 -0.218862 0.000000
vn -0.975756 -0.218862 0.000000
vn -0.975756 -0.218862 0.000000
vn -0.975756 -0.218862 0.000000
vn -0.975756 -0.218862 0.000000
vn -0.975756 -0.218862 0.000000
vn -0.975756 -0.218862 0.000000
vn -0.975756 -0.218862 0.000000
vn -0.975756 -0.218862 0.000000
vn -0.975757 -0.218856 0.000000
vn -0.975757 -0.218856 0.000000
vn -0.975757 -0.218856 0.000000
vn 0.975108 -0.221729 0.000000
vn 0.975108 -0.221729 0.000000
vn 0.975108 -0.221729 0.000000
vn 0.975108 -0.221729 0.000000
vn 0.975108 -0.221729 0.000000
vn 0.975108 -0.221729 0.000000
vn 0.975108 -0.221729 0.000000
vn 0.975108 -0.221729 0.000000
vn 0.975108 -0.221729 0.000000
vn 0.975108 -0.221733 0.000000
vn 0.975108 -0.221733 0.000000
vn 0.975108 -0.221733 0.000000
vn 0.557723 -0.830027 0.000000
vn 0.557723 -0.830027 0.000000
vn 0.557723 -0.830027 0.000000
vn 0.557722 -0.830028 0.000000
vn 0.557722 -0.830028 0.000000
vn 0.557722 -0.830028 0.000000
vn -1.000000 0.000000 0.000000
vn -1.000000 0.000000 0.000000
vn -1.000000 0.000000 0.000000
vn -1.000000 0.000000 0.000000
vn -1.000000 0.000000 0.000000
vn -1.000000 0.000000 0.000000
vn 0.000000 -0.000000 -1.000000
vn 0.000000 -0.000000 -1.000000
vn 0.000000 -0.000000 -1.000000
vn 0.000000 -0.000000 -1.000000
vn 0.000000 -0.000000 -1.000000
vn 0.000000 -0.000000 -1.000000
vn -1.000000 0.000000 0.000000
vn -1.000000 0.000000 0.000000
vn -1.000000 0.000000 0.000000
vn -1.000000 0.000000 0.000000
vn -1.000000 0.000000 0.000000
vn -1.000000 0.000000 0.000000
vn 1.000000 0.000000 0.000000
vn 1.000000 0.000000 0.000000
vn 1.000000 0.000000 0.000000
vn 1.000000 0.000000 0.000000
vn 1.000000 0.000000 0.000000
vn 1.000000 0.000000 0.000000
vn -0.562979 -0.826471 0.000000
vn -0.562979 -0.826471 0.000000
vn -0.562979 -0.826471 0.000000
vn -0.562979 -0.826471 0.000000
vn -0.562979 -0.826471 0.000000
vn -0.562979 -0.826471 0.000000
vn 0.000000 0.000000 1.000000
vn 0.000000 0.000000 1.000000
vn 0.000000 0.000000 1.000000
vn 0.000000 0.000000 1.000000
vn 0.000000 0.000000 1.000000
vn 0.000000 0.000000 1.000000
vn -1.000000 0.000000 0.000000
vn -1.000000 0.000000 0.000000
vn -1.000000 0.000000 0.000000
vn -1.000000 0.000000 0.000000
vn -1.000000 0.000000 0.000000
vn -1.000000 0.000000 0.000000
vn -0.562978 -0.826472 0.000000
vn -0.562978 -0.826472 0.000000
vn -0.562978 -0.826472 0.000000
vn -0.562980 -0.826470 0.000000
vn -0.562980 -0.826470 0.000000
vn -0.562980 -0.826470 0.000000
vn -0.562914 -0.826516 0.000210
vn -0.562914 -0.826516 0.000210
vn -0.562914 -0.826516 0.000210
vn -1.000000 0.000000 0.000000
vn -1.000000 0.000000 0.000000
vn -1.000000 0.000000 0.000000
vn -1.000000 0.000000 0.000000
vn -1.000000 0.000000 0.000000
vn -1.000000 0.000000 0.000000
vn 0.557721 -0.830029 0.000000
vn 0.557721 -0.830029 0.000000
vn 0.557721 -0.830029 0.000000
vn 0.557723 -0.830027 0.000000
vn 0.557723 -0.830027 0.000000
vn 0.557723 -0.830027 0.000000
vn 0.557723 -0.830027 0.000001
vn 0.557723 -0.830027 0.000001
vn 0.557723 -0.830027 0.000001
vn -0.564444 -0.825471 0.000000
vn -0.564444 -0.825471 0.000000
vn -0.564444 -0.825471 0.000000
vn -0.564446 -0.825470 0.000000
vn -0.564446 -0.825470 0.000000
vn -0.564446 -0.825470 0.000000
vn -0.564381 -0.825515 0.000000
vn -0.564381 -0.825515 0.000000
vn -0.564381 -0.825515 0.000000
vn 1.000000 0.000000 0.000000
vn 1.000000 0.000000 0.000000
vn 1.000000 0.000000 0.000000
vn 1.000000 0.000000 0.000000
vn 1.000000 0.000000 0.000000
vn 1.000000 0.000000 0.000000
vn 1.000000 -0.000000 -0.000000
vn 1.000000 -0.000000 -0.000000
vn 1.000000 -0.000000 -0.000000
vn 0.000000 0.000000 1.000000
vn 0.000000 0.000000 1.000000
vn 0.000000 0.000000 1.000000
vn 0.000000 0.000000 1.000000
vn 0.000000 0.000000 1.000000
vn 0.000000 0.000000 1.000000
vn 0.000000 0.000000 1.000000
vn 0.000000 0.000000 1.000000
vn 0.000000 0.000000 1.000000
vn 0.000000 -1.000000 0.000000
vn 0.000000 -1.000000 0.000000
vn 0.000000 -1.000000 0.000000
vn 0.000000 -1.000000 0.000000
vn 0.000000 -1.000000 0.000000
vn 0.000000 -1.000000 0.000000
vn -0.562979 -0.826471 0.000000
vn -0.562979 -0.826471 0.000000
vn -0.562979 -0.826471 0.000000
vn -0.562979 -0.826471 0.000000
vn -0.562979 -0.826471 0.000000
vn -0.562979 -0.826471 0.000000
vn 0.557722 -0.830028 0.000000
vn 0.557722 -0.830028 0.000000
vn 0.557722 -0.830028 0.000000
vn 0.557722 -0.830028 0.000000
vn 0.557722 -0.830028 0.000000
vn 0.557722 -0.830028 0.000000
vn 0.000000 -0.000000 -1.000000
vn 0.000000 -0.000000 -1.000000
vn 0.000000 -0.000000 -1.000000
vn 0.000000 -0.000000 -1.000000
vn 0.000000 -0.000000 -1.000000
vn 0.000000 -0.000000 -1.000000
vn 0.000000 -0.000000 -1.000000
vn 0.000000 -0.000000 -1.000000
vn 0.000000 -0.000000 -1.000000
vn 0.000000 -0.000000 -1.000000
vn 0.000000 -0.000000 -1.000000
vn 0.000000 -0.000000 -1.000000
vn 0.559202 -0.829032 0.000000
vn 0.559202 -0.829032 0.000000
vn 0.559202 -0.829032 0.000000
vn 0.559163 -0.829058 0.000042
vn 0.559189 -0.829040 -0.000012
vn 0.559203 -0.829031 0.000002
vn 0.559208 -0.829028 0.000000
vn 0.559208 -0.829028 0.000000
vn 0.559208 -0.829028 0.000000
vn 0.000000 -0.000000 -1.000000
vn 0.000000 -0.000000 -1.000000
vn 0.000000 -0.000000 -1.000000
vn 0.000000 -0.000000 -1.000000
vn 0.000000 -0.000000 -1.000000
vn 0.000000 -0.000000 -1.000000
vn 0.000000 -0.000000 -1.000000
vn 0.000000 -0.000000 -1.000000
vn 0.000000 -0.000000 -1.000000
vn 0.542730 -0.839907 0.000000
vn 0.542730 -0.839907 0.000000
vn 0.542730 -0.839907 0.000000
vn 0.542730 -0.839907 0.000000
vn 0.542730 -0.839907 0.000000
vn 0.542730 -0.839907 0.000000
vn 0.542732 -0.839906 0.000107
vn 0.542732 -0.839906 0.000107
vn 0.542732 -0.839906 0.000107
vn -1.000000 0.000000 0.000000
vn -1.000000 0.000000 0.000000
vn -1.000000 0.000000 0.000000
vn -1.000000 0.000000 0.000000
vn -1.000000 0.000000 0.000000
vn -1.000000 0.000000 0.000000
vn -1.000000 0.000000 0.000000
vn -1.000000 0.000000 0.000000
vn -1.000000 0.000000 0.000000
vn 0.000000 0.000000 1.000000
vn 0.000000 0.000000 1.000000
vn 0.000000 0.000000 1.000000
vn -0.548137 -0.836388 0.000000
vn -0.548137 -0.836388 0.000000
vn -0.548137 -0.836388 0.000000
vn -0.548137 -0.836388 0.000000
vn -0.548137 -0.836388 0.000000
vn -0.548137 -0.836388 0.000000
vn -0.548137 -0.836388 0.000000
vn -0.548137 -0.836388 0.000000
vn -0.548137 -0.836388 0.000000
vn -0.562979 -0.826471 0.000000
vn -0.562979 -0.826471 0.000000
vn -0.562979 -0.826471 0.000000
vn -0.562979 -0.826471 0.000000
vn -0.562979 -0.826471 0.000000
vn -0.562979 -0.826471 0.000000
vn 0.000000 -0.000000 -1.000000
vn 0.000000 -0.000000 -1.000000
vn 0.000000 -0.000000 -1.000000
vn 0.000000 -0.000000 -1.000000
vn 0.000000 -0.000000 -1.000000
vn 0.000000 -0.000000 -1.000000
vn 0.000000 -0.000000 -1.000000
vn 0.000000 -0.000000 -1.000000
vn 0.000000 -0.000000 -1.000000
vn 1.000000 0.000000 0.000000
vn 1.000000 0.000000 0.000000
vn 1.000000 0.000000 0.000000
vn 1.000000 0.000000 0.000000
vn 1.000000 0.000000 0.000000
vn 1.000000 0.000000 0.000000
vn 0.000000 -0.000000 -1.000000
vn 0.000000 -0.000000 -1.000000
vn 0.000000 -0.000000 -1.000000
vn 0.000000 -1.000000 0.000000
vn 0.000000 -1.000000 0.000000
vn 0.000000 -1.000000 0.000000
vn 0.000000 -1.000000 0.000000
vn 0.000000 -1.000000 0.000000
vn 0.000000 -1.000000 0.000000
vn 0.000000 0.000000 1.000000
vn 0.000000 0.000000 1.000000
vn 0.000000 0.000000 1.000000
vn 0.000000 0.000000 1.000000
vn 0.000000 0.000000 1.000000
vn 0.000000 0.000000 1.000000
vn 0.000000 0.000000 1.000000
vn 0.000000 0.000000 1.000000
vn 0.000000 0.000000 1.000000
vn 0.000000 0.000000 1.000000
vn 0.000000 0.000000 1.000000
vn 0.000000 0.000000 1.000000
vn 0.000000 0.000000 1.000000
vn 0.000000 0.000000 1.000000
vn 0.000000 0.000000 1.000000
vn 0.000000 0.000000 1.000000
vn 0.000000 0.000000 1.000000
vn 0.000000 0.000000 1.000000
vn 0.000000 0.000000 1.000000
vn 0.000000 0.000000 1.000000
vn 0.000000 0.000000 1.000000
vn 0.000000 -0.000002 1.000000
vn 0.000000 -0.000002 1.000000
vn 0.000000 -0.000002 1.000000
vn 0.000000 0.000000 1.000000
vn 0.000000 0.000000 1.000000
vn 0.000000 0.000000 1.000000
vn 0.000000 0.000000 1.000000
vn 0.000000 0.000000 1.000000
vn 0.000000 0.000000 1.000000
vn 0.000000 0.000000 1.000000
vn 0.000000 0.000000 1.000000
vn 0.000000 0.000000 1.000000
vn 0.000000 0.000000 1.000000
vn 0.000000 0.000000 1.000000
vn 0.000000 0.000000 1.000000
vn 1.000000 0.000000 0.000000
vn 1.000000 0.000000 0.000000
vn 1.000000 0.000000 0.000000
vn 1.000000 0.000000 0.000000
vn 1.000000 0.000000 0.000000
vn 1.000000 0.000000 0.000000
vn 0.000000 -0.000000 -1.000000
vn 0.000000 -0.000000 -1.000000
vn 0.000000 -0.000000 -1.000000
vn 0.000000 -0.000000 -1.000000
vn 0.000000 -0.000000 -1.000000
vn 0.000000 -0.000000 -1.000000
s off
g Shed pasted__GFBXASC045atap
usemtl pasted__GFBXASC045atapSG
f 4020/4239/6578 4021/4240/6579 4014/4241/6580
f 4011/4218/6581 4002/4215/6582 4026/4216/6583
f 4011/4218/6584 4026/4216/6585 4025/4217/6586
f 4020/4239/6587 4014/4241/6588 4011/4218/6589
f 4023/4238/6590 4020/4239/6591 4011/4218/6592
f 4011/4218/6593 4025/4217/6594 4024/4219/6595
f 4023/4238/6596 4011/4218/6597 4024/4219/6598
f 4003/4224/6599 4013/4211/6600 4007/4212/6601
f 4003/4224/6602 4007/4212/6603 4009/4225/6604
f 4015/4222/6605 4018/4223/6606 4006/4210/6607
f 4015/4222/6608 4006/4210/6609 4012/4209/6610
f 4036/4221/6611 4034/4242/6612 4008/4243/6613
f 4005/4220/6614 4017/4213/6615 4030/4214/6616
f 4036/4221/6617 4008/4243/6618 4005/4220/6619
f 4036/4221/6620 4005/4220/6621 4030/4214/6622
f 4032/4230/6623 4027/4231/6624 4004/4226/6625
f 4004/4226/6626 4010/4227/6627 4035/4233/6628
f 4033/4232/6629 4032/4230/6630 4004/4226/6631
f 4004/4226/6632 4035/4233/6633 4033/4232/6634
f 4029/4236/6635 4031/4237/6636 4019/4229/6637
f 4019/4229/6638 4016/4228/6639 4022/4234/6640
f 4028/4235/6641 4029/4236/6642 4019/4229/6643
f 4019/4229/6644 4022/4234/6645 4028/4235/6646
usemtl pasted__GFBXASC045DindingFBXASC032belakangFBXASC032kiriSG
f 4066/4170/6647 4106/4172/6648 4147/4046/6649
f 4066/4170/6650 4147/4046/6651 4062/4047/6652
f 4112/4139/6653 4117/4055/6654 4165/4060/6655
f 4112/4139/6656 4165/4060/6657 4100/4140/6658
f 4058/4116/6659 4121/4113/6660 4113/4177/6661
f 4058/4116/6662 4113/4177/6663 4108/4182/6664
f 4063/4195/6665 4068/4159/6666 4138/4155/6667
f 4063/4195/6668 4138/4155/6669 4092/4192/6670
f 4083/4150/6671 4050/4151/6672 4040/4145/6673
f 4083/4150/6674 4040/4145/6675 4125/4144/6676
f 4052/4163/6677 4041/4173/6678 4038/4044/6679
f 4052/4163/6680 4038/4044/6681 4174/4056/6682
f 4162/4125/6683 4095/4134/6684 4102/4089/6685
f 4162/4125/6686 4102/4089/6687 4178/4087/6688
f 4072/4142/6689 4120/4143/6690 4139/4148/6691
f 4072/4142/6692 4139/4148/6693 4069/4149/6694
f 4111/4058/6695 4060/4166/6696 4056/4174/6697
f 4132/4152/6698 4098/4057/6699 4111/4058/6700
f 4056/4174/6701 4132/4152/6702 4111/4058/6703
f 4064/4071/6704 4093/4072/6705 4087/4078/6706
f 4064/4071/6707 4087/4078/6708 4047/4077/6709
f 4071/4164/6710 4110/4190/6711 4096/4189/6712
f 4104/4153/6713 4067/4165/6714 4071/4164/6715
f 4096/4189/6716 4104/4153/6717 4071/4164/6718
f 4116/4095/6719 4123/4096/6720 4078/4092/6721
f 4170/4091/6722 4164/4090/6723 4116/4095/6724
f 4078/4092/6725 4170/4091/6726 4116/4095/6727
f 4160/4157/6728 4185/4194/6729 4107/4196/6730
f 4107/4196/6731 4149/4160/6732 4144/4158/6733
f 4107/4196/6734 4144/4158/6735 4160/4157/6736
f 4128/4120/6737 4094/4184/6738 4161/4179/6739
f 4128/4120/6740 4161/4179/6741 4167/4117/6742
f 4140/4108/6743 4088/4107/6744 4158/4109/6745
f 4075/4167/6746 4081/4051/6747 4196/4052/6748
f 4075/4167/6749 4196/4052/6750 4193/4168/6751
f 4131/4187/6752 4175/4199/6753 4157/4200/6754
f 4131/4187/6755 4157/4200/6756 4099/4188/6757
f 4105/4201/6758 4097/4202/6759 4156/4186/6760
f 4105/4201/6761 4156/4186/6762 4148/4185/6763
f 4109/4082/6764 4114/4086/6765 4118/4131/6766
f 4109/4082/6767 4118/4131/6768 4070/4123/6769
f 4061/4101/6770 4146/4103/6771 4142/4206/6772
f 4061/4101/6773 4142/4206/6774 4089/4208/6775
f 4119/4135/6776 4115/4133/6777 4163/4126/6778
f 4163/4126/6779 4181/4127/6780 4137/4128/6781
f 4163/4126/6782 4137/4128/6783 4119/4135/6784
f 4188/4079/6785 4172/4175/6786 4048/4141/6787
f 4188/4079/6788 4048/4141/6789 4080/4059/6790
f 4180/4111/6791 4183/4106/6792 4135/4110/6793
f 4143/4137/6794 4152/4136/6795 4200/4129/6796
f 4200/4129/6797 4086/4130/6798 4091/4138/6799
f 4143/4137/6800 4200/4129/6801 4091/4138/6802
f 4176/4068/6803 4133/4181/6804 4194/4180/6805
f 4194/4180/6806 4197/4066/6807 4190/4067/6808
f 4194/4180/6809 4190/4067/6810 4176/4068/6811
f 4101/4083/6812 4182/4050/6813 4177/4061/6814
f 4189/4098/6815 4084/4099/6816 4126/4094/6817
f 4126/4094/6818 4201/4093/6819 4153/4097/6820
f 4189/4098/6821 4126/4094/6822 4153/4097/6823
f 4057/4048/6824 4051/4171/6825 4173/4169/6826
f 4057/4048/6827 4173/4169/6828 4130/4045/6829
f 4168/4063/6830 4074/4053/6831 4191/4065/6832
f 4155/4112/6833 4171/4161/6834 4187/4176/6835
f 4155/4112/6836 4187/4176/6837 4150/4115/6838
f 4076/4197/6839 4054/4198/6840 4049/4146/6841
f 4076/4197/6842 4049/4146/6843 4082/4147/6844
f 4192/4054/6845 4129/4162/6846 4169/4080/6847
f 4136/4191/6848 4184/4193/6849 4159/4156/6850
f 4136/4191/6851 4159/4156/6852 4090/4154/6853
f 4179/4205/6854 4103/4102/6855 4065/4100/6856
f 4179/4205/6857 4065/4100/6858 4134/4207/6859
f 4037/4119/6860 4042/4121/6861 4043/4183/6862
f 4043/4183/6863 4198/4178/6864 4124/4114/6865
f 4124/4114/6866 4039/4118/6867 4037/4119/6868
f 4043/4183/6869 4124/4114/6870 4037/4119/6871
f 4085/4132/6872 4199/4088/6873 4044/4085/6874
f 4044/4085/6875 4045/4122/6876 4046/4124/6877
f 4044/4085/6878 4046/4124/6879 4085/4132/6880
f 4186/4074/6881 4195/4073/6882 4079/4064/6883
f 4053/4081/6884 4127/4084/6885 4166/4062/6886
f 4053/4081/6887 4166/4062/6888 4073/4049/6889
f 4122/4076/6890 4059/4075/6891 4055/4069/6892
f 4122/4076/6893 4055/4069/6894 4077/4070/6895
f 4151/4203/6896 4141/4105/6897 4145/4104/6898
f 4151/4203/6899 4145/4104/6900 4154/4204/6901
g default
v -0.204499 0.030505 7.010252
v -0.204499 0.030505 7.010252
v -0.204499 0.030505 7.010252
v 0.138295 0.030504 6.494382
v 0.138295 0.030504 6.494382
v 0.138295 0.030504 6.494382
v 0.138305 0.030504 7.010252
v 0.138305 0.030504 7.010252
v 0.138305 0.030504 7.010252
v -0.204509 0.030505 6.494382
v -0.204509 0.030505 6.494382
v -0.204509 0.030505 6.494382
v 0.138295 16.022400 6.494400
v 0.138295 16.022400 6.494400
v 0.138295 16.022400 6.494400
v 0.138305 16.022400 7.010269
v 0.138305 16.022400 7.010269
v 0.138305 16.022400 7.010269
v -0.021302 16.075783 7.010249
v -0.021302 16.075783 7.010249
v -0.021302 16.075783 7.010249
v -0.204499 16.015299 7.010248
v -0.204499 16.015299 7.010248
v -0.204499 16.015299 7.010248
v -0.204509 16.015299 6.494379
v -0.204509 16.015299 6.494379
v -0.204509 16.015299 6.494379
v -0.021251 16.075783 6.494380
v -0.021251 16.075783 6.494380
v -0.021251 16.075783 6.494380
vt 2.916419 2.822844
vt -0.708158 2.822844
vt -0.761493 2.822844
vt -2.935952 2.822844
vt 2.913824 2.844088
vt -2.935952 2.844088
vt 2.935951 2.866887
vt 2.913824 2.886448
vt -0.825750 2.886449
vt -0.886892 2.886449
vt -2.780112 2.886449
vt -2.886739 2.886449
vt -2.935952 2.886449
vt 2.916419 2.886739
vt 2.916419 2.886739
vt -2.935952 2.886739
vt -2.935952 2.886739
vt 2.916419 2.887029
vt -0.708158 2.887029
vt -0.761493 2.887029
vt -2.935952 2.887030
vt 2.935951 2.906591
vt 2.913824 2.929390
vt -2.935952 2.929390
vt 2.913824 2.950634
vt -0.825750 2.950634
vt -0.886892 2.950634
vt -2.780112 2.950634
vt -2.886739 2.950634
vt -2.935952 2.950634
vn -0.313351 0.949637 -0.000000
vn -0.313351 0.949637 -0.000000
vn -0.313351 0.949637 -0.000000
vn -0.313352 0.949637 -0.000000
vn -0.313352 0.949637 -0.000000
vn -0.313352 0.949637 -0.000000
vn -0.000000 0.000000 1.000000
vn -0.000000 0.000000 1.000000
vn -0.000000 0.000000 1.000000
vn -0.000000 0.000000 1.000000
vn -0.000000 0.000000 1.000000
vn -0.000000 0.000000 1.000000
vn -0.000000 0.000000 1.000000
vn -0.000000 0.000000 1.000000
vn -0.000000 0.000000 1.000000
vn 0.000000 -1.000000 0.000000
vn 0.000000 -1.000000 0.000000
vn 0.000000 -1.000000 0.000000
vn 0.000000 -1.000000 -0.000000
vn 0.000000 -1.000000 -0.000000
vn 0.000000 -1.000000 -0.000000
vn 1.000000 0.000000 0.000000
vn 1.000000 0.000000 0.000000
vn 1.000000 0.000000 0.000000
vn 1.000000 0.000000 0.000000
vn 1.000000 0.000000 0.000000
vn 1.000000 0.000000 0.000000
vn 0.000000 -0.000000 -1.000000
vn 0.000000 -0.000000 -1.000000
vn 0.000000 -0.000000 -1.000000
vn 0.000000 -0.000000 -1.000000
vn 0.000000 -0.000000 -1.000000
vn 0.000000 -0.000000 -1.000000
vn 0.000000 -0.000000 -1.000000
vn 0.000000 -0.000000 -1.000000
vn 0.000000 -0.000000 -1.000000
vn 0.317235 0.948347 0.000000
vn 0.317235 0.948347 0.000000
vn 0.317235 0.948347 0.000000
vn 0.317235 0.948347 0.000000
vn 0.317235 0.948347 0.000000
vn 0.317235 0.948347 0.000000
vn -1.000000 -0.000000 -0.000000
vn -1.000000 -0.000000 -0.000000
vn -1.000000 -0.000000 -0.000000
vn -1.000000 -0.000000 -0.000000
vn -1.000000 -0.000000 -0.000000
vn -1.000000 -0.000000 -0.000000
s off
g Shed pasted__GFBXASC045penyanggaFBXASC032depanFBXASC032tengah
usemtl pasted__GFBXASC045penyanggaFBXASC032belakangFBXASC032kiriSG
f 4230/4269/6902 4227/4270/6903 4224/4253/6904
f 4230/4269/6905 4224/4253/6906 4221/4252/6907
f 4225/4266/6908 4204/4267/6909 4210/4260/6910
f 4210/4260/6911 4219/4258/6912 4222/4265/6913
f 4210/4260/6914 4222/4265/6915 4225/4266/6916
f 4203/4254/6917 4212/4271/6918 4206/4272/6919
f 4203/4254/6920 4206/4272/6921 4209/4255/6922
f 4214/4244/6923 4217/4261/6924 4208/4264/6925
f 4214/4244/6926 4208/4264/6927 4205/4247/6928
f 4207/4259/6929 4213/4249/6930 4228/4248/6931
f 4228/4248/6932 4231/4250/6933 4216/4257/6934
f 4228/4248/6935 4216/4257/6936 4207/4259/6937
f 4215/4246/6938 4229/4245/6939 4220/4262/6940
f 4215/4246/6941 4220/4262/6942 4218/4263/6943
f 4223/4251/6944 4226/4268/6945 4211/4273/6946
f 4223/4251/6947 4211/4273/6948 4202/4256/6949
g default
v 7.320382 4.745537 3.709418
v 7.320382 4.510190 3.709418
v 7.320381 4.745537 -0.689535
v 7.320381 4.510190 -0.689535
v 6.419806 4.523225 3.485709
v 6.419806 4.402667 3.485709
v 6.130065 4.523225 3.485709
v 6.130065 4.402667 3.485709
v 6.419806 4.523225 -0.465821
v 6.419806 4.402667 -0.465821
v 6.130065 4.523225 -0.465821
v 6.130065 4.402667 -0.465821
v 6.440049 4.651733 -0.348589
v 6.440049 3.377066 -0.348589
v 6.109821 4.651733 -0.348589
v 6.109821 3.377066 -0.348589
v 6.440049 4.651733 -0.581712
v 6.440049 3.377066 -0.581712
v 6.109821 4.651733 -0.581712
v 6.109821 3.377066 -0.581712
v 6.419806 4.508948 3.136949
v 6.419806 4.409300 3.230333
v 6.130065 4.508948 3.136949
v 6.130065 4.409300 3.230334
v 6.419806 3.677990 -0.444354
v 6.419806 3.578342 -0.350970
v 6.130065 3.677990 -0.444354
v 6.130065 3.578342 -0.350970
v 0.429490 4.745537 3.709418
v 0.429490 4.510190 3.709418
v 0.429490 4.745537 -0.689535
v 0.429490 4.510190 -0.689535
v 1.330065 4.523225 3.485709
v 1.330065 4.402667 3.485709
v 1.619805 4.523225 3.485709
v 1.619805 4.402667 3.485709
v 1.330065 4.523225 -0.465821
v 1.330065 4.402667 -0.465821
v 1.619805 4.523225 -0.465821
v 1.619805 4.402667 -0.465821
v 1.309821 4.651733 -0.348589
v 1.309821 3.377066 -0.348589
v 1.640049 4.651733 -0.348589
v 1.640049 3.377066 -0.348589
v 1.309821 4.651733 -0.581712
v 1.309821 3.377066 -0.581712
v 1.640049 4.651733 -0.581712
v 1.640049 3.377066 -0.581712
v 1.330065 4.508948 3.136949
v 1.330065 4.409300 3.230333
v 1.619805 4.508948 3.136949
v 1.619805 4.409300 3.230333
v 1.330065 3.677990 -0.444354
v 1.330065 3.578342 -0.350970
v 1.619805 3.677990 -0.444354
v 1.619806 3.578342 -0.350970
v 3.874935 4.510190 -0.689535
v 3.874935 4.745537 3.709418
v 3.874935 4.745537 -0.689535
v 3.874935 4.510190 3.709418
vt 0.375000 0.125000
vt 0.625000 0.125000
vt 0.625000 0.250000
vt 0.375000 0.250000
vt 0.625000 0.500000
vt 0.375000 0.500000
vt 0.625000 0.625000
vt 0.375000 0.625000
vt 0.125000 0.500000
vt 0.125000 0.625000
vt 0.875000 0.500000
vt 0.875000 0.625000
vt 0.375000 0.250000
vt 0.625000 0.250000
vt 0.375000 0.500000
vt 0.625000 0.500000
vt 0.125000 0.500000
vt 0.875000 0.500000
vt 0.625000 0.500000
vt 0.875000 0.500000
vt 0.875000 0.750000
vt 0.625000 0.750000
vt 0.375000 0.750000
vt 0.625000 1.000000
vt 0.375000 1.000000
vt 0.375000 0.000000
vt 0.625000 0.000000
vt 0.625000 0.250000
vt 0.375000 0.250000
vt 0.125000 0.500000
vt 0.375000 0.500000
vt 0.125000 0.750000
vt 0.625000 0.500000
vt 0.875000 0.500000
vt 0.875000 0.750000
vt 0.625000 0.750000
vt 0.375000 0.750000
vt 0.625000 1.000000
vt 0.375000 1.000000
vt 0.375000 0.000000
vt 0.625000 0.000000
vt 0.625000 0.250000
vt 0.375000 0.250000
vt 0.125000 0.500000
vt 0.375000 0.500000
vt 0.125000 0.750000
vt 0.625000 0.500000
vt 0.875000 0.500000
vt 0.875000 0.750000
vt 0.625000 0.750000
vt 0.375000 0.750000
vt 0.625000 1.000000
vt 0.375000 1.000000
vt 0.375000 0.000000
vt 0.625000 0.000000
vt 0.625000 0.250000
vt 0.375000 0.250000
vt 0.125000 0.500000
vt 0.375000 0.500000
vt 0.125000 0.750000
vt 0.625000 0.500000
vt 0.625000 0.750000
vt 0.875000 0.750000
vt 0.875000 0.500000
vt 0.375000 0.750000
vt 0.375000 1.000000
vt 0.625000 1.000000
vt 0.375000 0.000000
vt 0.375000 0.250000
vt 0.625000 0.250000
vt 0.625000 0.000000
vt 0.125000 0.500000
vt 0.125000 0.750000
vt 0.375000 0.500000
vt 0.625000 0.500000
vt 0.625000 0.750000
vt 0.875000 0.750000
vt 0.875000 0.500000
vt 0.375000 0.750000
vt 0.375000 1.000000
vt 0.625000 1.000000
vt 0.375000 0.000000
vt 0.375000 0.250000
vt 0.625000 0.250000
vt 0.625000 0.000000
vt 0.125000 0.500000
vt 0.125000 0.750000
vt 0.375000 0.500000
vt 0.625000 0.500000
vt 0.625000 0.750000
vt 0.875000 0.750000
vt 0.875000 0.500000
vt 0.375000 0.750000
vt 0.375000 1.000000
vt 0.625000 1.000000
vt 0.375000 0.000000
vt 0.375000 0.250000
vt 0.625000 0.250000
vt 0.625000 0.000000
vt 0.125000 0.500000
vt 0.125000 0.750000
vt 0.375000 0.500000
vn 0.000000 0.000000 -1.000000
vn 0.000000 0.000000 -1.000000
vn 0.000000 0.000000 -1.000000
vn 0.000000 0.000000 -1.000000
vn 1.000000 0.000000 0.000000
vn 1.000000 0.000000 0.000000
vn 1.000000 0.000000 0.000000
vn 1.000000 0.000000 0.000000
vn 0.000000 0.000000 1.000000
vn 0.000000 0.000000 1.000000
vn 0.000000 0.000000 1.000000
vn 0.000000 0.000000 1.000000
vn 0.000000 -1.000000 0.000000
vn 0.000000 -1.000000 0.000000
vn 0.000000 -1.000000 0.000000
vn 0.000000 -1.000000 0.000000
vn 0.000000 1.000000 0.000000
vn 0.000000 1.000000 0.000000
vn 0.000000 1.000000 0.000000
vn 0.000000 1.000000 0.000000
vn 0.000000 0.000000 -1.000000
vn 0.000000 0.000000 -1.000000
vn 0.000000 0.000000 -1.000000
vn 0.000000 0.000000 -1.000000
vn -1.000000 0.000000 0.000000
vn -1.000000 0.000000 0.000000
vn -1.000000 0.000000 0.000000
vn -1.000000 0.000000 0.000000
vn 0.000000 0.000000 1.000000
vn 0.000000 0.000000 1.000000
vn 0.000000 0.000000 1.000000
vn 0.000000 0.000000 1.000000
vn 0.000000 -1.000000 0.000000
vn 0.000000 -1.000000 0.000000
vn 0.000000 -1.000000 0.000000
vn 0.000000 -1.000000 0.000000
vn 0.000000 1.000000 0.000000
vn 0.000000 1.000000 0.000000
vn 0.000000 1.000000 0.000000
vn 0.000000 1.000000 0.000000
vn 0.000000 1.000000 0.000000
vn 0.000000 1.000000 0.000000
vn 0.000000 1.000000 0.000000
vn 0.000000 1.000000 0.000000
vn -1.000000 0.000000 0.000000
vn -1.000000 0.000000 0.000000
vn -1.000000 0.000000 0.000000
vn -1.000000 0.000000 0.000000
vn 0.000000 0.000000 -1.000000
vn 0.000000 0.000000 -1.000000
vn 0.000000 0.000000 -1.000000
vn 0.000000 0.000000 -1.000000
vn 0.000000 -1.000000 0.000000
vn 0.000000 -1.000000 0.000000
vn 0.000000 -1.000000 0.000000
vn 0.000000 -1.000000 0.000000
vn 0.000000 0.000000 1.000000
vn 0.000000 0.000000 1.000000
vn 0.000000 0.000000 1.000000
vn 0.000000 0.000000 1.000000
vn 1.000000 0.000000 0.000000
vn 1.000000 0.000000 0.000000
vn 1.000000 0.000000 0.000000
vn 1.000000 0.000000 0.000000
vn 0.000000 1.000000 0.000000
vn 0.000000 1.000000 0.000000
vn 0.000000 1.000000 0.000000
vn 0.000000 1.000000 0.000000
vn -1.000000 0.000000 0.000000
vn -1.000000 0.000000 0.000000
vn -1.000000 0.000000 0.000000
vn -1.000000 0.000000 0.000000
vn 0.000000 0.000000 -1.000000
vn 0.000000 0.000000 -1.000000
vn 0.000000 0.000000 -1.000000
vn 0.000000 0.000000 -1.000000
vn 0.000000 -1.000000 0.000000
vn 0.000000 -1.000000 0.000000
vn 0.000000 -1.000000 0.000000
vn 0.000000 -1.000000 0.000000
vn 0.000000 0.000000 1.000000
vn 0.000000 0.000000 1.000000
vn 0.000000 0.000000 1.000000
vn 0.000000 0.000000 1.000000
vn 1.000000 0.000000 0.000000
vn 1.000000 0.000000 0.000000
vn 1.000000 0.000000 0.000000
vn 1.000000 0.000000 0.000000
vn 0.000000 0.974115 -0.226053
vn 0.000000 0.974115 -0.226053
vn 0.000000 0.974115 -0.226053
vn 0.000000 0.974115 -0.226053
vn -1.000000 0.000000 0.000000
vn -1.000000 0.000000 0.000000
vn -1.000000 0.000000 0.000000
vn -1.000000 0.000000 0.000000
vn 0.000000 -0.683760 -0.729707
vn 0.000000 -0.683760 -0.729707
vn 0.000000 -0.683760 -0.729707
vn 0.000000 -0.683760 -0.729707
vn 0.000000 -0.974115 0.226053
vn 0.000000 -0.974115 0.226053
vn 0.000000 -0.974115 0.226053
vn 0.000000 -0.974115 0.226053
vn 0.000000 0.683760 0.729707
vn 0.000000 0.683760 0.729707
vn 0.000000 0.683760 0.729707
vn 0.000000 0.683760 0.729707
vn 1.000000 0.000000 0.000000
vn 1.000000 0.000000 0.000000
vn 1.000000 0.000000 0.000000
vn 1.000000 0.000000 0.000000
vn 0.000000 1.000000 0.000000
vn 0.000000 1.000000 0.000000
vn 0.000000 1.000000 0.000000
vn 0.000000 1.000000 0.000000
vn 1.000000 0.000000 0.000000
vn 1.000000 0.000000 0.000000
vn 1.000000 0.000000 0.000000
vn 1.000000 0.000000 0.000000
vn 0.000000 0.000000 -1.000000
vn 0.000000 0.000000 -1.000000
vn 0.000000 0.000000 -1.000000
vn 0.000000 0.000000 -1.000000
vn 0.000000 -1.000000 0.000000
vn 0.000000 -1.000000 0.000000
vn 0.000000 -1.000000 0.000000
vn 0.000000 -1.000000 0.000000
vn 0.000000 0.000000 1.000000
vn 0.000000 0.000000 1.000000
vn 0.000000 0.000000 1.000000
vn 0.000000 0.000000 1.000000
vn -1.000000 0.000000 0.000000
vn -1.000000 0.000000 0.000000
vn -1.000000 0.000000 0.000000
vn -1.000000 0.000000 0.000000
vn 0.000000 1.000000 0.000000
vn 0.000000 1.000000 0.000000
vn 0.000000 1.000000 0.000000
vn 0.000000 1.000000 0.000000
vn 1.000000 0.000000 0.000000
vn 1.000000 0.000000 0.000000
vn 1.000000 0.000000 0.000000
vn 1.000000 0.000000 0.000000
vn 0.000000 0.000000 -1.000000
vn 0.000000 0.000000 -1.000000
vn 0.000000 0.000000 -1.000000
vn 0.000000 0.000000 -1.000000
vn 0.000000 -1.000000 0.000000
vn 0.000000 -1.000000 0.000000
vn 0.000000 -1.000000 0.000000
vn 0.000000 -1.000000 0.000000
vn 0.000000 0.000000 1.000000
vn 0.000000 0.000000 1.000000
vn 0.000000 0.000000 1.000000
vn 0.000000 0.000000 1.000000
vn -1.000000 0.000000 0.000000
vn -1.000000 0.000000 0.000000
vn -1.000000 0.000000 0.000000
vn -1.000000 0.000000 0.000000
vn 0.000000 0.974115 -0.226053
vn 0.000000 0.974115 -0.226053
vn 0.000000 0.974115 -0.226053
vn 0.000000 0.974115 -0.226053
vn 1.000000 0.000000 0.000000
vn 1.000000 0.000000 0.000000
vn 1.000000 0.000000 0.000000
vn 1.000000 0.000000 0.000000
vn 0.000000 -0.683760 -0.729707
vn 0.000000 -0.683760 -0.729707
vn 0.000000 -0.683760 -0.729707
vn 0.000000 -0.683760 -0.729707
vn 0.000000 -0.974115 0.226053
vn 0.000000 -0.974115 0.226053
vn 0.000000 -0.974115 0.226053
vn 0.000000 -0.974115 0.226053
vn 0.000000 0.683760 0.729707
vn 0.000000 0.683760 0.729707
vn 0.000000 0.683760 0.729707
vn 0.000000 0.683760 0.729707
vn -1.000000 0.000000 0.000000
vn -1.000000 0.000000 0.000000
vn -1.000000 0.000000 0.000000
vn -1.000000 0.000000 0.000000
s off
g Shelves WallShelf1:Mesh
usemtl WallShelf1:Top
f 4288/4274/6950 4290/4275/6951 4234/4276/6952 4235/4277/6953
f 4235/4277/6954 4234/4276/6955 4232/4278/6956 4233/4279/6957
f 4233/4279/6958 4232/4278/6959 4289/4280/6960 4291/4281/6961
f 4235/4282/6962 4233/4279/6963 4291/4281/6964 4288/4283/6965
f 4232/4278/6966 4234/4284/6967 4290/4285/6968 4289/4280/6969
f 4288/4274/6970 4263/4286/6971 4262/4287/6972 4290/4275/6973
f 4263/4286/6974 4261/4288/6975 4260/4289/6976 4262/4287/6977
f 4261/4288/6978 4291/4281/6979 4289/4280/6980 4260/4289/6981
f 4263/4290/6982 4288/4283/6983 4291/4281/6984 4261/4288/6985
f 4260/4289/6986 4289/4280/6987 4290/4285/6988 4262/4291/6989
usemtl WallShelf1:Supports
f 4236/4292/6990 4240/4293/6991 4242/4294/6992 4238/4295/6993
f 4239/4296/6994 4238/4295/6995 4242/4297/6996 4243/4298/6997
f 4243/4299/6998 4242/4300/6999 4240/4301/7000 4241/4302/7001
f 4241/4303/7002 4237/4304/7003 4239/4296/7004 4243/4305/7005
f 4237/4304/7006 4236/4292/7007 4238/4295/7008 4239/4296/7009
f 4241/4302/7010 4240/4301/7011 4236/4292/7012 4237/4304/7013
f 4244/4306/7014 4248/4307/7015 4250/4308/7016 4246/4309/7017
f 4247/4310/7018 4246/4309/7019 4250/4311/7020 4251/4312/7021
f 4251/4313/7022 4250/4314/7023 4248/4315/7024 4249/4316/7025
f 4249/4317/7026 4245/4318/7027 4247/4310/7028 4251/4319/7029
f 4245/4318/7030 4244/4306/7031 4246/4309/7032 4247/4310/7033
f 4249/4316/7034 4248/4315/7035 4244/4306/7036 4245/4318/7037
f 4252/4320/7038 4256/4321/7039 4258/4322/7040 4254/4323/7041
f 4255/4324/7042 4254/4323/7043 4258/4325/7044 4259/4326/7045
f 4259/4327/7046 4258/4328/7047 4256/4329/7048 4257/4330/7049
f 4257/4331/7050 4253/4332/7051 4255/4324/7052 4259/4333/7053
f 4253/4332/7054 4252/4320/7055 4254/4323/7056 4255/4324/7057
f 4257/4330/7058 4256/4329/7059 4252/4320/7060 4253/4332/7061
f 4264/4334/7062 4266/4335/7063 4270/4336/7064 4268/4337/7065
f 4267/4338/7066 4271/4339/7067 4270/4340/7068 4266/4335/7069
f 4271/4341/7070 4269/4342/7071 4268/4343/7072 4270/4344/7073
f 4269/4345/7074 4271/4346/7075 4267/4338/7076 4265/4347/7077
f 4265/4347/7078 4267/4338/7079 4266/4335/7080 4264/4334/7081
f 4269/4342/7082 4265/4347/7083 4264/4334/7084 4268/4343/7085
f 4272/4348/7086 4274/4349/7087 4278/4350/7088 4276/4351/7089
f 4275/4352/7090 4279/4353/7091 4278/4354/7092 4274/4349/7093
f 4279/4355/7094 4277/4356/7095 4276/4357/7096 4278/4358/7097
f 4277/4359/7098 4279/4360/7099 4275/4352/7100 4273/4361/7101
f 4273/4361/7102 4275/4352/7103 4274/4349/7104 4272/4348/7105
f 4277/4356/7106 4273/4361/7107 4272/4348/7108 4276/4357/7109
f 4280/4362/7110 4282/4363/7111 4286/4364/7112 4284/4365/7113
f 4283/4366/7114 4287/4367/7115 4286/4368/7116 4282/4363/7117
f 4287/4369/7118 4285/4370/7119 4284/4371/7120 4286/4372/7121
f 4285/4373/7122 4287/4374/7123 4283/4366/7124 4281/4375/7125
f 4281/4375/7126 4283/4366/7127 4282/4363/7128 4280/4362/7129
f 4285/4370/7130 4281/4375/7131 4280/4362/7132 4284/4371/7133
